desertionNo,kindNm,colorCd,specialMark,sexCd,happenPlace,orgNm,processState,popfile1
448567202600729,믹스견,옅은 황색,"119 포획, 마취총 맞고 입소, 헤진 목줄 착용, 아직 마취 덜 풀려서 성향 파악 못함",F,의창구 대산면 우암리 101-1,경상남도 창원시 의창성산구,보호중,http://openapi.animal.go.kr/openapi/service/rest/fileDownloadSrvc/files/shelter/2026/05/202605251305634.jpg
448548202600502,믹스견,갈색,마을배회 ,M,합천 소방서,경상남도 합천군,보호중,http://openapi.animal.go.kr/openapi/service/rest/fileDownloadSrvc/files/shelter/2026/05/202605251205380.jpg
448548202600501,믹스견,갈색,마을배회 ,M,합천소방서,경상남도 합천군,보호중,http://openapi.animal.go.kr/openapi/service/rest/fileDownloadSrvc/files/shelter/2026/05/202605251205629.jpg
448540202600600,믹스견,흰색,"전염병감염위험, 케어필요",F,가야읍 함안소방서 119구조대,경상남도 함안군,보호중,http://openapi.animal.go.kr/openapi/service/rest/fileDownloadSrvc/files/shelter/2026/05/202605251505670.jpg
448540202600599,믹스견,흰색,"전염병감염위험, 케어필요",M,가야읍 함안소방서 119구조대,경상남도 함안군,보호중,http://openapi.animal.go.kr/openapi/service/rest/fileDownloadSrvc/files/shelter/2026/05/202605251505875.jpg
448540202600598,믹스견,흰색,"전염병감염위험, 케어필요",F,가야읍 함안소방서 119구조대,경상남도 함안군,보호중,http://openapi.animal.go.kr/openapi/service/rest/fileDownloadSrvc/files/shelter/2026/05/202605251505802.jpg
448540202600597,믹스견,갈색&검정&흰색,약간 소심한편,F,칠원읍 무기로 93,경상남도 함안군,보호중,http://openapi.animal.go.kr/openapi/service/rest/fileDownloadSrvc/files/shelter/2026/05/202605251505504.jpg
448540202600596,믹스견,갈색&흰색,온순함,M,군북면 오곡리 산 69,경상남도 함안군,보호중,http://openapi.animal.go.kr/openapi/service/rest/fileDownloadSrvc/files/shelter/2026/05/20260525150500.jpg
448540202600595,말티즈,흰색,전반적인 신체능력 노령화상태,M,가야읍 산서리 산 94-2,경상남도 함안군,보호중,http://openapi.animal.go.kr/openapi/service/rest/fileDownloadSrvc/files/shelter/2026/05/202605251505705.jpg
448540202600594,진도견,흰색,"전염병 감염위험, 케어필요, 부분피부질환",M,군북면 함안독립운동기념관,경상남도 함안군,보호중,http://openapi.animal.go.kr/openapi/service/rest/fileDownloadSrvc/files/shelter/2026/05/202605251505649.jpg
448540202600593,진도견,흰색,"전염병 감염위험 , 케어필요, 부분피부질환",F,군북면 함안독립운동기념관,경상남도 함안군,보호중,http://openapi.animal.go.kr/openapi/service/rest/fileDownloadSrvc/files/shelter/2026/05/20260525150577.jpg
448540202600592,믹스견,흰색,"전염병 감염위험 , 케어필요",F,법수면 백산리 농노,경상남도 함안군,보호중,http://openapi.animal.go.kr/openapi/service/rest/fileDownloadSrvc/files/shelter/2026/05/202605251505474.jpg
448540202600591,진도견,흰색,예민할수있다고 하여 지켜봐야함,M,법수면 사정안길 55,경상남도 함안군,보호중,http://openapi.animal.go.kr/openapi/service/rest/fileDownloadSrvc/files/shelter/2026/05/202605251505381.jpg
448540202600590,믹스견,갈색&검정,"애교많고 활동적임, 입양전제임시보호중",F,가야읍 산서6길 187-63,경상남도 함안군,보호중,http://openapi.animal.go.kr/openapi/service/rest/fileDownloadSrvc/files/shelter/2026/05/202605251505146[1].jpg
448540202600589,믹스견,갈색&검정,"전신피부질환, 온순함",M,함안휴게소 순천방향,경상남도 함안군,보호중,http://openapi.animal.go.kr/openapi/service/rest/fileDownloadSrvc/files/shelter/2026/05/202605251505110.jpg
448540202600588,믹스견,검정&흰색,온순함,M,칠북면 온천로 14,경상남도 함안군,보호중,http://openapi.animal.go.kr/openapi/service/rest/fileDownloadSrvc/files/shelter/2026/05/202605251505261.jpg
448540202600587,믹스견,검정색,"뒷다리 한쪽이 절단된상태 , 빨간색철물점목걸이착용",M,군북면 오곡리 산 69,경상남도 함안군,보호중,http://openapi.animal.go.kr/openapi/service/rest/fileDownloadSrvc/files/shelter/2026/05/202605251405688.jpg
448540202600586,믹스견,갈색&흰색,온순함,F,법수면 황사농공단지,경상남도 함안군,보호중,http://openapi.animal.go.kr/openapi/service/rest/fileDownloadSrvc/files/shelter/2026/05/20260525140537.jpg
448540202600585,믹스견,갈색&흰색,온순하고 예쁘게 생김,F,가야읍 시외버스터미널,경상남도 함안군,보호중,http://openapi.animal.go.kr/openapi/service/rest/fileDownloadSrvc/files/shelter/2026/05/202605251405208.jpg
448540202600584,진도견,흰색,"전염병 감염위험 , 케어필요",M,칠원읍 무기리 982-1,경상남도 함안군,보호중,http://openapi.animal.go.kr/openapi/service/rest/fileDownloadSrvc/files/shelter/2026/05/202605251405793.jpg
448540202600583,믹스견,검정&흰색,"전염병 감염위험 , 케어필요",M,군북면 오곡리 산 61-5,경상남도 함안군,보호중,http://openapi.animal.go.kr/openapi/service/rest/fileDownloadSrvc/files/shelter/2026/05/202605251405300.jpg
448540202600582,믹스견,검정&흰색,"전염병 감염위험 , 케어필요",M,군북면 오곡리 산 61-5,경상남도 함안군,보호중,http://openapi.animal.go.kr/openapi/service/rest/fileDownloadSrvc/files/shelter/2026/05/202605251405924.jpg
448540202600581,믹스견,흰색,"전염병 감염위험 , 케어필요",M,군북면 오곡리 산 61-5,경상남도 함안군,보호중,http://openapi.animal.go.kr/openapi/service/rest/fileDownloadSrvc/files/shelter/2026/05/20260525140574.jpg
448540202600580,믹스견,검정&흰색,"하늘색 목걸이착용 , 온순한편",F,칠원읍 무기리산 188-1,경상남도 함안군,보호중,http://openapi.animal.go.kr/openapi/service/rest/fileDownloadSrvc/files/shelter/2026/05/20260525140591.jpg
448540202600579,진도견,붉고 엷은 황갈색,"전염병 감염위험 , 케어필요",F,가야읍 새터길 136,경상남도 함안군,보호중,http://openapi.animal.go.kr/openapi/service/rest/fileDownloadSrvc/files/shelter/2026/05/20260525140524.jpg
448540202600578,믹스견,갈색&흰색,"전염병 감염위험 , 케어필요",M,가야읍 새터길 136,경상남도 함안군,보호중,http://openapi.animal.go.kr/openapi/service/rest/fileDownloadSrvc/files/shelter/2026/05/20260525140575.jpg
448540202600577,믹스견,갈색,"전염병 감염위험 , 케어필요",F,가야읍 새터길 136,경상남도 함안군,보호중,http://openapi.animal.go.kr/openapi/service/rest/fileDownloadSrvc/files/shelter/2026/05/202605251405475.jpg
448540202600576,믹스견,검정색,"전염병 감염위험 , 케어필요",M,산인면 모곡리 산 47-3,경상남도 함안군,보호중,http://openapi.animal.go.kr/openapi/service/rest/fileDownloadSrvc/files/shelter/2026/05/202605251405676.jpg
448540202600575,믹스견,검정색,"전염병 감염위험 , 케어필요",F,산인면 모곡리 산 47-3,경상남도 함안군,보호중,http://openapi.animal.go.kr/openapi/service/rest/fileDownloadSrvc/files/shelter/2026/05/202605251405577[1].jpg
448540202600574,진도견,흰색,"전염병 감염위험 , 케어필요",M,칠북면 이령2길 133,경상남도 함안군,보호중,http://openapi.animal.go.kr/openapi/service/rest/fileDownloadSrvc/files/shelter/2026/05/202605251405533.jpg
448540202600573,믹스견,흰색,"진드기 감염, 약간 겁이 있으나 시간을 주면 다가올듯 합니다.",F,칠북면 이령2길 133,경상남도 함안군,보호중,http://openapi.animal.go.kr/openapi/service/rest/fileDownloadSrvc/files/shelter/2026/05/202605251305233.jpg
448540202600572,진도견,흰색,약간 소심한편이나 호전가능성보임,F,대산면 송산로 621,경상남도 함안군,보호중,http://openapi.animal.go.kr/openapi/service/rest/fileDownloadSrvc/files/shelter/2026/05/202605251305220.jpg
448540202600571,믹스견,갈색&흰색,"전염병 감염위험 , 케어필요",M,칠원읍 쇠만이길 19,경상남도 함안군,보호중,http://openapi.animal.go.kr/openapi/service/rest/fileDownloadSrvc/files/shelter/2026/05/202605251305339.jpg
448540202600570,믹스견,갈색&흰색,"전염병 감염위험 , 케어필요",F,칠원읍 쇠만이길 19,경상남도 함안군,보호중,http://openapi.animal.go.kr/openapi/service/rest/fileDownloadSrvc/files/shelter/2026/05/202605251305581.jpg
448540202600569,믹스견,갈색&검정,"전염병 감염위험 , 케어필요",M,칠원읍 쇠만이길 19,경상남도 함안군,보호중,http://openapi.animal.go.kr/openapi/service/rest/fileDownloadSrvc/files/shelter/2026/05/202605251305506.jpg
448540202600568,믹스견,갈색&검정,"전염병 감염위험 , 케어필요",F,칠원읍 쇠만이길 19,경상남도 함안군,보호중,http://openapi.animal.go.kr/openapi/service/rest/fileDownloadSrvc/files/shelter/2026/05/202605251305880.jpg
448540202600567,믹스견,갈색&검정&흰색,"전염병 감염위험 , 케어필요",M,칠원읍 쇠만이길 19,경상남도 함안군,보호중,http://openapi.animal.go.kr/openapi/service/rest/fileDownloadSrvc/files/shelter/2026/05/202605251305455.jpg
448540202600566,믹스견,갈색&검정&흰색,"전염병 감염위험 , 케어필요",F,칠원읍 쇠만이길 19,경상남도 함안군,보호중,http://openapi.animal.go.kr/openapi/service/rest/fileDownloadSrvc/files/shelter/2026/05/202605251305628.jpg
448540202600565,믹스견,갈색&검정&흰색,"전염병 감염위험 , 케어필요",F,칠원읍 쇠만이길 19,경상남도 함안군,보호중,http://openapi.animal.go.kr/openapi/service/rest/fileDownloadSrvc/files/shelter/2026/05/202605251305529.jpg
448536202600425,믹스견,호반색(호랑이무늬),"멋진 호피, 예민한 모습을 보임",M,부북면,경상남도 밀양시,보호중,http://openapi.animal.go.kr/openapi/service/rest/fileDownloadSrvc/files/shelter/2026/05/202605250805405.jpeg
447508202600977,믹스견,갈색&흰색,얌전함 / 구충제 투여,M,검성지생태공원 ,경상북도 구미시,보호중,http://openapi.animal.go.kr/openapi/service/rest/fileDownloadSrvc/files/shelter/2026/05/202605251305369.jpg
447505202600522,믹스견,검정색,목에 상처가 있어서 치료 필요함.,F,산대리 부근,경상북도 경주시,보호중,http://openapi.animal.go.kr/openapi/service/rest/fileDownloadSrvc/files/shelter/2026/05/202605251405656.jpg
447505202600521,믹스견,갈색&검정,소심해서 친화노력이 필요함.,F,와산2길 부근,경상북도 경주시,보호중,http://openapi.animal.go.kr/openapi/service/rest/fileDownloadSrvc/files/shelter/2026/05/202605251405372.jpg
447505202600520,믹스견,검정&흰색,똘망똘망한 눈망울의 바둑이.,F,서악동 부근,경상북도 경주시,보호중,http://openapi.animal.go.kr/openapi/service/rest/fileDownloadSrvc/files/shelter/2026/05/202605251405595[1].jpg
447505202600519,믹스견,검정&흰색,귀여운 바둑이.,M,서악동 부근,경상북도 경주시,보호중,http://openapi.animal.go.kr/openapi/service/rest/fileDownloadSrvc/files/shelter/2026/05/202605251405957.jpg
447505202600518,믹스견,검정&흰색,성격이 까칠해서 만지기 어려움.,F,서악동 부근,경상북도 경주시,보호중,http://openapi.animal.go.kr/openapi/service/rest/fileDownloadSrvc/files/shelter/2026/05/202605251405888.jpg
447502202600312,푸들,검정색,"6개월 추정,겁 많고 소심함, 낯선곳에 와서 그런지 아직 쭈글 모드,적응하면 활발해질듯함",M,경상북도 포항시 남구 구룡포읍 구룡포리 954-34,경상북도 포항시,보호중,http://openapi.animal.go.kr/openapi/service/rest/fileDownloadSrvc/files/shelter/2026/05/202605251405865.jpg
447502202600311,믹스견,흰색,"1세 미만 추정, 애교 짱 많음 처음 보는 사람한테도 친절?하고 꼬리 흔들어주심",M,경상북도 포항시 북구 장미길 49 ,경상북도 포항시,보호중,http://openapi.animal.go.kr/openapi/service/rest/fileDownloadSrvc/files/shelter/2026/05/202605251405252.jpg
447502202600310,믹스견,흰색,"소심하고 겁이 많음,소심해서 구석에 찌그러져 있지만 온순한 편인듯함!",F,포항시 북구 죽장면 죽장로 1669번길62,경상북도 포항시,보호중,http://openapi.animal.go.kr/openapi/service/rest/fileDownloadSrvc/files/shelter/2026/05/202605251405956.jpg
445470202600682,포메라니안,기타(흰색갈색),"기아, 내외부 기생충",F,인월면 월평교,전북특별자치도 남원시,보호중,http://openapi.animal.go.kr/openapi/service/rest/fileDownloadSrvc/files/shelter/2026/05/202605251505968.jpg
445470202600676,믹스견,기타(믹스),순한 성격으로 사람을 잘 따르는 아이입니다.,F,대산면,전북특별자치도 남원시,보호중,http://openapi.animal.go.kr/openapi/service/rest/fileDownloadSrvc/files/shelter/2026/05/202605251405799[1].jpg
445467202601120,믹스견,갈색&흰색,4개월추정 경계심있음,F,북일길 115,전북특별자치도 군산시,보호중,http://openapi.animal.go.kr/openapi/service/rest/fileDownloadSrvc/files/shelter/2026/05/20260525110573.jpg
445464202601824,말티즈,흰색,전체미용됨,F,감수리46,전북특별자치도 전주시,보호중,http://openapi.animal.go.kr/openapi/service/rest/fileDownloadSrvc/files/shelter/2026/05/20260525140567.jpg
445464202601823,말티즈,흰색,전체미용됨,F,감수리46,전북특별자치도 전주시,보호중,http://openapi.animal.go.kr/openapi/service/rest/fileDownloadSrvc/files/shelter/2026/05/202605251405413.jpg
444462202600434,믹스견,검정색,순하고 얌전함,F,고남면 발화지길 243-7,충청남도 태안군,보호중,http://openapi.animal.go.kr/openapi/service/rest/fileDownloadSrvc/files/shelter/2026/05/202605251205635.jpg
444462202600433,믹스견,갈색,"예민하고 경계심이 많음,다리교상",F,안면읍 유황마지길 173-208,충청남도 태안군,보호중,http://openapi.animal.go.kr/openapi/service/rest/fileDownloadSrvc/files/shelter/2026/05/202605251105128.jpg
444462202600431,믹스견,흰색&황갈색,순하고 잘따름,M,남면 몽대로 33-35,충청남도 태안군,보호중,http://openapi.animal.go.kr/openapi/service/rest/fileDownloadSrvc/files/shelter/2026/05/202605251005535.jpg
444449202601175,포메라니안,흰색,칩 있음,M,동남구 위례성로 1465 근처,충청남도 천안시,종료(반환),http://openapi.animal.go.kr/openapi/service/rest/fileDownloadSrvc/files/shelter/2026/05/202605251105211.jpg
441407202600559,시베리안라이카,검정&황갈색&흰색,"녹색 목띠착용, 온순함",M,율면 산양리,경기도 이천시,보호중,http://openapi.animal.go.kr/openapi/service/rest/fileDownloadSrvc/files/shelter/2026/05/202605251205820.jpg
441400202600204,믹스견,갈색,전신피부병.식욕부진.,M,성호대로141,경기도 오산시,보호중,http://openapi.animal.go.kr/openapi/service/rest/fileDownloadSrvc/files/shelter/2026/05/202605251305742[1].jpg
441400202600203,믹스견,갈색&흰색,목줄.목걸이없음,F,성호대로141,경기도 오산시,보호중,http://openapi.animal.go.kr/openapi/service/rest/fileDownloadSrvc/files/shelter/2026/05/202605251005481.jpg
441399202600921,믹스견,갈색,착하고 사람 손길을 잘 따름,M,오남119안전센터,경기도 남양주시,보호중,http://openapi.animal.go.kr/openapi/service/rest/fileDownloadSrvc/files/shelter/2026/05/202605251505170.png
441394202601071,믹스견,흰색,없음,M,화전동840 부근,경기도 고양시,보호중,http://openapi.animal.go.kr/openapi/service/rest/fileDownloadSrvc/files/shelter/2026/05/202605251005421.jpg
441390202600201,요크셔 테리어,기타(갈흑),"순함,눈물자국심함",M,광북119안전센터에서 인수,경기도 광명시,보호중,http://openapi.animal.go.kr/openapi/service/rest/fileDownloadSrvc/files/shelter/2026/05/202605251505399.jpg
429362202600312,믹스견,흰색,26-0298  빵돌,M,북구 건국동,광주광역시 북구,보호중,http://openapi.animal.go.kr/openapi/service/rest/fileDownloadSrvc/files/shelter/2026/05/20260525100512.jpg
447512202600478,믹스견,흰색,108번이 낳은 새끼,F,보호소,경상북도 문경시,보호중,http://openapi.animal.go.kr/openapi/service/rest/fileDownloadSrvc/files/shelter/2026/05/202605251005166.jpg
447512202600477,믹스견,흰색,108번이 낳은 새끼,F,보호소,경상북도 문경시,보호중,http://openapi.animal.go.kr/openapi/service/rest/fileDownloadSrvc/files/shelter/2026/05/202605251005366[1].jpg
447512202600476,믹스견,흰색,108번이 낳은 새끼,M,보호소,경상북도 문경시,보호중,http://openapi.animal.go.kr/openapi/service/rest/fileDownloadSrvc/files/shelter/2026/05/20260525100591.jpg
447512202600475,믹스견,검정&흰색,108번이 낳은 새끼,M,보호소,경상북도 문경시,보호중,http://openapi.animal.go.kr/openapi/service/rest/fileDownloadSrvc/files/shelter/2026/05/202605251005362.jpg
448567202600728,믹스견,검정&흰색,"내장칩 있음, 보호자와 연락중",F,마산회원구 내서읍행정복지센터 공영주차장 ,경상남도 창원시 의창성산구,보호중,http://openapi.animal.go.kr/openapi/service/rest/fileDownloadSrvc/files/shelter/2026/05/202605250705774.jpg
441553202601816,믹스견,크림색,겁이 있으나 사람에대한 호기심이 잇음/ 작고 접힌 귀,M,우정읍 구슬1길인근,경기도 화성시,보호중,http://openapi.animal.go.kr/openapi/service/rest/fileDownloadSrvc/files/shelter/2026/05/202605251105446.jpg
427345202600268,포메라니안,갈색,.,M,산격동 1425,대구광역시 북구,보호중,http://openapi.animal.go.kr/openapi/service/rest/fileDownloadSrvc/files/shelter/2026/05/202605251105423.jpg
448543202600111,믹스견,흰색&황갈색,이동면 유기견 새끼,F,이동면 초양리,경상남도 남해군,보호중,http://openapi.animal.go.kr/openapi/service/rest/fileDownloadSrvc/files/shelter/2026/05/20260524160548.jpg
448537202601170,믹스견,갈색&검정,길가에서 발견. 빨간목줄착용.,M,문동동 189-2,경상남도 거제시,보호중,http://openapi.animal.go.kr/openapi/service/rest/fileDownloadSrvc/files/shelter/2026/05/20260524150510.jpg
448536202600424,믹스견,갈색&검정&흰색,"공고번호 285, 293의 동배, 매우 순함",F,상남면,경상남도 밀양시,보호중,http://openapi.animal.go.kr/openapi/service/rest/fileDownloadSrvc/files/shelter/2026/05/202605241105107.jpg
448536202600423,믹스견,갈색&검정&흰색,"공고번호 285의 동배, 매우 순함",M,상남면,경상남도 밀양시,보호중,http://openapi.animal.go.kr/openapi/service/rest/fileDownloadSrvc/files/shelter/2026/05/202605241005707.jpg
448536202600422,믹스견,갈색&흰색,덩치에 비해 작은 수제비 귀가 매력적,M,용평동,경상남도 밀양시,보호중,http://openapi.animal.go.kr/openapi/service/rest/fileDownloadSrvc/files/shelter/2026/05/202605241005243.jpg
448536202600421,믹스견,갈색&검정&흰색,"아직 아기, 앙증맞은 바둑이",M,산동,경상남도 밀양시,보호중,http://openapi.animal.go.kr/openapi/service/rest/fileDownloadSrvc/files/shelter/2026/05/202605241005678.jpg
448536202600420,믹스견,흰색,"듬직함, 사람에게는 호의적이나 대견 안좋음",M,가곡동,경상남도 밀양시,보호중,http://openapi.animal.go.kr/openapi/service/rest/fileDownloadSrvc/files/shelter/2026/05/20260524100551.jpg
448536202600419,믹스견,갈색&흰색,멋진 황색의 진도믹스,F,부북면,경상남도 밀양시,보호중,http://openapi.animal.go.kr/openapi/service/rest/fileDownloadSrvc/files/shelter/2026/05/202605241005130.jpg
448536202600418,믹스견,갈색&흰색,복슬복슬 발바리,M,청도면,경상남도 밀양시,보호중,http://openapi.animal.go.kr/openapi/service/rest/fileDownloadSrvc/files/shelter/2026/05/202605241005341.jpg
448536202600417,믹스견,갈색&검정&흰색,"두마리 꼬물이 자매, 이제 막 이가 자라는 중",F,부북면,경상남도 밀양시,보호중,http://openapi.animal.go.kr/openapi/service/rest/fileDownloadSrvc/files/shelter/2026/05/202605241005399.jpg
448536202600416,믹스견,검정색,"두마리 꼬물이 자매, 이제 막 이가 자라는 중",F,부북면,경상남도 밀양시,보호중,http://openapi.animal.go.kr/openapi/service/rest/fileDownloadSrvc/files/shelter/2026/05/202605241005431.jpg
448531202600901,믹스견,흰색&황갈색,겁많고 경계심있음 ,F,진주시 기술센터,경상남도 진주시,보호중,http://openapi.animal.go.kr/openapi/service/rest/fileDownloadSrvc/files/shelter/2026/05/202605241205899.jpg
446482202600186,말티즈,흰색,진료예정,F,아랫장,전라남도 순천시,보호중,http://openapi.animal.go.kr/openapi/service/rest/fileDownloadSrvc/files/shelter/2026/05/202605241205952.jpg
446480202600615,말티즈,기타(갈색),"체구가 작고 사회성좋음, 심야에 구조됨",M,동부광장,전라남도 목포시,종료(반환),http://openapi.animal.go.kr/openapi/service/rest/fileDownloadSrvc/files/shelter/2026/05/202605241705196.jpg
445467202601106,믹스견,흰색,보호소앞유기추정,M,대야면보덕안정길108-20,전북특별자치도 군산시,보호중,http://openapi.animal.go.kr/openapi/service/rest/fileDownloadSrvc/files/shelter/2026/05/202605241505101.jpg
445467202601095,믹스견,흰색&황갈색,2개월추정 순함,M,군산시 산단남북로 189번지,전북특별자치도 군산시,보호중,http://openapi.animal.go.kr/openapi/service/rest/fileDownloadSrvc/files/shelter/2026/05/202605241105245.jpg
445464202601815,믹스견,갈색&검정&흰색,순하고 귀여움,F,전주박물관 ,전북특별자치도 전주시,보호중,http://openapi.animal.go.kr/openapi/service/rest/fileDownloadSrvc/files/shelter/2026/05/202605241905799[1].jpg
444568202600278,골든 리트리버,갈색,순하고 사람 좋아함,M,당진시 송악읍 한진리 95-14,충청남도 당진시,보호중,http://openapi.animal.go.kr/openapi/service/rest/fileDownloadSrvc/files/shelter/2026/05/20260524110597.jpg
444449202601174,믹스견,갈색&검정&흰색,"개선충 심함, 순함, 4개월 추정",F,서북구 직산읍 군수1길 253-14 근처 ,충청남도 천안시,보호중,http://openapi.animal.go.kr/openapi/service/rest/fileDownloadSrvc/files/shelter/2026/05/202605241705749.jpg
444449202601172,믹스견,검정&흰색,"빨간색 목줄 착용, 순함, 겁 많음",F,동남구 목천읍 신계리5길 32,충청남도 천안시,보호중,http://openapi.animal.go.kr/openapi/service/rest/fileDownloadSrvc/files/shelter/2026/05/202605240905664.jpg
444449202601171,믹스견,갈색&흰색,"하네스 착용, 경계 심함",Q,서북구 성정동 축구센터 ,충청남도 천안시,보호중,http://openapi.animal.go.kr/openapi/service/rest/fileDownloadSrvc/files/shelter/2026/05/202605240905302.jpg
443571202601189,진도견,흰색,"초록+빨강 목줄 착용, 활발하고 순하고 착함",M,산성로 1107,충청북도 청주시,보호중,http://openapi.animal.go.kr/openapi/service/rest/fileDownloadSrvc/files/shelter/2026/05/202605241605157.jpg
442434202600263,진도견,흰색,순함,F,간성 터미널 앞,강원특별자치도 고성군,보호중,http://openapi.animal.go.kr/openapi/service/rest/fileDownloadSrvc/files/shelter/2026/05/202605241705694.jpg
441417202600591,믹스견,검정색,"파란,초록 얼룩무늬 목줄을 하고 있고,사람을 많이 무서워함",F,경기도 양평군 양평읍 원덕흑천길161번길 41-66 주변 수로,경기도 양평군,보호중,http://openapi.animal.go.kr/openapi/service/rest/fileDownloadSrvc/files/shelter/2026/05/202605241405586.jpg
441417202600590,시바,황갈색,동물등록 되어있으며 견주에게 반환 예정. 호기심이 많고 온순한 편이나 경계심이 있고 낯을 가림.,F,경기도 양평군 강상면 강남로 837-1 ,경기도 양평군,보호중,http://openapi.animal.go.kr/openapi/service/rest/fileDownloadSrvc/files/shelter/2026/05/202605241005521.png
441399202600907,믹스견,흰색,"목쪽 한변정도이 수술 자국이 있음, 사람 손길을 잘 따름",M,와부읍 119,경기도 남양주시,보호중,http://openapi.animal.go.kr/openapi/service/rest/fileDownloadSrvc/files/shelter/2026/05/202605241705409.png
441378202600662,믹스견,흰색,"폼피츠추정, 중성화 안되어있음",M,사기막골 45번길 42-4,경기도 성남시,보호중,http://openapi.animal.go.kr/openapi/service/rest/fileDownloadSrvc/files/shelter/2026/05/202605241305773.jpg
429361202600159,믹스견,갈색&흰색,"26-0297, 칩없음, 순함, 빨간색목줄과 아보카도 목줄 2개 착용",M,남구 송하동,광주광역시 남구,보호중,http://openapi.animal.go.kr/openapi/service/rest/fileDownloadSrvc/files/shelter/2026/05/202605241405878.jpg
411321202600187,믹스견,노란색,"겁 많고, 얌전, 순함. 표정이 억울하게 생김.",F,서초구 전원말8길 7-6,서울특별시 서초구,보호중,http://openapi.animal.go.kr/openapi/service/rest/fileDownloadSrvc/files/shelter/2026/05/202605241305548.jpg
427342202600313,믹스견,흰색&황갈색,백내장,F,신천 119,대구광역시 동구,보호중,http://openapi.animal.go.kr/openapi/service/rest/fileDownloadSrvc/files/shelter/2026/05/202605251005412.jpg
445467202601094,믹스견,흰색&갈색&탄,2개월추정 순함,M,군산시 산단남북로 189번지,전북특별자치도 군산시,보호중,http://openapi.animal.go.kr/openapi/service/rest/fileDownloadSrvc/files/shelter/2026/05/202605241105293.jpg
445467202601093,믹스견,갈색,2개월추정 순함,M,군산시 산단남북로 189번지,전북특별자치도 군산시,보호중,http://openapi.animal.go.kr/openapi/service/rest/fileDownloadSrvc/files/shelter/2026/05/202605241105316.jpg
445467202601092,믹스견,흰색,2개월추정 순함,F,군산시 산단남북로 189번지,전북특별자치도 군산시,보호중,http://openapi.animal.go.kr/openapi/service/rest/fileDownloadSrvc/files/shelter/2026/05/20260524110575.jpg
445467202601091,미디엄 푸들,어두운회색,10살이상 추정 칩o 보호자 연락중,M,군산대 신전?볶이,전북특별자치도 군산시,종료(반환),http://openapi.animal.go.kr/openapi/service/rest/fileDownloadSrvc/files/shelter/2026/05/202605241105474.jpg
445467202601090,말티즈,흰색,3살추정 순함 칩x,F,군산 24제일병원,전북특별자치도 군산시,종료(반환),http://openapi.animal.go.kr/openapi/service/rest/fileDownloadSrvc/files/shelter/2026/05/202605241105292.jpg
442419202600370,치와와,갈색&흰색,뒷다리 쓸개골,M,태장윤헤어샵앞,강원특별자치도 원주시,보호중,http://openapi.animal.go.kr/openapi/service/rest/fileDownloadSrvc/files/shelter/2026/05/202605241605949.jpg
430366202600261,믹스견,검정색,목태,M,탄방동72-1 인근,대전광역시 서구,보호중,http://openapi.animal.go.kr/openapi/service/rest/fileDownloadSrvc/files/shelter/2026/05/202605241505631.png
428351202600314,포메라니안,흰색,털엉킴이 심하고 피부가 안 좋은 편임,M,주안로35번길12 삼원아파트 앞,인천광역시 미추홀구,보호중,http://openapi.animal.go.kr/openapi/service/rest/fileDownloadSrvc/files/shelter/2026/05/202605241505807.jpg
428351202600313,믹스견,흰색,정리하기 어려울 정도로 털이 심하게 엉켜있고 피부병이 있음 ,M,주안동197-11 정다운 가 앞,인천광역시 미추홀구,보호중,http://openapi.animal.go.kr/openapi/service/rest/fileDownloadSrvc/files/shelter/2026/05/202605241505454.jpg
448567202600727,푸들,갈색,"내장칩 있음, 분실 신고도 접수된 아이, 보호자와 연락됨",F,마산회원구 합성동 87-29,경상남도 창원시 의창성산구,종료(반환),http://openapi.animal.go.kr/openapi/service/rest/fileDownloadSrvc/files/shelter/2026/05/202605231405916.jpg
448547202600407,믹스견,갈색&검정,경계,M,경상남도 거창군 북상면 병곡길 447-11,경상남도 거창군,보호중,http://openapi.animal.go.kr/openapi/service/rest/fileDownloadSrvc/files/shelter/2026/05/202605231405633.jpg
448547202600406,믹스견,크림색,경계,M,경상남도 거창군 북상면 병곡길 447-11,경상남도 거창군,보호중,http://openapi.animal.go.kr/openapi/service/rest/fileDownloadSrvc/files/shelter/2026/05/202605231405755.jpg
448541202600817,푸들,검정색, 최근 유실,M,영산 파출소,경상남도 창녕군,보호중,http://openapi.animal.go.kr/openapi/service/rest/fileDownloadSrvc/files/shelter/2026/05/202605232105497.jpg
448541202600816,믹스견,흰색, 최근 유실,M,성산면 안심마을,경상남도 창녕군,보호중,http://openapi.animal.go.kr/openapi/service/rest/fileDownloadSrvc/files/shelter/2026/05/202605232105692.jpg
447521202600247,말티즈,흰색,"엄청예쁘고, ?발함",F,선남면 선노로 540-9,경상북도 성주군,보호중,http://openapi.animal.go.kr/openapi/service/rest/fileDownloadSrvc/files/shelter/2026/05/20260523110586.jpg
447502202600306,믹스견,갈색&흰색,"소심하지만 사람손을 피하지는 않음!,낯선 환경이라 아직 쫄아있는듯 적응되면 좋아질듯함!",F,포항시 북구 죽장면 죽장로 1669번길62,경상북도 포항시,보호중,http://openapi.animal.go.kr/openapi/service/rest/fileDownloadSrvc/files/shelter/2026/05/202605231505951.jpg
447502202600305,믹스견,흰색,"온순하고 사람 잘 따름,표정부터 순딩순당하게 생겨서는 동네에 하나쯤 있을법한 인싸 강아지 같음",M,포항시 북구 죽장면 죽장로 1669번길62,경상북도 포항시,보호중,http://openapi.animal.go.kr/openapi/service/rest/fileDownloadSrvc/files/shelter/2026/05/202605231505768.jpg
446496202600182,믹스견,흰색,경계심,M,학교면 함영로 푸르메,전라남도 함평군,보호중,http://openapi.animal.go.kr/openapi/service/rest/fileDownloadSrvc/files/shelter/2026/05/202605230905691.jpg
446483202600741,믹스견,기타(흰갈검),뒷마당및주변에매일출몰 포획틀에구조,F,나주시세지면지평로57,전라남도 나주시,보호중,http://openapi.animal.go.kr/openapi/service/rest/fileDownloadSrvc/files/shelter/2026/05/202605231505299.jpg
443571202601185,믹스견,흰색,작은 포메 아주 순한아이 ,F,용암동 용암광장,충청북도 청주시,보호중,http://openapi.animal.go.kr/openapi/service/rest/fileDownloadSrvc/files/shelter/2026/05/202605231705731.jpg
443571202601184,믹스견,흰색,"눈 백탁 있음, 조금 예민함 ",M,남이면 양촌 골프장 수로에서 발견,충청북도 청주시,종료(반환),http://openapi.animal.go.kr/openapi/service/rest/fileDownloadSrvc/files/shelter/2026/05/202605231705173.jpg
443447202600271,믹스견,갈색,성격온순(사람을 기피함),M,음성소방서(금왕),충청북도 음성군,보호중,http://openapi.animal.go.kr/openapi/service/rest/fileDownloadSrvc/files/shelter/2026/05/20260523150511.jpg
442418202600613,믹스견,기타(연갈색),온순함,M,석사동 695,강원특별자치도 춘천시,보호중,http://openapi.animal.go.kr/openapi/service/rest/fileDownloadSrvc/files/shelter/2026/05/202605231105937.jpg
441570202600244,믹스견,크림색,온순함,M,흥천면 신근리,경기도 여주시,보호중,http://openapi.animal.go.kr/openapi/service/rest/fileDownloadSrvc/files/shelter/2026/05/202605232305869.jpg
441570202600243,믹스견,옅은 황색,온순함,F,흥천면 신근리,경기도 여주시,보호중,http://openapi.animal.go.kr/openapi/service/rest/fileDownloadSrvc/files/shelter/2026/05/202605232305738.jpg
441570202600242,진도견,붉고 엷은 황갈색,"사람을 좋아하며, 매우온순함",F,대신면 가산리,경기도 여주시,보호중,http://openapi.animal.go.kr/openapi/service/rest/fileDownloadSrvc/files/shelter/2026/05/202605232305364.jpg
441570202600241,진도견,붉고 엷은 황갈색,"사람을 좋아하며, 매우온순함",F,대신면 가산리,경기도 여주시,보호중,http://openapi.animal.go.kr/openapi/service/rest/fileDownloadSrvc/files/shelter/2026/05/202605232305392.jpg
441570202600240,진도견,붉고 엷은 황갈색,"사람을 좋아하며, 매우온순함",F,대신면 가산리,경기도 여주시,보호중,http://openapi.animal.go.kr/openapi/service/rest/fileDownloadSrvc/files/shelter/2026/05/202605232305990.jpg
441570202600239,믹스견,기타(흰색크림색),매우온순함,F,가남읍 양귀리,경기도 여주시,보호중,http://openapi.animal.go.kr/openapi/service/rest/fileDownloadSrvc/files/shelter/2026/05/202605232305147.jpg
441570202600238,진도견,흰색,매우온순함,F,가남읍 본두리,경기도 여주시,보호중,http://openapi.animal.go.kr/openapi/service/rest/fileDownloadSrvc/files/shelter/2026/05/202605232305216.jpg
441570202600237,믹스견,검정색,"빨간색 목띠착용, 매우온순함",F,가업동 웅골로,경기도 여주시,보호중,http://openapi.animal.go.kr/openapi/service/rest/fileDownloadSrvc/files/shelter/2026/05/202605232305546.jpg
441570202600236,푸들,검정색,"파란색 목띠착용, 매우온순함",M,가업동 웅골로,경기도 여주시,보호중,http://openapi.animal.go.kr/openapi/service/rest/fileDownloadSrvc/files/shelter/2026/05/20260523220575.jpg
441407202600558,진도견,흰색,매우온순함,M,부발읍 대관리,경기도 이천시,보호중,http://openapi.animal.go.kr/openapi/service/rest/fileDownloadSrvc/files/shelter/2026/05/202605232205135.jpg
441407202600557,믹스견,기타(황색흰색),매우온순함,F,부발읍 대관리,경기도 이천시,보호중,http://openapi.animal.go.kr/openapi/service/rest/fileDownloadSrvc/files/shelter/2026/05/202605232205881.jpg
441402202600275,믹스견,기타(백),"순함,부정교합심함",M,군포시청 당직실에서 인수,경기도 군포시,보호중,http://openapi.animal.go.kr/openapi/service/rest/fileDownloadSrvc/files/shelter/2026/05/202605231505464.jpg
441401202600529,푸들,흰색,"겁이 있지만 금방 적응하는 편, 좌측 눈 충혈된 상태로 발견",M,정왕동 1558-12,경기도 시흥시,보호중,http://openapi.animal.go.kr/openapi/service/rest/fileDownloadSrvc/files/shelter/2026/05/202605231405158.jpg
441401202600528,말티즈,크림색,"목줄과 리드줄 착용한 상태로 발견, 소심하지만 사람 좋아하는 편",M,미산동 321-22,경기도 시흥시,보호중,http://openapi.animal.go.kr/openapi/service/rest/fileDownloadSrvc/files/shelter/2026/05/202605231405535.jpg
441399202600906,푸들,흰색,착하고 사람 손길을 잘 따름,M,호평동 체육문화센터,경기도 남양주시,종료(반환),http://openapi.animal.go.kr/openapi/service/rest/fileDownloadSrvc/files/shelter/2026/05/202605231405470.png
441399202600905,믹스견,갈색,착하고 사람 손길을 잘 따름,M,화도119,경기도 남양주시,종료(반환),http://openapi.animal.go.kr/openapi/service/rest/fileDownloadSrvc/files/shelter/2026/05/202605231405895.png
441399202600904,진도견,흰색,착하고 사람 손길을 잘 따름,M,경춘로470,경기도 남양주시,종료(반환),http://openapi.animal.go.kr/openapi/service/rest/fileDownloadSrvc/files/shelter/2026/05/202605231505240.png
441399202600903,믹스견,갈색&흰색,경계가 있으며 겁이 많음,M,진접읍 금곡리 995,경기도 남양주시,보호중,http://openapi.animal.go.kr/openapi/service/rest/fileDownloadSrvc/files/shelter/2026/05/202605231405715.png
441391202600922,푸들,회색,"한번씩 입질, 겁 많고 귀여움",M,세교동 모산골 공원 인근,경기도 평택시,보호중,http://openapi.animal.go.kr/openapi/service/rest/fileDownloadSrvc/files/shelter/2026/05/202605231505680.jpg
441391202600921,믹스견,레몬색&흰색,매우 온순하나 겁 많음,F,안중리 479-1,경기도 평택시,보호중,http://openapi.animal.go.kr/openapi/service/rest/fileDownloadSrvc/files/shelter/2026/05/202605231105705.jpg
441391202600920,믹스견,크림색,"전신 피부병, 입질 있음",F,오성면 죽리길114번지,경기도 평택시,보호중,http://openapi.animal.go.kr/openapi/service/rest/fileDownloadSrvc/files/shelter/2026/05/202605231105964.jpg
441386202600677,포메라니안,"기타(흰색,갈색)","(입소당시) 관리 되어보임, 귀여움, 순함, 약간 예민함",F,상오정로 11,경기도 부천시,종료(반환),http://openapi.animal.go.kr/openapi/service/rest/fileDownloadSrvc/files/shelter/2026/05/202605231205351.jpg
429362202600306,말티즈,흰색,26-0296,M,북구 동림동,광주광역시 북구,종료(반환),http://openapi.animal.go.kr/openapi/service/rest/fileDownloadSrvc/files/shelter/2026/05/202605231305295.jpg
445472202600335,믹스견,검정 황갈색&흰색,순함,M,화산면 춘산로105-15 ,전북특별자치도 완주군,보호중,http://openapi.animal.go.kr/openapi/service/rest/fileDownloadSrvc/files/shelter/2026/05/202605231405381.jpg
445472202600334,믹스견,갈색,50일령강아지,M,봉동읍 낙평리 655-1 ,전북특별자치도 완주군,보호중,http://openapi.animal.go.kr/openapi/service/rest/fileDownloadSrvc/files/shelter/2026/05/202605231405447.jpg
445472202600333,믹스견,갈색,50일령강아지,M,봉동읍 낙평리 655-1 ,전북특별자치도 완주군,보호중,http://openapi.animal.go.kr/openapi/service/rest/fileDownloadSrvc/files/shelter/2026/05/202605231405563.jpg
444457202600285,믹스견,회색(회청색)바탕에 검정얼룩무늬,.,M,양화면 충절로 267-6,충청남도 부여군,보호중,http://openapi.animal.go.kr/openapi/service/rest/fileDownloadSrvc/files/shelter/2026/05/202605241405624.jpg
442420202600262,믹스견,갈색,6개월 미만 어린 자견,F,모산로 가정집 부근,강원특별자치도 강릉시,보호중,http://openapi.animal.go.kr/openapi/service/rest/fileDownloadSrvc/files/shelter/2026/05/202605241205722.jpg
442419202600369,믹스견,갈색,"2개월정도, 경계심",F,살대울모래기길,강원특별자치도 원주시,보호중,http://openapi.animal.go.kr/openapi/service/rest/fileDownloadSrvc/files/shelter/2026/05/202605241605222.jpg
442419202600368,믹스견,갈색&흰색,"크림색, 마른편",M,살대울모래기길,강원특별자치도 원주시,보호중,http://openapi.animal.go.kr/openapi/service/rest/fileDownloadSrvc/files/shelter/2026/05/202605241605370.jpg
442419202600367,믹스견,검정색,"짖음심함, 보더콜리믹스",M,동보렉스2차근처,강원특별자치도 원주시,보호중,http://openapi.animal.go.kr/openapi/service/rest/fileDownloadSrvc/files/shelter/2026/05/202605241605657.jpg
450650202601243,믹스견,갈색,개체관리번호 1052 - 6개월,M,서귀포시 성산읍 온평리 2612,제주특별자치도,보호중,http://openapi.animal.go.kr/openapi/service/rest/fileDownloadSrvc/files/shelter/2026/05/202605230905230.jpg
450650202601242,믹스견,흰색,개체관리번호 1051,F,서귀포시 성산읍 온평리 2612,제주특별자치도,보호중,http://openapi.animal.go.kr/openapi/service/rest/fileDownloadSrvc/files/shelter/2026/05/20260523090551.jpg
450650202601241,믹스견,갈색,개체관리번호 1050 ,M,서귀포시 성산읍 온평리 2612,제주특별자치도,보호중,http://openapi.animal.go.kr/openapi/service/rest/fileDownloadSrvc/files/shelter/2026/05/202605230905936.jpg
450650202601240,믹스견,갈색,개체관리번호 1049 - 빨간노끈,M,제주시 노형동 월랑로1 노형종합크리닉 인근,제주특별자치도,보호중,http://openapi.animal.go.kr/openapi/service/rest/fileDownloadSrvc/files/shelter/2026/05/202605230905934.jpg
448567202600725,믹스견,흰색,"내장칩 있음, 포획 업체 현장 반환",M,마산합포구 진북면 덕곡리 85-1,경상남도 창원시 의창성산구,종료(반환),http://openapi.animal.go.kr/openapi/service/rest/fileDownloadSrvc/files/shelter/2026/05/202605230705211.jpg
446493202600120,기타,검정색,사람을 잘따름.,M,황산면 병온리,전라남도 해남군,보호중,http://openapi.animal.go.kr/openapi/service/rest/fileDownloadSrvc/files/shelter/2026/05/202605221605205.jpg
446493202600119,믹스견,갈색&흰색,사람을 경계함.,F,송지면 서정리,전라남도 해남군,보호중,http://openapi.animal.go.kr/openapi/service/rest/fileDownloadSrvc/files/shelter/2026/05/202605221405864.jpg
446483202600740,믹스견,갈색&흰색,영남복재상가앞주변에서구조,M,나주시풍물시장2길52,전라남도 나주시,보호중,http://openapi.animal.go.kr/openapi/service/rest/fileDownloadSrvc/files/shelter/2026/05/202605231505882[1].jpg
443447202600270,말티즈,회색,사람을 잘 따름(성격 온순),M,금왕읍 유포리 106,충청북도 음성군,보호중,http://openapi.animal.go.kr/openapi/service/rest/fileDownloadSrvc/files/shelter/2026/05/202605231305128.jpg
441554202601075,믹스견,갈색,"5-74, 2개월령, 조금 소심, 귀여운 강아지",F,광주시 곤지암읍 건업리 일대,경기도 광주시,보호중,http://openapi.animal.go.kr/openapi/service/rest/fileDownloadSrvc/files/shelter/2026/05/202605231605817.jpg
441553202601795,믹스견,크림색,겁이많은 강아지/ 경계심은 없어보임/ 귀여운외모,F,남양읍 문호리인근,경기도 화성시,보호중,http://openapi.animal.go.kr/openapi/service/rest/fileDownloadSrvc/files/shelter/2026/05/202605231405665[1].jpg
441553202601794,믹스견,갈색&검정,순해보이는 외모/ 호기심이 있음/ 경계심은 없어보임,M,남양읍 문호리인근,경기도 화성시,보호중,http://openapi.animal.go.kr/openapi/service/rest/fileDownloadSrvc/files/shelter/2026/05/202605231405454.jpg
441406202600547,믹스견,흰색,눈곱. 코 팥죽색. 진드기 오염. 얌전. 털 상태 불량. 꼬리단미안됨. 우전지 올무.,M,경기 파주시 파평면 청송로 173 인근,경기도 파주시,보호중,http://openapi.animal.go.kr/openapi/service/rest/fileDownloadSrvc/files/shelter/2026/05/202605231705220.jpg
441393202600642,믹스견,기타(갈흑백),"5개월추정,순함",F,사동290 부근,경기도 안산시,보호중,http://openapi.animal.go.kr/openapi/service/rest/fileDownloadSrvc/files/shelter/2026/05/202605230905651.jpg
441393202600641,믹스견,기타(백갈),"6개월추정,순함",M,사동290 부근,경기도 안산시,보호중,http://openapi.animal.go.kr/openapi/service/rest/fileDownloadSrvc/files/shelter/2026/05/202605230905180.jpg
441393202600640,믹스견,기타(갈흑),"6개월,순함",M,사동290 부근,경기도 안산시,보호중,http://openapi.animal.go.kr/openapi/service/rest/fileDownloadSrvc/files/shelter/2026/05/202605230905140.jpg
441390202600194,믹스견,기타(백갈),"교통사고추정,입소시자연사",M,광명시청에서 인수,경기도 광명시,종료(자연사),http://openapi.animal.go.kr/openapi/service/rest/fileDownloadSrvc/files/shelter/2026/05/202605231205323.jpg
441382202600417,시츄,기타(갈/흰),코 검정. 눈물자국. 콧물. 진드기오염. 양 귀 외이염. 친화적. 꼬리단미안됨. 털 상태 양호.,M,경기 의정부시 둔야로 57 (가능동) 인근,경기도 의정부시,보호중,http://openapi.animal.go.kr/openapi/service/rest/fileDownloadSrvc/files/shelter/2026/05/202605231705377.jpg
427342202600304,페키니즈,흰색,"백내장, 미용, 피부병, 회색옷 착용",M,화랑로11길 14,대구광역시 동구,보호중,http://openapi.animal.go.kr/openapi/service/rest/fileDownloadSrvc/files/shelter/2026/05/202605230905445.jpg
411316202600401,믹스견,검정&흰색,코검정. 콧물. 전선피부질환. 유선발달. 양 눈 백내장. 친화적. 꼬리단미됨. 털 상태 불량.,F,서울 구로구 구로중앙로 174 (구로동) 인근,서울특별시 구로구,보호중,http://openapi.animal.go.kr/openapi/service/rest/fileDownloadSrvc/files/shelter/2026/05/20260523160581[1].jpg
411316202600400,믹스견,검정&흰색,빨간바탕에 노란 줄무늬 목걸이 착용. 회색 리드줄. 코 검정. 친화적. 활발. 꼬리단미안됨. 털 상태 양호.,F,서울 구로구 벚꽃로 392 (구로동) 인근,서울특별시 구로구,보호중,http://openapi.animal.go.kr/openapi/service/rest/fileDownloadSrvc/files/shelter/2026/05/202605231605809.jpg
411315202600397,믹스견,흰색,코 검정. 심한눈꼽. 피부질환. 좌안 못뜸. 유선발달. 양 눈 백내장. 치석. 얌전. 온순. ,F,서울 강서구 방화대로47가길 22 인근,서울특별시 강서구,보호중,http://openapi.animal.go.kr/openapi/service/rest/fileDownloadSrvc/files/shelter/2026/05/202605231705521.jpg
411315202600396,믹스견,흰색,코 팥죽색. 눈물자국. 눈곱. 치석. 피부질환. 유선발달. 겁있음. 온순. 꼬리단미안됨. 털 상태 양호.,F,서울 강서구 화곡동 824-6 인근,서울특별시 강서구,보호중,http://openapi.animal.go.kr/openapi/service/rest/fileDownloadSrvc/files/shelter/2026/05/202605231705139.jpg
450650202601244,믹스견,검정색,개체관리번호 1048 ,M,제주시 연동 연북로 82 ,제주특별자치도,보호중,http://openapi.animal.go.kr/openapi/service/rest/fileDownloadSrvc/files/shelter/2026/05/202605230905446.jpg
448547202600405,믹스견,갈색,순함,M,경남 거창군 거창읍 김용길 57-4,경상남도 거창군,보호중,http://openapi.animal.go.kr/openapi/service/rest/fileDownloadSrvc/files/shelter/2026/05/202605221905539.jpg
448541202600815,믹스견,검정색, 최근 유실,F,남지읍 마산리,경상남도 창녕군,보호중,http://openapi.animal.go.kr/openapi/service/rest/fileDownloadSrvc/files/shelter/2026/05/202605222205651.jpg
448537202601169,믹스견,흰색,칩없음. ,F,수양로 152,경상남도 거제시,보호중,http://openapi.animal.go.kr/openapi/service/rest/fileDownloadSrvc/files/shelter/2026/05/202605221605638.jpg
448537202601168,믹스견,갈색&검정&흰색,경계함. 포획틀에 잡힘,F,대포길 59-8,경상남도 거제시,보호중,http://openapi.animal.go.kr/openapi/service/rest/fileDownloadSrvc/files/shelter/2026/05/202605221605989[2].jpg
448534202600515,믹스견,흰색&황갈색,빨간 목줄 착용,F,곤양 면사무소,경상남도 사천시,보호중,http://openapi.animal.go.kr/openapi/service/rest/fileDownloadSrvc/files/shelter/2026/05/202605221005313.jpg
448533202600311,믹스견,흰색,생후 3살 추정(2026.05.22기준) ,F,용남면 동달리 1207번지 농장,경상남도 통영시,보호중,http://openapi.animal.go.kr/openapi/service/rest/fileDownloadSrvc/files/shelter/2026/05/202605221105517.jpg
448531202600898,믹스견,갈색&흰색,순하고 착함 ,M,진주시 충무공동 189,경상남도 진주시,종료(반환),http://openapi.animal.go.kr/openapi/service/rest/fileDownloadSrvc/files/shelter/2026/05/202605221605811.jpg
447513202600599,믹스견,갈색,"생후 3개월령 추정, 인근 교회 옆에서 발견하여 구조",M,남산 산양리,경상북도 경산시,보호중,http://openapi.animal.go.kr/openapi/service/rest/fileDownloadSrvc/files/shelter/2026/05/202605221705226.jpg
447513202600598,믹스견,갈색&검정,"인근 동네, 경산 휴게소 인근에서 발견하여 구조",F,진량 신상리,경상북도 경산시,보호중,http://openapi.animal.go.kr/openapi/service/rest/fileDownloadSrvc/files/shelter/2026/05/202605221705663.jpg
447513202600597,믹스견,갈색&검정,"인근 동네, 경산 휴게소 인근에서 발견하여 구조",M,진량 신상리,경상북도 경산시,보호중,http://openapi.animal.go.kr/openapi/service/rest/fileDownloadSrvc/files/shelter/2026/05/202605221705364.jpg
447513202600596,치와와,갈색&흰색,인근 마을에서 발견하여 구조,F,남산 산양리,경상북도 경산시,보호중,http://openapi.animal.go.kr/openapi/service/rest/fileDownloadSrvc/files/shelter/2026/05/202605221505306.jpg
447513202600595,믹스견,흰색,인근 동네에서 발견하여 구조,M,진량 양지리,경상북도 경산시,보호중,http://openapi.animal.go.kr/openapi/service/rest/fileDownloadSrvc/files/shelter/2026/05/202605221405996.jpg
447513202600594,믹스견,흰색,인근 동네에서 발견하여 구조,M,진량 평사리,경상북도 경산시,보호중,http://openapi.animal.go.kr/openapi/service/rest/fileDownloadSrvc/files/shelter/2026/05/20260522140591.jpg
447513202600593,포메라니안,갈색,인근 동네에서 발견하여 구조,F,사정동,경상북도 경산시,종료(반환),http://openapi.animal.go.kr/openapi/service/rest/fileDownloadSrvc/files/shelter/2026/05/202605221405286.jpg
447509202600138,믹스견,흰색&황갈색,순함. 경계성 있음.,F,봉현 노좌,경상북도 영주시,보호중,http://openapi.animal.go.kr/openapi/service/rest/fileDownloadSrvc/files/shelter/2026/05/202605221505834.jpg
447509202600137,믹스견,갈색&흰색,순함. 경계성 있음.,F,장수면 두전리,경상북도 영주시,보호중,http://openapi.animal.go.kr/openapi/service/rest/fileDownloadSrvc/files/shelter/2026/05/202605221505698[2].jpg
447509202600136,믹스견,흰색,순함. 경계성 있음.,F,장수면 두전리 693,경상북도 영주시,보호중,http://openapi.animal.go.kr/openapi/service/rest/fileDownloadSrvc/files/shelter/2026/05/202605221505474.jpg
447509202600135,믹스견,흰색&황갈색,순함. 경계성 있음.,F,장수면 두전리 693,경상북도 영주시,보호중,http://openapi.animal.go.kr/openapi/service/rest/fileDownloadSrvc/files/shelter/2026/05/202605221505913.jpg
447509202600134,믹스견,흰색&황갈색,순함. 경계성 있음.,F,장수면 두전리 693,경상북도 영주시,보호중,http://openapi.animal.go.kr/openapi/service/rest/fileDownloadSrvc/files/shelter/2026/05/202605221505810.jpg
447509202600133,믹스견,엷은 황갈색&흰색,순함. 경계성 있음.,F,장수면 두전리 693,경상북도 영주시,보호중,http://openapi.animal.go.kr/openapi/service/rest/fileDownloadSrvc/files/shelter/2026/05/202605221405906.jpg
447508202600968,믹스견,흰색,얌전함 / ,F,옥계2공단로 114-18,경상북도 구미시,종료(반환),http://openapi.animal.go.kr/openapi/service/rest/fileDownloadSrvc/files/shelter/2026/05/20260522170527.jpg
447505202600517,믹스견,크림색,성격좋고 사람좋아하는 리트리버를 닮은 강쥐.. 어쩌면 진짜 리트리버일지도!!? / 발견 당시 목줄 착용  ,F,안강읍 산대새터길 부근,경상북도 경주시,보호중,http://openapi.animal.go.kr/openapi/service/rest/fileDownloadSrvc/files/shelter/2026/05/202605221605745.jpg
447505202600516,믹스견,흰색,밖에 돌아다닌지 오래된듯. 성격이 살짝 까칠함.,M,건천읍 밀구1길 부근,경상북도 경주시,보호중,http://openapi.animal.go.kr/openapi/service/rest/fileDownloadSrvc/files/shelter/2026/05/202605221505322[1].jpg
447502202600304,토이 푸들,갈색,"1세추정, 송곳니 유치있음, 왕왕 짖으며 여기 나 있다고 존재감 어필중",M,경상북도 포항시 북구 장성동 대림골든빌 인근,경상북도 포항시,보호중,http://openapi.animal.go.kr/openapi/service/rest/fileDownloadSrvc/files/shelter/2026/05/202605221405848.jpg
447502202600303,토이 푸들,흰색,"1세미만(8개월추정), 말티푸추정, 매우 활동적이나 다가가면 갑자기 조심해짐",M,경상북도 포항시 남구 일월로 102-1,경상북도 포항시,보호중,http://openapi.animal.go.kr/openapi/service/rest/fileDownloadSrvc/files/shelter/2026/05/202605221405285.jpg
446501202600128,믹스견,갈색,"누운 귀, 목줄 없이 배회하는 유기견",M,비금면,전라남도 신안군,보호중,http://openapi.animal.go.kr/openapi/service/rest/fileDownloadSrvc/files/shelter/2026/05/20260522180566.jpg
446482202600185,믹스견,갈색&흰색,"2개월, 접종(종합백신/코로나장염/스팟라인)",M,주암3,전라남도 순천시,보호중,http://openapi.animal.go.kr/openapi/service/rest/fileDownloadSrvc/files/shelter/2026/05/202605221505255.jpg
446482202600184,믹스견,흰색,"2개월, 접종(종합백신/코로나장염/스팟라인)",M,주암2,전라남도 순천시,보호중,http://openapi.animal.go.kr/openapi/service/rest/fileDownloadSrvc/files/shelter/2026/05/202605221505600.jpg
446482202600183,믹스견,흰색,"2개월, 접종(종합백신/코로나장염/스팟라인)",F,주암1,전라남도 순천시,보호중,http://openapi.animal.go.kr/openapi/service/rest/fileDownloadSrvc/files/shelter/2026/05/202605221505745.jpg
446482202600182,믹스견,갈색,"2개월, 접종(종합백신/코로나장염/스팟라인)",F,서면 학구리,전라남도 순천시,보호중,http://openapi.animal.go.kr/openapi/service/rest/fileDownloadSrvc/files/shelter/2026/05/202605221505460.jpg
446482202600181,믹스견,금갈색,"2개월, 접종(종합백신/코로나장염/스팟라인)",F,서면 구랑실재길8,전라남도 순천시,보호중,http://openapi.animal.go.kr/openapi/service/rest/fileDownloadSrvc/files/shelter/2026/05/202605221405641.jpg
446482202600179,믹스견,흰색,"사상충-양성, 접종(종합백신/코로나장염/광견병/데피니트/스팟라인)",M,황전면,전라남도 순천시,보호중,http://openapi.animal.go.kr/openapi/service/rest/fileDownloadSrvc/files/shelter/2026/05/202605221505784.jpg
446480202600608,비숑 프리제,흰색,"붉은목줄착용, 인도를 배회",M,한빛안과,전라남도 목포시,보호중,http://openapi.animal.go.kr/openapi/service/rest/fileDownloadSrvc/files/shelter/2026/05/202605251305826.jpg
446480202600607,포메라니안,흰색,"하네스착용, 야윔, 단지내를 배회",M,상동주공4차@,전라남도 목포시,보호중,http://openapi.animal.go.kr/openapi/service/rest/fileDownloadSrvc/files/shelter/2026/05/202605251305507.jpg
445479202600556,믹스견,흰색, 임신 가능성 있읍.,F, 부안읍 해뜰마루 (골프연습장 입구),전북특별자치도 부안군,보호중,http://openapi.animal.go.kr/openapi/service/rest/fileDownloadSrvc/files/shelter/2026/05/202605221105431.jpg
445471202600181,믹스견,흰색,순하다,F,포획단,전북특별자치도 김제시,보호중,http://openapi.animal.go.kr/openapi/service/rest/fileDownloadSrvc/files/shelter/2026/05/202605221005230.jpg
445471202600180,믹스견,흰색,순하다,M,포획단,전북특별자치도 김제시,보호중,http://openapi.animal.go.kr/openapi/service/rest/fileDownloadSrvc/files/shelter/2026/05/202605221005599.jpg
445471202600179,믹스견,흰색,순하다,M,포획단,전북특별자치도 김제시,보호중,http://openapi.animal.go.kr/openapi/service/rest/fileDownloadSrvc/files/shelter/2026/05/202605221005100.jpg
445471202600178,믹스견,흰색,순하다,F,포획단,전북특별자치도 김제시,보호중,http://openapi.animal.go.kr/openapi/service/rest/fileDownloadSrvc/files/shelter/2026/05/202605221005194.jpg
445471202600177,믹스견,흰색,포슬포슬하게 생김,M,포획단,전북특별자치도 김제시,보호중,http://openapi.animal.go.kr/openapi/service/rest/fileDownloadSrvc/files/shelter/2026/05/202605221005456.jpg
445469202600657,믹스견,흰색,온순하며 사람을 좋아함,F,죽림폭포 인근,전북특별자치도 정읍시,종료(반환),http://openapi.animal.go.kr/openapi/service/rest/fileDownloadSrvc/files/shelter/2026/05/20260522090567[1].jpg
445468202601329,믹스견,검정&흰색,생후 5개월정도 되었으며 떠돌이 생활을하여 사람에 대한 경계가 있음,F,익산시 왕궁면 남양길 32,전북특별자치도 익산시,보호중,http://openapi.animal.go.kr/openapi/service/rest/fileDownloadSrvc/files/shelter/2026/05/202605221505199.jpg
445468202601327,웰시 코기 펨브로크,갈색&흰색,갈색목테를 하고있으며 작고 사람을 잘따름,F,익산시청 지하1층 주차장,전북특별자치도 익산시,보호중,http://openapi.animal.go.kr/openapi/service/rest/fileDownloadSrvc/files/shelter/2026/05/202605221505703[1].jpg
445468202601323,포메라니안,흰색,꼬리부분이 핑크색으로 염색되어있으며 순함,F,익산시 오산면 목천리 이리로 파크 골프장,전북특별자치도 익산시,보호중,http://openapi.animal.go.kr/openapi/service/rest/fileDownloadSrvc/files/shelter/2026/05/202605221505317.jpg
445468202601308,믹스견,흑갈색,"들개 생활을 해, 겁이 많고 사나움",M,익산시 삼기면 원기산길 33-5,전북특별자치도 익산시,보호중,http://openapi.animal.go.kr/openapi/service/rest/fileDownloadSrvc/files/shelter/2026/05/202605221305599.jpg
445467202601076,믹스견,흰색,4살추정 칩x 순함 파란 하네스 착용,F,회현면 학당길 100,전북특별자치도 군산시,보호중,http://openapi.animal.go.kr/openapi/service/rest/fileDownloadSrvc/files/shelter/2026/05/202605221305509.jpg
445467202601075,믹스견,흰색,4살추정 칩x 사나움 목걸이있음,F,회현119,전북특별자치도 군산시,보호중,http://openapi.animal.go.kr/openapi/service/rest/fileDownloadSrvc/files/shelter/2026/05/202605221105831.jpg
444568202600277,말티즈,흰색,"중성화 완료,미용완료,순함,야윔,광견병 종합백신완료(2026/05/22)",M,당진시 송악읍 한진리 95-14,충청남도 당진시,보호중,http://openapi.animal.go.kr/openapi/service/rest/fileDownloadSrvc/files/shelter/2026/05/202605221705686[1].jpg
444462202600430,믹스견,흰색&황갈색,"순함,몸전체 피부병 심함",F,안면읍 백사장 오케이회센터 인근,충청남도 태안군,보호중,http://openapi.animal.go.kr/openapi/service/rest/fileDownloadSrvc/files/shelter/2026/05/202605221805249.jpg
444462202600429,믹스견,흰색&황갈색,"순함,몸전체 피부병 심함",F,안면읍 백사장 오케이회센터 인근,충청남도 태안군,보호중,http://openapi.animal.go.kr/openapi/service/rest/fileDownloadSrvc/files/shelter/2026/05/202605221805247[1].jpg
444462202600428,믹스견,검정&황갈색,겁이 많고 설사 심함,M,삭상골길 124,충청남도 태안군,보호중,http://openapi.animal.go.kr/openapi/service/rest/fileDownloadSrvc/files/shelter/2026/05/202605221605300.jpg
444462202600427,믹스견,황갈색,겁이 많고 설사 심함,F,삭상골길 124,충청남도 태안군,보호중,http://openapi.animal.go.kr/openapi/service/rest/fileDownloadSrvc/files/shelter/2026/05/202605221605343.jpg
444462202600426,믹스견,갈색&흰색,겁이 많지만 순함,F,양지길 186,충청남도 태안군,보호중,http://openapi.animal.go.kr/openapi/service/rest/fileDownloadSrvc/files/shelter/2026/05/202605221505643[3].jpg
444462202600425,믹스견,갈색&흰색,겁이 많지만 순함,M,양지길 186,충청남도 태안군,보호중,http://openapi.animal.go.kr/openapi/service/rest/fileDownloadSrvc/files/shelter/2026/05/202605221505669[2].jpg
444462202600424,믹스견,검정색,순하고 잘따름,F,안면읍 수로길 262-59,충청남도 태안군,보호중,http://openapi.animal.go.kr/openapi/service/rest/fileDownloadSrvc/files/shelter/2026/05/202605221405904.jpg
444458202600181,믹스견,흰색&황갈색,서천읍 동네배회로 신고된 흰황색 암컷 단모견,F,충청남도 서천군 서천읍 서문로 96,충청남도 서천군,보호중,http://openapi.animal.go.kr/openapi/service/rest/fileDownloadSrvc/files/shelter/2026/05/202605221605232.jpg
444458202600179,믹스견,갈색&검정&흰색,마서면 동네배회로 신고된 갈흰색 암컷 단모견,F,충청남도 서천군 마서면 마서로685번길 84,충청남도 서천군,보호중,http://openapi.animal.go.kr/openapi/service/rest/fileDownloadSrvc/files/shelter/2026/05/202605221605900.jpg
444458202600178,믹스견,흰색,서천읍 동네 배회로 신고된 흰색 수컷 단모견,M,충청남도 서천군 서천읍 화금동길 74,충청남도 서천군,보호중,http://openapi.animal.go.kr/openapi/service/rest/fileDownloadSrvc/files/shelter/2026/05/202605221605278[1].jpg
444458202600177,믹스견,갈색&검정&흰색,비인면 동네 배회로 신고된 갈회색 암컷 단모견,F,충청남도 서천군 비인면 망생이길 66-5,충청남도 서천군,보호중,http://openapi.animal.go.kr/openapi/service/rest/fileDownloadSrvc/files/shelter/2026/05/202605221605371[1].jpg
444458202600176,믹스견,검정&흰색,마서면 동네 배회로 신고된 검은색 수컷 단모견,M,충청남도 서천군 마서면 마서로685번길 84,충청남도 서천군,보호중,http://openapi.animal.go.kr/openapi/service/rest/fileDownloadSrvc/files/shelter/2026/05/202605221605724.jpg
444458202600175,푸들,검정색,마산면 동네 배회로 신고된 검정색 암컷 단모푸들견,F,충청남도 서천군 마산면 한마로677 ,충청남도 서천군,보호중,http://openapi.animal.go.kr/openapi/service/rest/fileDownloadSrvc/files/shelter/2026/05/202605221605602[1].jpg
444458202600173,믹스견,흰색,문산면 동네 배회로 신고된 흰색 암컷 단모견,F,충청남도 서천군 문산면 판문로 774번길 122,충청남도 서천군,보호중,http://openapi.animal.go.kr/openapi/service/rest/fileDownloadSrvc/files/shelter/2026/05/202605221605631.jpg
444453202600703,푸들,갈색,"피부안좋음, 순함",M,팔봉면 덕송2리 마을회관 부근 도로,충청남도 서산시,보호중,http://openapi.animal.go.kr/openapi/service/rest/fileDownloadSrvc/files/shelter/2026/05/20260522200579.jpg
444453202600700,푸들,흑갈색,"순함, 겁 많음",M,운산면 신창길 99,충청남도 서산시,종료(반환),http://openapi.animal.go.kr/openapi/service/rest/fileDownloadSrvc/files/shelter/2026/05/202605221805806[1].jpg
444449202601168,미니어쳐 핀셔,갈색,"겁있음, 전신 피부염 있음",M,동남구 성남면 대화리 5산단2로 107,충청남도 천안시,보호중,http://openapi.animal.go.kr/openapi/service/rest/fileDownloadSrvc/files/shelter/2026/05/202605221105403.jpg
444449202601167,믹스견,흰색,매우 순함,F,동남구 수신면 신풍리 459-1,충청남도 천안시,보호중,http://openapi.animal.go.kr/openapi/service/rest/fileDownloadSrvc/files/shelter/2026/05/202605221005620[1].jpg
443571202601177,믹스견,갈색,"쇠 목줄과 함께 발견, 순한 아이 5개월 추정 ",M,내구 삼일아파트 버스정류장,충청북도 청주시,보호중,http://openapi.animal.go.kr/openapi/service/rest/fileDownloadSrvc/files/shelter/2026/05/202605221805845.jpg
443571202601175,믹스견,흰색,초록색 목줄 착용 순한 아이 ,M,외북동 388,충청북도 청주시,보호중,http://openapi.animal.go.kr/openapi/service/rest/fileDownloadSrvc/files/shelter/2026/05/202605221405288[1].jpg
443445202600343,푸들,검정색,피모상태양호/마이크로칩없음/전반적인 건강은 양호,F,진천군 광혜원면 실원길 15-7,충청북도 진천군,보호중,http://openapi.animal.go.kr/openapi/service/rest/fileDownloadSrvc/files/shelter/2026/05/202605221905843.jpg
443445202600337,믹스견,황갈색,"피모상태양호/마이크로칩 없음,사상충검사 양성/전반적인 건강상태 양호",M,진천군 문백면 사양2길 95,충청북도 진천군,보호중,http://openapi.animal.go.kr/openapi/service/rest/fileDownloadSrvc/files/shelter/2026/05/20260522190502.jpg
443444202600165,믹스견,흰색,"미등록, 목줄 착용",M,영동읍사무소,충청북도 영동군,보호중,http://openapi.animal.go.kr/openapi/service/rest/fileDownloadSrvc/files/shelter/2026/05/202605221405915.jpg
443443202600353,믹스견,흰색,"[관리번호195]이원면 이원리에 위치한 민가 인근에서 발견, 사나움",M,이원면,충청북도 옥천군,보호중,http://openapi.animal.go.kr/openapi/service/rest/fileDownloadSrvc/files/shelter/2026/05/202605221405155.jpeg
443443202600352,믹스견,갈색&검정,[관리번호194]옥천읍 매화리에 위치한 민가에 관리번호193(모견)과 함께 들어온 것을 발견,M,옥천읍,충청북도 옥천군,보호중,http://openapi.animal.go.kr/openapi/service/rest/fileDownloadSrvc/files/shelter/2026/05/202605221405926.jpeg
443443202600351,믹스견,금갈색,[관리번호193]옥천읍 매화리에 위치한 민가에 관리번호194(자견)와 함께 들어온 것을 발견,F,옥천읍,충청북도 옥천군,보호중,http://openapi.animal.go.kr/openapi/service/rest/fileDownloadSrvc/files/shelter/2026/05/202605221405947.jpg
443439202600320,믹스견,갈색,"길거리배회, 겁있으나 순함",F,동량면 화암리 지등로 1163,충청북도 충주시,보호중,http://openapi.animal.go.kr/openapi/service/rest/fileDownloadSrvc/files/shelter/2026/05/202605221805795.jpg
442429202600219,믹스견,흰색,없음,M,정선읍 용탄1리 강가부근,강원특별자치도 정선군,보호중,http://openapi.animal.go.kr/openapi/service/rest/fileDownloadSrvc/files/shelter/2026/05/202605221605296.jpg
442429202600218,믹스견,흰색,없음,M,정선읍 용탄 1리 강가부근,강원특별자치도 정선군,보호중,http://openapi.animal.go.kr/openapi/service/rest/fileDownloadSrvc/files/shelter/2026/05/202605221605966.jpg
442429202600217,믹스견,흰색,없음,M,정선읍 용탄1리 강가부근,강원특별자치도 정선군,보호중,http://openapi.animal.go.kr/openapi/service/rest/fileDownloadSrvc/files/shelter/2026/05/202605221605928[1].jpg
442422202600039,믹스견,갈색&검정&흰색,지지리골 암컷 4년생 8키로 삼색,F,소도동 지지리골 등산로 입구,강원특별자치도 태백시,보호중,http://openapi.animal.go.kr/openapi/service/rest/fileDownloadSrvc/files/shelter/2026/05/202605222005107.jpg
442422202600038,믹스견,은색&흰색,3대림 3년생 수컷 10키로 ,M,3대림 3동앞,강원특별자치도 태백시,보호중,http://openapi.animal.go.kr/openapi/service/rest/fileDownloadSrvc/files/shelter/2026/05/202605222005215.jpg
442419202600365,믹스견,흰색,"다리부분 상처, 많이 놀람",F,교항리공산경로당 근처,강원특별자치도 원주시,보호중,http://openapi.animal.go.kr/openapi/service/rest/fileDownloadSrvc/files/shelter/2026/05/202605222105273.jpg
442419202600364,포메라니안,흰색,"작은 체구, 포메",F,앙월길 33,강원특별자치도 원주시,보호중,http://openapi.animal.go.kr/openapi/service/rest/fileDownloadSrvc/files/shelter/2026/05/202605222005844[1].jpg
442419202600362,믹스견,검정색,"검정, 넘귀여움",M,현진에버빌4차단지내,강원특별자치도 원주시,보호중,http://openapi.animal.go.kr/openapi/service/rest/fileDownloadSrvc/files/shelter/2026/05/202605222005201.jpg
442418202600612,스피츠,흰색,온순함,M,춘천중학교,강원특별자치도 춘천시,종료(반환),http://openapi.animal.go.kr/openapi/service/rest/fileDownloadSrvc/files/shelter/2026/05/202605221405686.jpg
441417202600581,믹스견,노란색,"경계심이 있지만 사람 손을 피하지는 않음, 베이지색 목걸이 착용",M,경기도 양평군 서종면 수입리 246-3,경기도 양평군,종료(반환),http://openapi.animal.go.kr/openapi/service/rest/fileDownloadSrvc/files/shelter/2026/05/202605221605236.png
441417202600560,믹스견,크림색,겁있으나 순하고 사람을 잘따름. 3개월령추정. 인근산쪽에서 최초발견함.,M,양평읍 충신로149-30,경기도 양평군,종료(반환),http://openapi.animal.go.kr/openapi/service/rest/fileDownloadSrvc/files/shelter/2026/05/202605221105875.jpg
441405202601526,믹스견,흰색,"베이지색 하네스 착용, 전신 미용되어 있음",M,수지구 신봉동 514-3 신봉동성당,경기도 용인시,보호중,http://openapi.animal.go.kr/openapi/service/rest/fileDownloadSrvc/files/shelter/2026/05/202605221605460[1].jpg
441401202600527,믹스견,흰색,"목줄 착용 상태로 입소, 약간 겁이 있으나 산책 매너가 좋고 앉아서 기다릴줄 암",M,동서로 10번길 2,경기도 시흥시,보호중,http://openapi.animal.go.kr/openapi/service/rest/fileDownloadSrvc/files/shelter/2026/05/202605221305889.jpg
441401202600526,푸들,갈색,"사람 손길을 좋아하는 순둥이, 다리에 수술자국 확인됨",F,옥구천서로 373번길 8-1,경기도 시흥시,종료(반환),http://openapi.animal.go.kr/openapi/service/rest/fileDownloadSrvc/files/shelter/2026/05/202605221305861.jpg
441401202600525,말티즈,흰색,"작은체구, 온순한 성격, 호기심 가득한 사랑둥이, 꼬리탈모",F,금이동 663-3,경기도 시흥시,보호중,http://openapi.animal.go.kr/openapi/service/rest/fileDownloadSrvc/files/shelter/2026/05/202605221305493.jpg
441399202600894,말티즈,흰색,순하고 귀여우며 사람을 좋아함,M,진건읍 진건우회로 174-6,경기도 남양주시,종료(반환),http://openapi.animal.go.kr/openapi/service/rest/fileDownloadSrvc/files/shelter/2026/05/202605221505345.png
441391202600919,스피츠,흰색,"통통함, 겁이 살짝 있으나 사람 좋아함",F,용이동 하모니마트 인근,경기도 평택시,보호중,http://openapi.animal.go.kr/openapi/service/rest/fileDownloadSrvc/files/shelter/2026/05/202605221405614.jpg
441386202600676,믹스견,검정&흰색,겁이 많고 예민함.,F,길주로 691,경기도 부천시,보호중,http://openapi.animal.go.kr/openapi/service/rest/fileDownloadSrvc/files/shelter/2026/05/202605222005844.jpg
441374202600630,믹스견,갈색,어림(2개월 미만),M,영통구 동탄원천로1109번길 61(매탄동),경기도 수원시,보호중,http://openapi.animal.go.kr/openapi/service/rest/fileDownloadSrvc/files/shelter/2026/05/202605221605477.jpeg
430366202600259,푸들,갈색,.,M,남선공원 인근,대전광역시 서구,보호중,http://openapi.animal.go.kr/openapi/service/rest/fileDownloadSrvc/files/shelter/2026/05/202605221605840.png
429363202600404,믹스견,갈색,26-2094 빈츠 교통사고추정 하지반응없음,M,광산구 평동,광주광역시 광산구,종료(안락사),http://openapi.animal.go.kr/openapi/service/rest/fileDownloadSrvc/files/shelter/2026/05/202605221605621.jpg
429362202600305,말티즈,흰색,"26-0295 샹달, 심각하게 마름, 부정교합 및 치아상태 불량으로 나이확인 어려움",F,북구 오치동,광주광역시 북구,보호중,http://openapi.animal.go.kr/openapi/service/rest/fileDownloadSrvc/files/shelter/2026/05/202605221705311.jpg
428358202600106,포메라니안,크림색,피부병이 심한편으로 털빠짐이 있음 ,M,옹진군 영흥면 사무소,인천광역시 옹진군,보호중,http://openapi.animal.go.kr/openapi/service/rest/fileDownloadSrvc/files/shelter/2026/05/202605221505546.jpg
428357202600736,믹스견,갈색&흰색,생후 3주령 추정. 불린사료먹음. 검은얼굴황갈색,M,온수리 160-78 (농막),인천광역시 강화군,보호중,http://openapi.animal.go.kr/openapi/service/rest/fileDownloadSrvc/files/shelter/2026/05/202605231305905.jpg
428357202600735,믹스견,갈색&흰색,생후 3주령 추정. 불린사료먹음. 머리희줄갈색,F,온수리 160-78 (농막),인천광역시 강화군,보호중,http://openapi.animal.go.kr/openapi/service/rest/fileDownloadSrvc/files/shelter/2026/05/20260523140509.png
428357202600734,믹스견,크림색,생후 3주령 추정. 불린사료먹음. 베이지,F,온수리 160-78 (농막),인천광역시 강화군,보호중,http://openapi.animal.go.kr/openapi/service/rest/fileDownloadSrvc/files/shelter/2026/05/202605221805237.jpg
428357202600733,믹스견,크림색,생후 3주령 추정. 불린사료먹음. 검은코베이지,M,온수리 160-78 (농막),인천광역시 강화군,보호중,http://openapi.animal.go.kr/openapi/service/rest/fileDownloadSrvc/files/shelter/2026/05/202605231205956.jpg
428357202600732,믹스견,흰색,생후 3주령 추정. 불린사료먹음. 분홍코백구,M,온수리 160-78 (농막),인천광역시 강화군,보호중,http://openapi.animal.go.kr/openapi/service/rest/fileDownloadSrvc/files/shelter/2026/05/202605231205263.jpg
428353202600446,푸들,흰색,왼쪽 뒷다리 다침,F,간석동 산 26-1,인천광역시 남동구,보호중,http://openapi.animal.go.kr/openapi/service/rest/fileDownloadSrvc/files/shelter/2026/05/20260522110538.jpg
427345202600262,기타,흰색,.,M,조야로 2길 121,대구광역시 북구,보호중,http://openapi.animal.go.kr/openapi/service/rest/fileDownloadSrvc/files/shelter/2026/05/202605221705103.jpg
426337202600209,푸들,흰색,불량(노령견)옷착용,M,쌍미천로 160,부산광역시 연제구,종료(반환),http://openapi.animal.go.kr/openapi/service/rest/fileDownloadSrvc/files/shelter/2026/05/202605221405104.jpg
411324202600292,푸들,갈색,"왼쪽 고관절 빠짐, 오른쪽 슬개골 2단계, 치석있음, 체온높음, 구충제 투여",M,성내로6길 42,서울특별시 강동구,보호중,http://openapi.animal.go.kr/openapi/service/rest/fileDownloadSrvc/files/shelter/2026/05/20260522170536.jpg
411312202600353,포메라니안,흰색,"내장칩 없음, 털 관리 잘 되어 있음",F,홍제원 현대아파트 116동 1605호,서울특별시 서대문구,종료(반환),http://openapi.animal.go.kr/openapi/service/rest/fileDownloadSrvc/files/shelter/2026/05/202605221105239.jpg
447513202600600,믹스견,갈색&흰색,사람을 좋아하며 활발함,F,하양 청천리,경상북도 경산시,보호중,http://openapi.animal.go.kr/openapi/service/rest/fileDownloadSrvc/files/shelter/2026/05/202605221705799.jpg
441405202601523,믹스견,크림색,해진 목줄과 쇠줄 착용,F,수지구 샘말로 101-6,경기도 용인시,보호중,http://openapi.animal.go.kr/openapi/service/rest/fileDownloadSrvc/files/shelter/2026/05/20260522160582.jpg
448548202600495,믹스견,갈색,밭 배회 ,F,합천읍,경상남도 합천군,보호중,http://openapi.animal.go.kr/openapi/service/rest/fileDownloadSrvc/files/shelter/2026/05/202605211305897.jpg
441404202600267,믹스견,기타(갈/흰),코 팥죽색. 방어적 입질. 진드기오염. 꼬리단미안됨.  털 상태 양호.,F,경기 하남시 산곡북로 133 (하산곡동) 인근,경기도 하남시,보호중,http://openapi.animal.go.kr/openapi/service/rest/fileDownloadSrvc/files/shelter/2026/05/202605231605268[2].jpg
450650202601235,믹스견,흰색,개체관리번호 1047 - 심장사상충,F,서귀포시 성산읍 섭지코지로26번길 15,제주특별자치도,보호중,http://openapi.animal.go.kr/openapi/service/rest/fileDownloadSrvc/files/shelter/2026/05/202605220905831.jpg
450650202601234,믹스견,갈색&흰색,개체관리번호 1046 - 심장사상충,M,서귀포시 성산읍 섭지코지로26번길 15,제주특별자치도,보호중,http://openapi.animal.go.kr/openapi/service/rest/fileDownloadSrvc/files/shelter/2026/05/20260522090531.jpg
450650202601233,믹스견,갈색,개체관리번호 1045 - 카키목줄,F,서귀포시 안덕면 광평리 351 캐슬렉스골프장클럽하우스,제주특별자치도,보호중,http://openapi.animal.go.kr/openapi/service/rest/fileDownloadSrvc/files/shelter/2026/05/202605220905673.jpg
450650202601232,믹스견,기타(베이지),개체관리번호 1044 - 2개월,M,제주시 구좌읍 덕평로 22,제주특별자치도,보호중,http://openapi.animal.go.kr/openapi/service/rest/fileDownloadSrvc/files/shelter/2026/05/202605220805262.jpg
450650202601231,믹스견,기타(베이지),개체관리번호 1043 - 2개월,F,제주시 구좌읍 덕평로 22,제주특별자치도,보호중,http://openapi.animal.go.kr/openapi/service/rest/fileDownloadSrvc/files/shelter/2026/05/202605220805644.jpg
450650202601230,믹스견,기타(베이지),개체관리번호 1042 - 2개월,F,제주시 구좌읍 덕평로 22,제주특별자치도,보호중,http://openapi.animal.go.kr/openapi/service/rest/fileDownloadSrvc/files/shelter/2026/05/202605220805950.jpg
450650202601229,믹스견,검정색,개체관리번호 1041 - 1주차,F,제주시 해안동 해안마을길 193 앞,제주특별자치도,보호중,http://openapi.animal.go.kr/openapi/service/rest/fileDownloadSrvc/files/shelter/2026/05/202605220805740.jpg
450650202601228,믹스견,검정색,개체관리번호 1040 - 1주차,F,제주시 해안동 해안마을길 193 앞,제주특별자치도,보호중,http://openapi.animal.go.kr/openapi/service/rest/fileDownloadSrvc/files/shelter/2026/05/202605220805605.jpg
448567202600724,시츄,금색&흰색,"내장칩 있음, 보호자와 연락중, 청록색 하네스 착용, 백내장 있음",F,마산합포구 반월민원센터,경상남도 창원시 의창성산구,종료(반환),http://openapi.animal.go.kr/openapi/service/rest/fileDownloadSrvc/files/shelter/2026/05/202605220705963.jpg
448546202600252,믹스견,회색얼룩무늬,"온순, 기력이 없음",M,백전면 약수터,경상남도 함양군,보호중,http://openapi.animal.go.kr/openapi/service/rest/fileDownloadSrvc/files/shelter/2026/05/202605221405436.jpg
448535202600374,푸들,갈색,"김해시-358, 뒷다리 부상, 허약, 탈진, 털이 무성함",M,김해시 한림 119 안전센타,경상남도 김해시,보호중,http://openapi.animal.go.kr/openapi/service/rest/fileDownloadSrvc/files/shelter/2026/05/202605220905304.png
448535202600373,믹스견,갈색&흰색,김해시-357,M,김해시 호계로422번길 38-9,경상남도 김해시,보호중,http://openapi.animal.go.kr/openapi/service/rest/fileDownloadSrvc/files/shelter/2026/05/202605220905954.png
446501202600127,시츄,갈색&흰색,"노란색 목줄 착용, 주택가를 배회하는 유기견",M,팔금면,전라남도 신안군,보호중,http://openapi.animal.go.kr/openapi/service/rest/fileDownloadSrvc/files/shelter/2026/05/202605221805340.jpg
446499202600099,믹스견,흰색,흰색,M,신지면 내동리1368,전라남도 완도군,보호중,http://openapi.animal.go.kr/openapi/service/rest/fileDownloadSrvc/files/shelter/2026/05/202605221005361.jpg
446499202600098,믹스견,흰색,흰색,M,고금면 소각장,전라남도 완도군,보호중,http://openapi.animal.go.kr/openapi/service/rest/fileDownloadSrvc/files/shelter/2026/05/202605221005236.jpg
446481202600504,믹스견,갈색&검정&흰색,3~4개월령 새끼강아지,M,남산남1길 24-2,전라남도 여수시,보호중,http://openapi.animal.go.kr/openapi/service/rest/fileDownloadSrvc/files/shelter/2026/05/202605221305674.jpeg
445478202600331,믹스견,흰색,목줄없음/내장칩 있음,M,아산면 구암1길,전북특별자치도 고창군,종료(반환),http://openapi.animal.go.kr/openapi/service/rest/fileDownloadSrvc/files/shelter/2026/05/202605221505321.jpg
445478202600327,믹스견,흰색,들개 새끼,F,신림면 부송리,전북특별자치도 고창군,보호중,http://openapi.animal.go.kr/openapi/service/rest/fileDownloadSrvc/files/shelter/2026/05/202605221405542.jpg
445468202601307,진도견,흰색,생후 2개월이 조금 넘어보이며 겁이많고 순한편임,M,익산시 나룻가신천길 4-201,전북특별자치도 익산시,보호중,http://openapi.animal.go.kr/openapi/service/rest/fileDownloadSrvc/files/shelter/2026/05/202605221305392.jpg
445468202601306,진도견,흰색,생후 2개월이 조금 넘었으며 겁이많고 순한편임,M,익산시 나룻가신천길 4-201,전북특별자치도 익산시,보호중,http://openapi.animal.go.kr/openapi/service/rest/fileDownloadSrvc/files/shelter/2026/05/202605221305523.jpg
444457202600283,믹스견,검정&흰색,.,F,임천면 위덕로47번길 108,충청남도 부여군,보호중,http://openapi.animal.go.kr/openapi/service/rest/fileDownloadSrvc/files/shelter/2026/05/202605221605805.jpg
444455202600352,믹스견,흰색,전체 흰색에 콧등은 살색임,M,남일면 사미리길50,충청남도 금산군,보호중,http://openapi.animal.go.kr/openapi/service/rest/fileDownloadSrvc/files/shelter/2026/05/202605220805527.jpg
444454202600772,믹스견,흰색,"칩있음,사상충.지알디아 양성",M,벌곡면,충청남도 논산시,종료(반환),http://openapi.animal.go.kr/openapi/service/rest/fileDownloadSrvc/files/shelter/2026/05/202605221105789.jpg
444452202601238,믹스견,흰색,26-1238호(관리)173호(공고)/3개월령 추정,F,송악면 송악로76번길47,충청남도 아산시,보호중,http://openapi.animal.go.kr/openapi/service/rest/fileDownloadSrvc/files/shelter/2026/05/20260522110545.jpg
444452202601237,믹스견,흰색,26-1237호(관리)172호(공고)/3개월령 추정,M,송악면 송악로76번길47,충청남도 아산시,보호중,http://openapi.animal.go.kr/openapi/service/rest/fileDownloadSrvc/files/shelter/2026/05/202605221105837.jpg
444452202601236,믹스견,흰색,26-1236호(관리)171호(공고)/3개월령 추정,M,송악면 송악로76번길47,충청남도 아산시,보호중,http://openapi.animal.go.kr/openapi/service/rest/fileDownloadSrvc/files/shelter/2026/05/202605221105247.jpg
444450202600465,푸들,갈색,"미용, 심장사상충&파보 음성, 종합&광견병 백신, 심장사상충약",M,"공주시 공주대학로 49-5, 대동다숲1단지 관리사무소 주변",충청남도 공주시,보호중,http://openapi.animal.go.kr/openapi/service/rest/fileDownloadSrvc/files/shelter/2026/05/202605221105375.jpg
443445202600329,믹스견,검정색,피모상태양호/마이크로칩 없음/전반적인 건강상태 양호하나 사상충 양성,F,진천군 이월면 신정길 74,충청북도 진천군,보호중,http://openapi.animal.go.kr/openapi/service/rest/fileDownloadSrvc/files/shelter/2026/05/202605220805203.jpg
441553202601783,믹스견,검정 황갈색&흰색,"겁이많고, 낯가리지만 순한 아이/뒷다리에 상처가 있음",F,정남면 내향안길 인근,경기도 화성시,보호중,http://openapi.animal.go.kr/openapi/service/rest/fileDownloadSrvc/files/shelter/2026/05/202605221105146.jpg
441553202601782,믹스견,갈색&흰색,호기심이 많음/ 사람을 잘따름/ 멋진무늬,F,발안톨게이트 영업소인근,경기도 화성시,종료(반환),http://openapi.animal.go.kr/openapi/service/rest/fileDownloadSrvc/files/shelter/2026/05/202605220905918.jpg
441553202601781,믹스견,갈색&흰색,발랄함/ 사람을 잘따름/ 멋진무늬,F,발안톨게이트 영업소인근,경기도 화성시,종료(반환),http://openapi.animal.go.kr/openapi/service/rest/fileDownloadSrvc/files/shelter/2026/05/202605220905409.jpg
441553202601780,믹스견,흰색,순하고 사람을 잘따름/ 철제목줄을 하고 있음,M,서신면 궁평캠프인근,경기도 화성시,보호중,http://openapi.animal.go.kr/openapi/service/rest/fileDownloadSrvc/files/shelter/2026/05/202605211605501.jpg
441409202600447,믹스견,갈색&흰색,온순. 얌전. 꼬리 단미 안됨. 털 상태 양호. ,M,경기 김포시 통진읍 검암1로 68 인근,경기도 김포시,보호중,http://openapi.animal.go.kr/openapi/service/rest/fileDownloadSrvc/files/shelter/2026/05/202605221605488.jpg
441406202600527,믹스견,기타(검/갈),온순. 얌전. 겁 있음. 사람 잘 따름. 꼬리 단미 안됨. 털 상태 양호. 진드기오염.,F,경기 파주시 파평면 청송로432번길 48-75 인근,경기도 파주시,보호중,http://openapi.animal.go.kr/openapi/service/rest/fileDownloadSrvc/files/shelter/2026/05/202605221505198.jpg
441406202600526,믹스견,기타(검/갈),온순. 얌전. 겁 있음. 사람 잘 따름. 꼬리 단미 안됨. 털 상태 양호. 진드기오염.,M,경기 파주시 파평면 청송로432번길 48-75 인근,경기도 파주시,보호중,http://openapi.animal.go.kr/openapi/service/rest/fileDownloadSrvc/files/shelter/2026/05/202605221505346.jpg
441406202600525,믹스견,검정색,온순. 겁 있음. 국방 무늬 목줄. 꼬리 단미 안됨. 털 젖음. ,F,경기 파주시 파주읍 술이홀로 493 인근,경기도 파주시,보호중,http://openapi.animal.go.kr/openapi/service/rest/fileDownloadSrvc/files/shelter/2026/05/202605221505286.jpg
441404202600262,요크셔 테리어,갈색&검정,"고령 추정(10세 이상), 양안 백탁 소견 있음",M,수리북로 17-8,경기도 하남시,보호중,http://openapi.animal.go.kr/openapi/service/rest/fileDownloadSrvc/files/shelter/2026/05/202605220905572.jpeg
441403202600176,믹스견,기타(갈백),"주황빨강목줄,쇠사슬목줄",M,의왕시청에서 인수,경기도 의왕시,보호중,http://openapi.animal.go.kr/openapi/service/rest/fileDownloadSrvc/files/shelter/2026/05/202605221505238[1].jpg
441393202600633,미니어쳐 핀셔,기타(흑갈),"흰색하네스,부정교합심함,각질심함,목쪽 피부있음",M,고잔동621-1 부근,경기도 안산시,보호중,http://openapi.animal.go.kr/openapi/service/rest/fileDownloadSrvc/files/shelter/2026/05/202605221505587.jpg
441393202600632,믹스견,기타(갈백),"갈색목줄,순함",M,본오1파출소에서 인수,경기도 안산시,보호중,http://openapi.animal.go.kr/openapi/service/rest/fileDownloadSrvc/files/shelter/2026/05/202605221505963.jpg
431373202600801,믹스견,흰색,오른쪽 눈 옆에 상처남,M,청량119 안전센터,울산광역시 울주군,보호중,http://openapi.animal.go.kr/openapi/service/rest/fileDownloadSrvc/files/shelter/2026/05/202605221305648.jpg
428356202600633,믹스견,흰색,"첫 목격때 파란 목줄을 했었음, 낯선 환경에 겁을 먹었으나 예민한 표현은 없음,체중 미상",F,석곶로8번길 5,인천광역시 서구,보호중,http://openapi.animal.go.kr/openapi/service/rest/fileDownloadSrvc/files/shelter/2026/05/202605241305903.jpg
427342202600298,믹스견,갈색&검정,박스 유기,F,율하동 안아주 아파트,대구광역시 동구,보호중,http://openapi.animal.go.kr/openapi/service/rest/fileDownloadSrvc/files/shelter/2026/05/202605221005909.jpg
427342202600297,믹스견,갈색&검정,박스 유기,F,율하동 안아주 아파트,대구광역시 동구,보호중,http://openapi.animal.go.kr/openapi/service/rest/fileDownloadSrvc/files/shelter/2026/05/202605221005719.jpg
427342202600296,미니어쳐 핀셔,검정색,겁 많음,F,공항로 206,대구광역시 동구,보호중,http://openapi.animal.go.kr/openapi/service/rest/fileDownloadSrvc/files/shelter/2026/05/202605221005153[1].jpg
426340202600236,믹스견,갈색&검정,"다량의 구더기 제거, 기력 매우 저하, 갈색",F,화전1길 21-4,부산광역시 기장군,보호중,http://openapi.animal.go.kr/openapi/service/rest/fileDownloadSrvc/files/shelter/2026/05/20260522110535.jpg
426340202600235,믹스견,흰색,"경계, 흰색",F,대라리 산 23,부산광역시 기장군,보호중,http://openapi.animal.go.kr/openapi/service/rest/fileDownloadSrvc/files/shelter/2026/05/202605221105453.jpg
426340202600234,말티즈,흰색,"순함, 흰색",F,명례산단4로 65-18,부산광역시 기장군,보호중,http://openapi.animal.go.kr/openapi/service/rest/fileDownloadSrvc/files/shelter/2026/05/202605221005389.jpg
426340202600233,푸들,흰색,"매우 겁 많음, 흰색",F,오리산단2로 51,부산광역시 기장군,보호중,http://openapi.animal.go.kr/openapi/service/rest/fileDownloadSrvc/files/shelter/2026/05/202605221005771.jpg
426328202600131,믹스견,흰색,"파란색에 빨간색 목줄착용, 온순함, 사람을 좋아함",F,영도구 체육중학교,부산광역시 영도구,보호중,http://openapi.animal.go.kr/openapi/service/rest/fileDownloadSrvc/files/shelter/2026/05/202605221605608[2].jpg
411313202600195,말티즈,흰색,칩 있음 활발하고 애교많음,M,포은로48,서울특별시 마포구,종료(반환),http://openapi.animal.go.kr/openapi/service/rest/fileDownloadSrvc/files/shelter/2026/04/202605211205929.jpg
411307202600233,푸들,갈색,온순. 얌전. 치석. 꼬리 단미. 털 상태 양호. ,F,서울 성북구 정릉로40길 26 (정릉동),서울특별시 성북구,보호중,http://openapi.animal.go.kr/openapi/service/rest/fileDownloadSrvc/files/shelter/2026/05/202605221505163.jpg
469569202600469,믹스견,검정&흰색,4개월추정,F,세종시 전의면 비암사길 74-6(비암사길주차장주변),세종특별자치시,보호중,http://openapi.animal.go.kr/openapi/service/rest/fileDownloadSrvc/files/shelter/2026/05/202605212205370.jpeg
469569202600468,믹스견,검정&황갈색,4개월추정,M, 세종시 전의면 비암사길 74-6(비암사길주차장주변),세종특별자치시,보호중,http://openapi.animal.go.kr/openapi/service/rest/fileDownloadSrvc/files/shelter/2026/05/202605212105532.jpeg
469569202600467,믹스견,검정색,4개월추정,F,세종시 전의면 비암사길 74-6(비암사길주차장주변),세종특별자치시,보호중,http://openapi.animal.go.kr/openapi/service/rest/fileDownloadSrvc/files/shelter/2026/05/202605212105267.jpeg
469569202600466,골든 리트리버,크림색,심장사상충양성,M,세종시 금남면 영곡리 14-17(식당주변),세종특별자치시,보호중,http://openapi.animal.go.kr/openapi/service/rest/fileDownloadSrvc/files/shelter/2026/05/202605212105583.jpeg
448547202600404,말티즈,흰색,순함,F,경상남도 거창군 거창읍 장팔리 866,경상남도 거창군,종료(반환),http://openapi.animal.go.kr/openapi/service/rest/fileDownloadSrvc/files/shelter/2026/04/202605211305410.jpg
448541202600814,믹스견,검정색,귀가 큼,F,남지읍 마산리,경상남도 창녕군,보호중,http://openapi.animal.go.kr/openapi/service/rest/fileDownloadSrvc/files/shelter/2026/05/202605211905157[1].jpg
448541202600813,믹스견,갈색&흰색,어린 개체,F,남지읍 마산리,경상남도 창녕군,보호중,http://openapi.animal.go.kr/openapi/service/rest/fileDownloadSrvc/files/shelter/2026/05/202605211905157.jpg
448537202601153,믹스견,흰색,겁이많음,F,옥수동 8길31 성수아파트,경상남도 거제시,보호중,http://openapi.animal.go.kr/openapi/service/rest/fileDownloadSrvc/files/shelter/2026/04/202605211405176.jpg
448536202600408,믹스견,갈색&검정&흰색,매우 순둥한 바둑이 ,F,상남면,경상남도 밀양시,보호중,http://openapi.animal.go.kr/openapi/service/rest/fileDownloadSrvc/files/shelter/2026/04/202605211505436.jpg
448534202600514,푸들,갈색,순하고 사람을 잘 따름,F,사천읍 구암 장전 인근,경상남도 사천시,보호중,http://openapi.animal.go.kr/openapi/service/rest/fileDownloadSrvc/files/shelter/2026/05/20260521150524.jpg
448531202600895,믹스견,흰색,호기심 많고 약간의 겁쟁이 (입질 공격성없음),M,진주시 집현면 신당리 267-2,경상남도 진주시,종료(반환),http://openapi.animal.go.kr/openapi/service/rest/fileDownloadSrvc/files/shelter/2026/05/202605211405427.jpg
448531202600894,믹스견,검정 황갈색&흰색,순하고 착함 (삼색꼬리),M,진주시 사봉면 사군로 707,경상남도 진주시,보호중,http://openapi.animal.go.kr/openapi/service/rest/fileDownloadSrvc/files/shelter/2026/05/20260521110507.jpg
448531202600893,믹스견,흰색&황갈색,순하고 착함 (눈귀 양쪽 갈색),F,진주시 사봉면 사군로 707,경상남도 진주시,보호중,http://openapi.animal.go.kr/openapi/service/rest/fileDownloadSrvc/files/shelter/2026/05/202605211105311.jpg
448531202600892,믹스견,갈색&검정,순하고 착함 (가슴쪽 흰색털),M,진주시 사봉면 사군로 707,경상남도 진주시,보호중,http://openapi.animal.go.kr/openapi/service/rest/fileDownloadSrvc/files/shelter/2026/05/202605211105827.jpg
447522202600261,믹스견,흰색&검은반점,야생화꽃집버려진아이,F,지천면연화리,경상북도 칠곡군,보호중,http://openapi.animal.go.kr/openapi/service/rest/fileDownloadSrvc/files/shelter/2026/04/202605211705808.jpg
447522202600260,믹스견,크림색,야생화꽃집머문유기견새끼 어미중소형,M,지천면연화리,경상북도 칠곡군,보호중,http://openapi.animal.go.kr/openapi/service/rest/fileDownloadSrvc/files/shelter/2026/04/202605211705894.jpg
447522202600259,믹스견,크림색,야생화꽃집머문유기견새끼 어미중소형,F,지천면연화리,경상북도 칠곡군,보호중,http://openapi.animal.go.kr/openapi/service/rest/fileDownloadSrvc/files/shelter/2026/04/202605211705664.jpg
447511202600704,믹스견,갈색&흰색,맨몸상태 온순함 ,M,상주시 용마로 일대,경상북도 상주시,보호중,http://openapi.animal.go.kr/openapi/service/rest/fileDownloadSrvc/files/shelter/2026/04/202605211405675.jpg
447511202600703,믹스견,갈색&흰색,맨몸상태 온순함 ,F,상주시 용마로 일대,경상북도 상주시,보호중,http://openapi.animal.go.kr/openapi/service/rest/fileDownloadSrvc/files/shelter/2026/04/202605211405145.jpg
447511202600702,믹스견,갈색&흰색,맨몸상태 온순함 ,M,상주시 용마로 일대,경상북도 상주시,보호중,http://openapi.animal.go.kr/openapi/service/rest/fileDownloadSrvc/files/shelter/2026/04/202605211405366.jpg
447511202600701,믹스견,흰색,맨몸상태 온순함 ,M,상주시 용마로 일대,경상북도 상주시,보호중,http://openapi.animal.go.kr/openapi/service/rest/fileDownloadSrvc/files/shelter/2026/04/202605211405269.jpg
447511202600700,믹스견,흰색,맨몸상태 온순함 ,M,상주시 용마로 일대,경상북도 상주시,보호중,http://openapi.animal.go.kr/openapi/service/rest/fileDownloadSrvc/files/shelter/2026/04/202605211405434.jpg
447511202600699,믹스견,갈색&검정,맨몸상태 온순함 ,F,상주시 공성면 문화로 일대 ,경상북도 상주시,보호중,http://openapi.animal.go.kr/openapi/service/rest/fileDownloadSrvc/files/shelter/2026/04/202605211405697.jpg
447511202600698,믹스견,갈색&검정,맨몸상태 온순함 ,M,상주시 공성면 문화로 일대 ,경상북도 상주시,보호중,http://openapi.animal.go.kr/openapi/service/rest/fileDownloadSrvc/files/shelter/2026/04/202605211405346.jpg
447511202600696,믹스견,갈색&흰색,맨몸상태 온순함 ,M,상주시 공성면 문화로 일대 ,경상북도 상주시,보호중,http://openapi.animal.go.kr/openapi/service/rest/fileDownloadSrvc/files/shelter/2026/04/202605211405150.jpg
447506202600194,믹스견,은색&흰색,"다리밑에 묶여있었음, 활발하고 애교 많음",F,덕곡주공 주공교 밑,경상북도 김천시,보호중,http://openapi.animal.go.kr/openapi/service/rest/fileDownloadSrvc/files/shelter/2026/05/202605211505860.jpg
447505202600503,믹스견,갈색,보이는 그대로...성격 진짜 순하고 사람 좋아하는 시고르자브종!,M,내남면 재량길 부근,경상북도 경주시,보호중,http://openapi.animal.go.kr/openapi/service/rest/fileDownloadSrvc/files/shelter/2026/04/202605211405950.jpg
447505202600490,말티즈,흰색,비 오는 날 비 피한다고 집 앞에 앉아있던 강쥐 ! 주인을 찾고 있어요 !!,M,충효 구혁 2길 주변,경상북도 경주시,종료(반환),http://openapi.animal.go.kr/openapi/service/rest/fileDownloadSrvc/files/shelter/2026/05/202605210905418.jpg
446492202600035,믹스견,흰색,하늘색 목줄을 하고있으며 리드줄을 달고 있는 상태로 발견,F,전남 강진군 강진읍 보은로2길9 주변,전라남도 강진군,보호중,http://openapi.animal.go.kr/openapi/service/rest/fileDownloadSrvc/files/shelter/2026/04/202605211705917.jpg
446484202600456,푸들,갈색,푸들 갈색 암컷 6살추정,F,광영동 수아플라워 주변,전라남도 광양시,보호중,http://openapi.animal.go.kr/openapi/service/rest/fileDownloadSrvc/files/shelter/2026/05/202605211705575.jpg
446482202600178,믹스견,흰색,"사상충-양성,접종(종합백신/코로나장염/광견병),데피니트,스팟라인",M,구랑실재길7,전라남도 순천시,보호중,http://openapi.animal.go.kr/openapi/service/rest/fileDownloadSrvc/files/shelter/2026/04/202605211705628.png
446482202600177,믹스견,갈색,"사상충-음성,접종(종합백신/코로나장염/광견병),데피니트,스팟라인",F,구랑실재길6,전라남도 순천시,보호중,http://openapi.animal.go.kr/openapi/service/rest/fileDownloadSrvc/files/shelter/2026/04/202605211705681.png
446482202600176,믹스견,갈색,"사상충-양성,아나플라즈마-양성/접종(종합백신/코로나장염/광견병),데피니트,스팟라인",M,구랑실재길5,전라남도 순천시,보호중,http://openapi.animal.go.kr/openapi/service/rest/fileDownloadSrvc/files/shelter/2026/04/202605211705944.png
446482202600175,믹스견,갈색&검정,"사상충-양성,아나플라즈마-양성,접종(종합백신/코로나장염/광견병),데피니트,스팟라인",M,구랑실재길4,전라남도 순천시,보호중,http://openapi.animal.go.kr/openapi/service/rest/fileDownloadSrvc/files/shelter/2026/04/202605211705285.png
446482202600174,믹스견,갈색&흰색,"3개월,접종(종합백신/코로니장염/광견병),데피니트,스팟라인",M,구랑실재길3,전라남도 순천시,종료(반환),http://openapi.animal.go.kr/openapi/service/rest/fileDownloadSrvc/files/shelter/2026/04/202605211705469.png
446482202600173,믹스견,갈색&흰색,"3개월/접종(종합백신/코로나장염/광견병),데피니트,스팟라인",M,구랑실재길2,전라남도 순천시,종료(반환),http://openapi.animal.go.kr/openapi/service/rest/fileDownloadSrvc/files/shelter/2026/04/202605211705169.png
446482202600172,믹스견,갈색&흰색,"사상충-양성,아나플라즈마-양성,접종(종합백신/코로나장염/광견병),데피니트,스팟라인",F,구랑실재길1,전라남도 순천시,보호중,http://openapi.animal.go.kr/openapi/service/rest/fileDownloadSrvc/files/shelter/2026/04/202605211605572.jpg
446481202600484,포메라니안,흰색,견주 확인 후 인계,M,돌산 상동안길 16-1,전라남도 여수시,종료(반환),http://openapi.animal.go.kr/openapi/service/rest/fileDownloadSrvc/files/shelter/2026/04/202605211305465.jpeg
446480202600601,믹스견,흰색,"양족귀 노랑색 털, 단모종",F,비파1차@,전라남도 목포시,보호중,http://openapi.animal.go.kr/openapi/service/rest/fileDownloadSrvc/files/shelter/2026/05/202605212005127.jpg
445479202600548,믹스견,흰색, 새끼 강아지.,F, 보안면 선돌로 760-60,전북특별자치도 부안군,보호중,http://openapi.animal.go.kr/openapi/service/rest/fileDownloadSrvc/files/shelter/2026/04/202605211005585.jpg
445479202600547,믹스견,갈색&검정, 새끼 강아지.,M, 보안면 선돌로 760-60,전북특별자치도 부안군,보호중,http://openapi.animal.go.kr/openapi/service/rest/fileDownloadSrvc/files/shelter/2026/04/202605211005459.jpg
445479202600546,믹스견,흰색, 새끼 강아지.,M, 보안면 선돌로 760-60,전북특별자치도 부안군,보호중,http://openapi.animal.go.kr/openapi/service/rest/fileDownloadSrvc/files/shelter/2026/04/20260521100581.jpg
445479202600545,믹스견,갈색, 새끼 강아지.,F, 보안면 선돌로 760-60,전북특별자치도 부안군,보호중,http://openapi.animal.go.kr/openapi/service/rest/fileDownloadSrvc/files/shelter/2026/04/202605211005673.jpg
445468202601304,믹스견,검정색,생후 2개월정도된 진도믹스이며 순하고 이쁘게생겼음,F,익산시 동산동 624-5,전북특별자치도 익산시,보호중,http://openapi.animal.go.kr/openapi/service/rest/fileDownloadSrvc/files/shelter/2026/04/202605211705848.jpg
445468202601300,진도견,흰색,"밤색목테, 파란색긴줄에 묶여있었음.경계심은 살짝있지만 순한편임.",M,익산시 춘포면 오산리 446-1 주변,전북특별자치도 익산시,보호중,http://openapi.animal.go.kr/openapi/service/rest/fileDownloadSrvc/files/shelter/2026/04/202605211605145.jpg
445464202601788,말티즈,흰색,유치 남아있음 ,M,중화산동 도그똑똑 근방 ,전북특별자치도 전주시,보호중,http://openapi.animal.go.kr/openapi/service/rest/fileDownloadSrvc/files/shelter/2026/05/20260521130537.jpg
444568202600275,골든 리트리버,갈색,"내장칩있음,반환대기중,초록색목줄착용,순함,광견병 종합백신완료(2026/05/21)",M,당진시 송산면 정골길 21,충청남도 당진시,종료(반환),http://openapi.animal.go.kr/openapi/service/rest/fileDownloadSrvc/files/shelter/2026/04/202605211605660.jpg
444568202600273,믹스견,크림색,"순함. 초록색 목줄과 쇠리드줄 착용. 광견병, 종합백신 완료(05/21)",M,당진시 송악읍 당고개로 251-3,충청남도 당진시,보호중,http://openapi.animal.go.kr/openapi/service/rest/fileDownloadSrvc/files/shelter/2026/05/202605211505980.jpg
444568202600272,믹스견,갈색&검정&흰색,순함. 전신 구더기 극심. 저체온증 ,F,당진시 합덕읍 재오지로 293 인근 도로,충청남도 당진시,보호중,http://openapi.animal.go.kr/openapi/service/rest/fileDownloadSrvc/files/shelter/2026/05/202605211205259.jpg
444568202600271,스피츠,흰색,"초록색목줄착용,심장사상충 양성,왼쪽 눈 각막 손상,순함,광견병 종합백신완료(2026/05/21)",M,당진시 고대면 연동로 77-9,충청남도 당진시,보호중,http://openapi.animal.go.kr/openapi/service/rest/fileDownloadSrvc/files/shelter/2026/04/202605211005322[1].jpg
444453202600696,믹스견,흰색,"순함, 입소 당시 방울 달린 녹색 목줄 착용",M,대산읍 운산리길 1330,충청남도 서산시,보호중,http://openapi.animal.go.kr/openapi/service/rest/fileDownloadSrvc/files/shelter/2026/05/202605211805848[1].jpg
443571202601174,믹스견,흰색&황갈색,겁이 조금 있지만 순한 아이 ,F,청주 내덕초등학교 인근,충청북도 청주시,보호중,http://openapi.animal.go.kr/openapi/service/rest/fileDownloadSrvc/files/shelter/2026/05/202605211705226[1].jpg
443443202600350,푸들,갈색,[관리번호192]옥천읍 양수리에 위치한 도서관 인근에서 발견,M,옥천읍,충청북도 옥천군,보호중,http://openapi.animal.go.kr/openapi/service/rest/fileDownloadSrvc/files/shelter/2026/04/202605211705126.jpeg
443439202600319,믹스견,검정&흰색,인근배회.순하고 착함.숨소리가 좋지않음,M,대가미공원,충청북도 충주시,종료(반환),http://openapi.animal.go.kr/openapi/service/rest/fileDownloadSrvc/files/shelter/2026/04/202605210905507.jpg
442435202600145,믹스견,흰색,공고번호 강원-양양-2026-00019의 자견. 2026.3.30일 출생,F,손양면 삽존리 유기동물보호소,강원특별자치도 양양군,보호중,http://openapi.animal.go.kr/openapi/service/rest/fileDownloadSrvc/files/shelter/2026/05/202605210905155.jpg
442423202600212,진도견,흰색,앞다리 올무에 의한 상처,F,떡밭재 누릉지삼계탕 근처,강원특별자치도 속초시,보호중,http://openapi.animal.go.kr/openapi/service/rest/fileDownloadSrvc/files/shelter/2026/05/20260521170595.jpg
442421202600051,믹스견,흰색,매우 활발함,Q,강원특별자치도 동해시 동해역 인근,강원특별자치도 동해시,보호중,http://openapi.animal.go.kr/openapi/service/rest/fileDownloadSrvc/files/shelter/2026/05/202605211605885.jpg
441570202600235,진도견,호반색(호랑이무늬),"파란색 목띠착용, 왼쪽 후지 부상, 다소온순",F,산북면 주어리,경기도 여주시,보호중,http://openapi.animal.go.kr/openapi/service/rest/fileDownloadSrvc/files/shelter/2026/05/202605211805635.jpg
441570202600234,믹스견,검정&흰색,"빨간색 목띠착용, 경계심이 많음",M,가남읍 태평리,경기도 여주시,보호중,http://openapi.animal.go.kr/openapi/service/rest/fileDownloadSrvc/files/shelter/2026/05/202605211805958.jpg
441570202600233,믹스견,검정색,경계심이 많음,M,가남읍 태평리,경기도 여주시,보호중,http://openapi.animal.go.kr/openapi/service/rest/fileDownloadSrvc/files/shelter/2026/05/202605211805619.jpg
441570202600232,믹스견,크림색,온순함,M,흥천면 외사리,경기도 여주시,보호중,http://openapi.animal.go.kr/openapi/service/rest/fileDownloadSrvc/files/shelter/2026/05/202605211805656[1].jpg
441570202600227,믹스견,기타(흑색흰색),온순함,F,천송동 신륵로,경기도 여주시,보호중,http://openapi.animal.go.kr/openapi/service/rest/fileDownloadSrvc/files/shelter/2026/05/20260521180519.jpg
441570202600226,믹스견,기타(블랙탄),매우온순함,F,북내면 당우리,경기도 여주시,보호중,http://openapi.animal.go.kr/openapi/service/rest/fileDownloadSrvc/files/shelter/2026/05/202605211805613.jpg
441570202600225,믹스견,검정색,온순함,F,천송동 신륵로,경기도 여주시,보호중,http://openapi.animal.go.kr/openapi/service/rest/fileDownloadSrvc/files/shelter/2026/05/202605211805367.jpg
441554202601055,포메라니안,갈색,"5-68, 칩없음, 토실토실함, 미소가 예쁜 아이",F,광주시 수하길 일대,경기도 광주시,보호중,http://openapi.animal.go.kr/openapi/service/rest/fileDownloadSrvc/files/shelter/2026/05/202605211605800.jpg
441554202601054,말티즈,흰색,"5-67, 칩없음, 활발하고 밝은 성격",M,광주시 경안동 일대,경기도 광주시,보호중,http://openapi.animal.go.kr/openapi/service/rest/fileDownloadSrvc/files/shelter/2026/05/202605211605191[1].jpg
441407202600554,진도견,기타(황색),온순함,F,호법면 단천리,경기도 이천시,보호중,http://openapi.animal.go.kr/openapi/service/rest/fileDownloadSrvc/files/shelter/2026/05/202605211905851.jpg
441407202600553,풍산견,흰색,"목과 꼬리 미용, 매우온순",F,부발읍 신하리,경기도 이천시,보호중,http://openapi.animal.go.kr/openapi/service/rest/fileDownloadSrvc/files/shelter/2026/05/202605211905529.jpg
441407202600552,믹스견,기타(연한황색),"겁이 다소있음, 온순함",M,부발읍 대관리,경기도 이천시,보호중,http://openapi.animal.go.kr/openapi/service/rest/fileDownloadSrvc/files/shelter/2026/05/202605211805220[1].jpg
441407202600551,믹스견,황갈색,온순함,F,부발읍 대관리,경기도 이천시,보호중,http://openapi.animal.go.kr/openapi/service/rest/fileDownloadSrvc/files/shelter/2026/05/202605211805370.jpg
441407202600550,믹스견,검정&흰색,온순함,M,부발읍 수정리,경기도 이천시,보호중,http://openapi.animal.go.kr/openapi/service/rest/fileDownloadSrvc/files/shelter/2026/05/202605211805851[1].jpg
441407202600549,믹스견,크림색,온순함,F,부발읍 수정리,경기도 이천시,보호중,http://openapi.animal.go.kr/openapi/service/rest/fileDownloadSrvc/files/shelter/2026/05/202605211805292.jpg
441407202600548,믹스견,크림색,겁이 다소있음,F,부발읍 수정리,경기도 이천시,보호중,http://openapi.animal.go.kr/openapi/service/rest/fileDownloadSrvc/files/shelter/2026/05/202605211805911.jpg
441405202601411,믹스견,흰색,"녹색 목줄, 빨간와이어줄 착용한 채 입소",M,처인구 양지읍 은이로 79(세븐일레븐 양지포레스토리점),경기도 용인시,보호중,http://openapi.animal.go.kr/openapi/service/rest/fileDownloadSrvc/files/shelter/2026/04/202605211505374.jpeg
441401202600523,포메라니안,흰색,"작은체구, 온순한 성격에 뚱한 표정이 사랑스러운 귀염둥이, 꼬리탈모",F,금이동 626,경기도 시흥시,보호중,http://openapi.animal.go.kr/openapi/service/rest/fileDownloadSrvc/files/shelter/2026/05/202605211505369.jpg
441401202600522,말티즈,흰색,"작은 체구, 발라당이 주특기, 헬리곱터 꼬리, 애교많고 사랑스러운 순둥이, 꼬리탈모",F,동서로 707번길 31-18,경기도 시흥시,보호중,http://openapi.animal.go.kr/openapi/service/rest/fileDownloadSrvc/files/shelter/2026/05/202605211505214.jpg
441400202600198,말티즈,흰색,"노령견,미용되어있음",F,서동641,경기도 오산시,보호중,http://openapi.animal.go.kr/openapi/service/rest/fileDownloadSrvc/files/shelter/2026/04/202605211005334.jpg
441399202600882,믹스견,갈색,순하고 귀여우며 사람을 좋아함,M,남양주시 농업기술센터,경기도 남양주시,보호중,http://openapi.animal.go.kr/openapi/service/rest/fileDownloadSrvc/files/shelter/2026/04/20260521140556.png
441393202600630,믹스견,기타(흑백),"순함,꼬리짧음,털갈이중",M,대부119안전센터에서 인수,경기도 안산시,종료(반환),http://openapi.animal.go.kr/openapi/service/rest/fileDownloadSrvc/files/shelter/2026/05/202605211505603.jpg
441391202600912,믹스견,황갈색,"귀엽게 생김, 치아 깨끗함,양쪽 귀끝 하단부 피부염,겁이 좀 있음 ,우측 후지 절뚝거림",M,오성면 양교리 1092-4,경기도 평택시,보호중,http://openapi.animal.go.kr/openapi/service/rest/fileDownloadSrvc/files/shelter/2026/04/202605211105537.jpg
441391202600911,시츄,갈색&흰색,견주 반환 예정,M,포승읍 호암길 3,경기도 평택시,종료(반환),http://openapi.animal.go.kr/openapi/service/rest/fileDownloadSrvc/files/shelter/2026/04/20260521110517.jpg
441374202600625,믹스견,갈색,진도 믹스견,M,권선구 수인로598번길 3-24(당수동),경기도 수원시,보호중,http://openapi.animal.go.kr/openapi/service/rest/fileDownloadSrvc/files/shelter/2026/05/202605211405550[1].jpg
430364202600361,셔틀랜드 쉽독,갈색&흰색,견주 전번 교체,M,소제동 298-2,대전광역시 동구,종료(반환),http://openapi.animal.go.kr/openapi/service/rest/fileDownloadSrvc/files/shelter/2026/05/202605211405587.png
429363202600401,믹스견,갈색,26-0293 빌리,M,광산구 진곡동,광주광역시 광산구,보호중,http://openapi.animal.go.kr/openapi/service/rest/fileDownloadSrvc/files/shelter/2026/04/202605211305708.jpg
429363202600400,믹스견,흰색,26-0292 구름,M,광산구 월곡동,광주광역시 광산구,보호중,http://openapi.animal.go.kr/openapi/service/rest/fileDownloadSrvc/files/shelter/2026/04/202605211305955.jpg
429362202600303,믹스견,흰색,26-0291 응심,F,북구 일곡동 535,광주광역시 북구,보호중,http://openapi.animal.go.kr/openapi/service/rest/fileDownloadSrvc/files/shelter/2026/04/20260521110537.jpg
428351202600301,포메라니안,갈색,"긴장했지만 비교적 온순한 편이고 콧물, 털엉킴이 약간있음 ",M,석바위시장 맞은편 ,인천광역시 미추홀구,보호중,http://openapi.animal.go.kr/openapi/service/rest/fileDownloadSrvc/files/shelter/2026/05/202605221405741.png
427514202600119,믹스견,갈색&흰색,입질이 심하고 경계심이 높음,F,효령면 장군리,대구광역시 군위군,보호중,http://openapi.animal.go.kr/openapi/service/rest/fileDownloadSrvc/files/shelter/2026/04/202605211605729.jpg
427514202600118,믹스견,갈색&검정&흰색,경계심이 높고 입질이 심함,F,효령면 장군리,대구광역시 군위군,보호중,http://openapi.animal.go.kr/openapi/service/rest/fileDownloadSrvc/files/shelter/2026/04/20260521160510.jpg
427514202600117,믹스견,갈색&검정&흰색,경계심이 높고 입질이 심함,F,효령면 장군리,대구광역시 군위군,보호중,http://openapi.animal.go.kr/openapi/service/rest/fileDownloadSrvc/files/shelter/2026/04/202605211605243.jpg
427514202600116,믹스견,주황&흰색,겁이 많으나 순한편임,F,삼국유사면 인곡리,대구광역시 군위군,보호중,http://openapi.animal.go.kr/openapi/service/rest/fileDownloadSrvc/files/shelter/2026/04/202605211605713.jpg
427514202600115,믹스견,금색&흰색,순하지만 겁이많음,F,삼국유사면 인곡리,대구광역시 군위군,보호중,http://openapi.animal.go.kr/openapi/service/rest/fileDownloadSrvc/files/shelter/2026/04/202605211605418.jpg
411321202600184,푸들,갈색,"겁 많음, 사람 좋아함, 꼬리없음",F,서초구 방배동 593-68,서울특별시 서초구,보호중,http://openapi.animal.go.kr/openapi/service/rest/fileDownloadSrvc/files/shelter/2026/04/202605211405255.jpg
411312202600352,프렌치 불독,기타(회색),내장칩있음,F,서울시 서대문구 가재울로 40,서울특별시 서대문구,종료(반환),http://openapi.animal.go.kr/openapi/service/rest/fileDownloadSrvc/files/shelter/2026/04/20260521120528.jpg
447511202600697,믹스견,갈색&검정,맨몸상태 온순함 ,F,상주시 공성면 문화로 일대 ,경상북도 상주시,보호중,http://openapi.animal.go.kr/openapi/service/rest/fileDownloadSrvc/files/shelter/2026/04/202605211405693.jpg
447511202600695,믹스견,갈색&검정&흰색,맨몸상태 온순함 ,F,상주시 중동면 오상4길 일대  ,경상북도 상주시,종료(입양),http://openapi.animal.go.kr/openapi/service/rest/fileDownloadSrvc/files/shelter/2026/04/202605211405222.jpg
447511202600694,믹스견,갈색,맨몸상태 온순함 ,F,상주시 중동면 오상4길 일대  ,경상북도 상주시,보호중,http://openapi.animal.go.kr/openapi/service/rest/fileDownloadSrvc/files/shelter/2026/04/202605211405961.jpg
447511202600693,믹스견,갈색&검정,맨몸상태 온순함 ,M,상주시 중동면 오상4길 일대  ,경상북도 상주시,보호중,http://openapi.animal.go.kr/openapi/service/rest/fileDownloadSrvc/files/shelter/2026/04/20260521140561.jpg
447511202600692,믹스견,갈색&검정,맨몸상태 온순함 ,F,상주시 중동면 오상4길 일대  ,경상북도 상주시,보호중,http://openapi.animal.go.kr/openapi/service/rest/fileDownloadSrvc/files/shelter/2026/04/202605211405788.jpg
445478202600326,믹스견,흰색,들개 새끼,M,신림면 부송리,전북특별자치도 고창군,보호중,http://openapi.animal.go.kr/openapi/service/rest/fileDownloadSrvc/files/shelter/2026/05/202605221405196[1].jpg
445478202600325,믹스견,흰색,들개새끼,M,신림면 부송리,전북특별자치도 고창군,보호중,http://openapi.animal.go.kr/openapi/service/rest/fileDownloadSrvc/files/shelter/2026/05/202605221405192.jpg
446501202600126,믹스견,검정색,"쫑긋한 귀, 파란색 목줄 착용, 무리지어 마을을 배회하는 유기견",F,비금면,전라남도 신안군,보호중,http://openapi.animal.go.kr/openapi/service/rest/fileDownloadSrvc/files/shelter/2026/05/202605221805624[4].jpg
446501202600125,믹스견,흰색,"쫑긋한 갈색 귀, 목줄 착용, 붉은색 코",M,비금면,전라남도 신안군,보호중,http://openapi.animal.go.kr/openapi/service/rest/fileDownloadSrvc/files/shelter/2026/05/202605221805622.jpg
446494202600235,믹스견,쵸콜릿색,건강한 상태나 수유가 필요함,F,시종면신학로129,전라남도 영암군,보호중,http://openapi.animal.go.kr/openapi/service/rest/fileDownloadSrvc/files/shelter/2026/05/202605221105213.png
446494202600234,믹스견,레몬색&흰색,건강한 상태나수유가필요함,M,시종면신학로129,전라남도 영암군,보호중,http://openapi.animal.go.kr/openapi/service/rest/fileDownloadSrvc/files/shelter/2026/05/202605221105805.png
446494202600233,믹스견,레몬색&흰색,건강한 상태나수유가필요함,M,시종면신학로129,전라남도 영암군,보호중,http://openapi.animal.go.kr/openapi/service/rest/fileDownloadSrvc/files/shelter/2026/05/202605221005708.png
446494202600232,믹스견,흰색,대체로 건강하며 사회성도 나쁘지않음,M,덕진면영등길55-10번지,전라남도 영암군,보호중,http://openapi.animal.go.kr/openapi/service/rest/fileDownloadSrvc/files/shelter/2026/05/202605221005678.png
431373202600800,믹스견,기타(카오스),6-7개월령 추정,F,서생면 진하리,울산광역시 울주군,보호중,http://openapi.animal.go.kr/openapi/service/rest/fileDownloadSrvc/files/shelter/2026/05/202605221305887.jpg
450650202601223,믹스견,기타(블랙탄),개체관리번호 1039 - 2개월,F,제주시 영평동 제주대학로 187,제주특별자치도,보호중,http://openapi.animal.go.kr/openapi/service/rest/fileDownloadSrvc/files/shelter/2026/04/202605210905760.jpg
450650202601222,믹스견,기타(블랙탄),개체관리번호 1038 - 2개월,F,제주시 영평동 제주대학로 187,제주특별자치도,보호중,http://openapi.animal.go.kr/openapi/service/rest/fileDownloadSrvc/files/shelter/2026/04/202605210905747.jpg
450650202601221,사모예드,흰색,개체관리번호 1037 - 핑크리드줄,F,제주시 외도일동 우정로8길 8,제주특별자치도,보호중,http://openapi.animal.go.kr/openapi/service/rest/fileDownloadSrvc/files/shelter/2026/04/202605210905221.jpg
450650202601220,스피츠,흰색,개체관리번호 1036,F,제주시 외도일동 우정로8길 8,제주특별자치도,보호중,http://openapi.animal.go.kr/openapi/service/rest/fileDownloadSrvc/files/shelter/2026/04/202605210905610.jpg
450650202601219,믹스견,갈색&검정,개체관리번호 1035,F,제주시 해안동 731,제주특별자치도,보호중,http://openapi.animal.go.kr/openapi/service/rest/fileDownloadSrvc/files/shelter/2026/04/202605210905834.jpg
447525202600174,믹스견,금색&흰색,친근하고 온순함,M,매화면,경상북도 울진군,보호중,http://openapi.animal.go.kr/openapi/service/rest/fileDownloadSrvc/files/shelter/2026/05/202605211705283.jpg
447518202600114,믹스견,갈색&흰색,사람을경계하고소침한성격임,Q,영덕군 영해면 괴시리 738번지,경상북도 영덕군,보호중,http://openapi.animal.go.kr/openapi/service/rest/fileDownloadSrvc/files/shelter/2026/05/202605201305664.jpg
446499202600097,믹스견,흰색,흰색,M,고금면 소각장,전라남도 완도군,보호중,http://openapi.animal.go.kr/openapi/service/rest/fileDownloadSrvc/files/shelter/2026/05/202605211305195.jpg
445468202601299,진도견,흰색,사람과 동물에 대한 경계심이 많음.,M,익산시 황등면 황등로 150-1,전북특별자치도 익산시,보호중,http://openapi.animal.go.kr/openapi/service/rest/fileDownloadSrvc/files/shelter/2026/04/202605210905161.jpg
443557202600091,믹스견,검정색,대체적으로 건강한 상태임,M,원평길 50,충청북도 증평군,종료(반환),http://openapi.animal.go.kr/openapi/service/rest/fileDownloadSrvc/files/shelter/2026/05/202605211305668.jpg
441560202600493,믹스견,흰색,온순. 활발. 코 검정. 꼬리 단미 안됨. 털 상태 양호. ,M,경기 포천시 가산면 정금로392번길 92-39 인근,경기도 포천시,보호중,http://openapi.animal.go.kr/openapi/service/rest/fileDownloadSrvc/files/shelter/2026/05/202605211405710[1].jpg
441560202600492,믹스견,흰색,온순. 얌전. 꼬리 단미 안됨. 털 상태 양호. ,M,경기 포천시 가산면 정금로392번길 92-39 인근,경기도 포천시,보호중,http://openapi.animal.go.kr/openapi/service/rest/fileDownloadSrvc/files/shelter/2026/05/202605211405345[1].jpg
441560202600491,믹스견,갈색,온순. 얌전. 꼬리 단미 안됨. 털 상태 양호. ,F,경기 포천시 가산면 정금로392번길 92-39 인근,경기도 포천시,보호중,http://openapi.animal.go.kr/openapi/service/rest/fileDownloadSrvc/files/shelter/2026/05/20260521140526[1].jpg
441560202600490,믹스견,흰색,온순. 얌전. 꼬리 단미 안됨. 털 상태 양호. ,F,경기 포천시 가산면 정금로392번길 92-39 인근,경기도 포천시,보호중,http://openapi.animal.go.kr/openapi/service/rest/fileDownloadSrvc/files/shelter/2026/05/20260521140598.jpg
441560202600489,믹스견,흰색&황갈색,온순. 활발. 꼬리 단미 안됨. 털 상태 양호. ,M,경기 포천시 가산면 정금로392번길 92-39 인근,경기도 포천시,보호중,http://openapi.animal.go.kr/openapi/service/rest/fileDownloadSrvc/files/shelter/2026/05/20260521140535.jpg
441559202600713,믹스견,검정색,겁 있음. 3돌발성 입질. 비듬. 치석. 털갈이 중. 코 검정. 꼬리 단미 안됨. 털 상태 양호. ,M,경기 양주시 남면 상수리 418-2,경기도 양주시,보호중,http://openapi.animal.go.kr/openapi/service/rest/fileDownloadSrvc/files/shelter/2026/05/202605211505785.jpg
441409202600446,믹스견,갈색,온순. 활발. 약간 겁 있음. 진드기 오염. 꼬리 단미 안됨. 털 상태 양호. ,M,경기 김포시 고촌읍 풍곡리 610,경기도 김포시,보호중,http://openapi.animal.go.kr/openapi/service/rest/fileDownloadSrvc/files/shelter/2026/05/202605211405817.jpg
441409202600445,믹스견,검정&흰색,온순. 활발. 약간 겁 있음. 가슴에 흰 털. 꼬리 단미 안됨. 털 상태 양호. ,F,경기 김포시 고촌읍 풍곡리 610,경기도 김포시,보호중,http://openapi.animal.go.kr/openapi/service/rest/fileDownloadSrvc/files/shelter/2026/05/202605211405398.jpg
441406202600524,골든 리트리버,갈색,온순. 활발. 코 검정. 꼬리 단미 안됨. 털 상태 양호. ,F,"경기 파주시 송화로 13 (아동동, 팜스프링아파트)",경기도 파주시,보호중,http://openapi.animal.go.kr/openapi/service/rest/fileDownloadSrvc/files/shelter/2026/05/202605211605495.jpg
441404202600236,믹스견,흰색,경계. 예민. 방어적 입질. 털갈이 중. 코 갈색. 꼬리 단미 안됨. 털 상태 양호. ,F,경기 하남시 서하남로470번길 90 (춘궁동) 인근,경기도 하남시,보호중,http://openapi.animal.go.kr/openapi/service/rest/fileDownloadSrvc/files/shelter/2026/05/20260521150502.jpg
441374202600624,말티즈,흰색,미용되어있음,F,권선구 덕영대로1142번길 23-8(세류동),경기도 수원시,보호중,http://openapi.animal.go.kr/openapi/service/rest/fileDownloadSrvc/files/shelter/2026/05/202605211005366.jpg
431373202600797,말티즈,흰색,"중성화 되어있음, 칩없음",M,청량읍 덕정1길,울산광역시 울주군,보호중,http://openapi.animal.go.kr/openapi/service/rest/fileDownloadSrvc/files/shelter/2026/05/202605210905490.jpg
429362202600302,믹스견,갈색&흰색,26-0290 짹슨,M,북구 용봉동 1250-17,광주광역시 북구,보호중,http://openapi.animal.go.kr/openapi/service/rest/fileDownloadSrvc/files/shelter/2026/04/202605211005318.jpg
428357202600731,믹스견,검정&황갈색,"들개 자견, 겁많음",M,인화리 산 487 부근,인천광역시 강화군,보호중,http://openapi.animal.go.kr/openapi/service/rest/fileDownloadSrvc/files/shelter/2026/05/202605211805962.jpg
428351202600300,스탠다드 닥스훈트,검정&황갈색,약간의 감기증상 이외에는 비교적 양호한 것으로 사료됨,F,주안동 1543-2  근처,인천광역시 미추홀구,보호중,http://openapi.animal.go.kr/openapi/service/rest/fileDownloadSrvc/files/shelter/2026/04/202605211105394.jpg
411317202600248,믹스견,흰색,온순. 활발. 약간 겁 있음. 꼬리 단미 안됨. 털 상태 양호. ,F,서울 금천구 가산로3길 123 (독산동),서울특별시 금천구,보호중,http://openapi.animal.go.kr/openapi/service/rest/fileDownloadSrvc/files/shelter/2026/05/202605211405281.jpg
411317202600247,믹스견,흰색&갈색&탄,온순. 활발. 약간 겁 있음. 꼬리 단미 안됨. 털 상태 양호. ,F,서울 금천구 가산로3길 123 (독산동),서울특별시 금천구,보호중,http://openapi.animal.go.kr/openapi/service/rest/fileDownloadSrvc/files/shelter/2026/05/20260521140556.jpg
411316202600398,말티즈,흰색,온순. 얌전. 미용 흔적. 갈색 하네스. 빨간 리드줄. 유선 종양. 오른쪽 슬개골. 피부 질환.,F,서울 구로구 우마1길 38 (가리봉동),서울특별시 구로구,보호중,http://openapi.animal.go.kr/openapi/service/rest/fileDownloadSrvc/files/shelter/2026/05/202605211405300.jpg
411315202600391,믹스견,갈색,겁 있음. 방어적 입질. 치석. 꼬리 단미 안됨. 털 약간 젖음. ,M,"서울 강서구 까치산로20길 5 (화곡동, 성진타운)",서울특별시 강서구,보호중,http://openapi.animal.go.kr/openapi/service/rest/fileDownloadSrvc/files/shelter/2026/05/202605211405656.jpg
411309202600202,믹스견,갈색,경계. 예민. 방어적 입질. 겁 많음. 치석 약간. 노란색 목줄. 꼬리 단미 안됨. 털 상태 양호. ,F,서울 도봉구 쌍문교 인근,서울특별시 도봉구,보호중,http://openapi.animal.go.kr/openapi/service/rest/fileDownloadSrvc/files/shelter/2026/05/202605211505102.jpg
448567202600718,말티즈,흰색,"분실 신고 접수된 아이, 보호자와 연락됨",F,마산합포구 창포동1가 창포동성아파트,경상남도 창원시 의창성산구,종료(반환),http://openapi.animal.go.kr/openapi/service/rest/fileDownloadSrvc/files/shelter/2026/05/202605201505736.jpg
448547202600403,믹스견,갈색,보호소내 출산,M,경남 거창군 거창읍 가실길 203,경상남도 거창군,보호중,http://openapi.animal.go.kr/openapi/service/rest/fileDownloadSrvc/files/shelter/2026/04/202605201505387.jpeg
448547202600402,믹스견,갈색,보호소내 출산,M,경남 거창군 거창읍 가실길 203,경상남도 거창군,보호중,http://openapi.animal.go.kr/openapi/service/rest/fileDownloadSrvc/files/shelter/2026/04/202605201505684.jpeg
448547202600401,믹스견,갈색,보호소내 출산,F,경남 거창군 거창읍 가실길 203,경상남도 거창군,보호중,http://openapi.animal.go.kr/openapi/service/rest/fileDownloadSrvc/files/shelter/2026/04/202605201505332.jpeg
448547202600400,믹스견,갈색,보호소내 출산,F,경남 거창군 거창읍 가실길 203,경상남도 거창군,보호중,http://openapi.animal.go.kr/openapi/service/rest/fileDownloadSrvc/files/shelter/2026/04/202605201505516.jpeg
448547202600399,믹스견,흰색&검은반점,보호소내 출산,F,경남 거창군 거창읍 가실길 203,경상남도 거창군,보호중,http://openapi.animal.go.kr/openapi/service/rest/fileDownloadSrvc/files/shelter/2026/04/202605201505114.jpeg
448541202600812,믹스견,흰색,흰색털에 검은 코,M,대합면 십이리,경상남도 창녕군,보호중,http://openapi.animal.go.kr/openapi/service/rest/fileDownloadSrvc/files/shelter/2026/04/202605202005935.jpg
447519202600216,골든 리트리버,금색&흰색,"힘이넘침, 귀엽고 사람을 좋아함",M,화양읍 삼신리 무야마우틴파크인근,경상북도 청도군,보호중,http://openapi.animal.go.kr/openapi/service/rest/fileDownloadSrvc/files/shelter/2026/04/202605201405559.jpg
447508202600966,믹스견,검정색,위생불량,M,선산읍 봉곡6길 38-14 ,경상북도 구미시,보호중,http://openapi.animal.go.kr/openapi/service/rest/fileDownloadSrvc/files/shelter/2026/04/202605201505705.jpg
447506202600193,진도견,흰색,"크고 온순함, 머리가 엄청 큼",M,부곡 우방아파트,경상북도 김천시,종료(반환),http://openapi.animal.go.kr/openapi/service/rest/fileDownloadSrvc/files/shelter/2026/04/202605201405175.jpg
447506202600192,믹스견,검정&흰색,어리고 귀여움,F,신곡리 1276-5,경상북도 김천시,보호중,http://openapi.animal.go.kr/openapi/service/rest/fileDownloadSrvc/files/shelter/2026/04/202605201405944.jpg
447506202600191,믹스견,검정&흰색,어리고 귀여움,F,신곡리 1276-5,경상북도 김천시,보호중,http://openapi.animal.go.kr/openapi/service/rest/fileDownloadSrvc/files/shelter/2026/04/202605201405731.jpg
447506202600190,믹스견,갈색&흰색,어리고 귀여움,F,신곡리 1276-5,경상북도 김천시,보호중,http://openapi.animal.go.kr/openapi/service/rest/fileDownloadSrvc/files/shelter/2026/04/20260520140542.jpg
447506202600189,믹스견,갈색&흰색,어리고 귀여움,F,신곡리 1276-5,경상북도 김천시,보호중,http://openapi.animal.go.kr/openapi/service/rest/fileDownloadSrvc/files/shelter/2026/04/202605201405180.jpg
447506202600188,믹스견,갈색&흰색,어리고 귀여움,F,신곡리 1276-5,경상북도 김천시,보호중,http://openapi.animal.go.kr/openapi/service/rest/fileDownloadSrvc/files/shelter/2026/04/20260520140526.jpg
447506202600187,믹스견,흰색,어리고 귀여움,M,신곡리 1276-5,경상북도 김천시,보호중,http://openapi.animal.go.kr/openapi/service/rest/fileDownloadSrvc/files/shelter/2026/04/202605201405711.jpg
447505202600489,믹스견,갈색,사람에게 경계심 있어서 만지기 어려움.,M,산내면 산저길 부근,경상북도 경주시,보호중,http://openapi.animal.go.kr/openapi/service/rest/fileDownloadSrvc/files/shelter/2026/05/202605201305120.jpg
447505202600488,믹스견,황갈색,5자매들 중 가장 작은.. 그래서 더 작고 소중한 아기가나디~!!,F,외동읍 둔전북길 부근,경상북도 경주시,보호중,http://openapi.animal.go.kr/openapi/service/rest/fileDownloadSrvc/files/shelter/2026/04/20260520110594.jpg
447505202600487,믹스견,갈색&흰색,5자매들 중 유일하게 복실복실한 털을 가진 순딩이 복실이 가나디!!,F,외동읍 둔전북길 부근,경상북도 경주시,보호중,http://openapi.animal.go.kr/openapi/service/rest/fileDownloadSrvc/files/shelter/2026/04/202605201105383.jpg
447505202600486,믹스견,크림색,사람이 좋아서 멈추지않는 꼬리.. 노란 원피스가 엄청 잘어울리는 천상 공쥬~!!,F,외동읍 둔전북길 부근,경상북도 경주시,보호중,http://openapi.animal.go.kr/openapi/service/rest/fileDownloadSrvc/files/shelter/2026/04/202605201105377.jpg
447505202600485,믹스견,갈색&검정&흰색,입주위에 살짝 묻은 우유와 똘망한 눈이 매력적인 공쥬~,F,외동읍 둔전북길 부근,경상북도 경주시,보호중,http://openapi.animal.go.kr/openapi/service/rest/fileDownloadSrvc/files/shelter/2026/04/202605201105578.jpg
447505202600484,믹스견,금색&흰색,나 아무것도 몰라요~ 순딩순딩한 눈망울과 성격을 가진 강아지!!,F,외동읍 둔전북길 부근,경상북도 경주시,보호중,http://openapi.animal.go.kr/openapi/service/rest/fileDownloadSrvc/files/shelter/2026/04/202605201105586.jpg
447505202600483,믹스견,갈색&흰색,사람 보면 꼬리 엄청 흔들고 애교가 많음.,F,외동읍 둔전북길 부근,경상북도 경주시,보호중,http://openapi.animal.go.kr/openapi/service/rest/fileDownloadSrvc/files/shelter/2026/05/202605201005502[1].jpg
447505202600482,믹스견,흰색,보호자에게 반환 예정,M,월정교 부근,경상북도 경주시,종료(반환),http://openapi.animal.go.kr/openapi/service/rest/fileDownloadSrvc/files/shelter/2026/05/202605201005211.jpg
447502202600299,말티즈,흰색,"7세이상 추정,꼬질꼬질한 털에 가출한지 꽤 오래 된듯 함 눈과귀가 조금 안좋은듯함",M,경상북도 포항시 남구 송림로10번길 14,경상북도 포항시,보호중,http://openapi.animal.go.kr/openapi/service/rest/fileDownloadSrvc/files/shelter/2026/05/202605201205832.jpg
446496202600181,믹스견,어두운회색,경계심,M,학교면 중천포로 347,전라남도 함평군,보호중,http://openapi.animal.go.kr/openapi/service/rest/fileDownloadSrvc/files/shelter/2026/04/202605201705272[1].jpg
446484202600455,믹스견,갈색,믹스 갈색 수컷 10개월추정(오른쪽앞다리 상처),M,광양소방서(진월면),전라남도 광양시,보호중,http://openapi.animal.go.kr/openapi/service/rest/fileDownloadSrvc/files/shelter/2026/04/202605201705829.jpg
446482202600165,믹스견,흰색,"사상충-양성,접종(종합백신/코로나장염/광견병),데피니트,스팟라인",F,해마루 식자재마트,전라남도 순천시,보호중,http://openapi.animal.go.kr/openapi/service/rest/fileDownloadSrvc/files/shelter/2026/05/202605201705554.jpg
446481202600448,믹스견,검정&흰색,2026-061 자견 / 1차&광견병 접종완료 / 심장사상충약 복용 / 공고일 기준 생후 2개월,F,덕양로 217 공터,전라남도 여수시,보호중,http://openapi.animal.go.kr/openapi/service/rest/fileDownloadSrvc/files/shelter/2026/05/202605201005996.jpeg
445474202600077,믹스견,갈색,"야생화된 들개로 포획틀로 포획, 성격 사나움",M,무주군 무주읍 내도로 607,전북특별자치도 무주군,보호중,http://openapi.animal.go.kr/openapi/service/rest/fileDownloadSrvc/files/shelter/2026/04/202605201405101.jpg
445472202600332,진도견,흰색,파란색 목줄착용,M,삼례읍 삼봉비엘로스 아파트 인근,전북특별자치도 완주군,보호중,http://openapi.animal.go.kr/openapi/service/rest/fileDownloadSrvc/files/shelter/2026/05/202605201505104[2].jpg
445472202600331,믹스견,갈색&검정,발간색 목줄착용. 교통사고후 구조,F,이서면 용서리 777-1,전북특별자치도 완주군,보호중,http://openapi.animal.go.kr/openapi/service/rest/fileDownloadSrvc/files/shelter/2026/05/202605201505809.jpg
444568202600269,믹스견,갈색&검정&흰색,"심장사상충 음성,초록색 목줄 흰색 노끈 착용,털엉킴심함,순함,광견병 종합백신완료(2026/05/20)",M,당진시 송악읍 당고개로 275,충청남도 당진시,보호중,http://openapi.animal.go.kr/openapi/service/rest/fileDownloadSrvc/files/shelter/2026/05/20260520170521.jpg
444462202600422,믹스견,검정&흰색,예민하고 경계심이 많음,M,안면읍 큰장문길 5-20,충청남도 태안군,보호중,http://openapi.animal.go.kr/openapi/service/rest/fileDownloadSrvc/files/shelter/2026/05/202605201705790.jpg
444462202600421,믹스견,갈색&흰색,예민하고 경계심이 많음,M,안면읍 큰장문길 5-20,충청남도 태안군,보호중,http://openapi.animal.go.kr/openapi/service/rest/fileDownloadSrvc/files/shelter/2026/05/202605201705600.jpg
444462202600420,믹스견,흰색,예민하고 경계심이 많음,M,안면읍 큰장문길 5-20,충청남도 태안군,보호중,http://openapi.animal.go.kr/openapi/service/rest/fileDownloadSrvc/files/shelter/2026/05/202605201705840.jpg
444451202600520,푸들,흰색,.,M,청라면 백현장산길 137,충청남도 보령시,종료(반환),http://openapi.animal.go.kr/openapi/service/rest/fileDownloadSrvc/files/shelter/2026/04/202605201605702.jpg
444451202600519,말티즈,흰색,.,M,청라면 백현장산길 137,충청남도 보령시,종료(반환),http://openapi.animal.go.kr/openapi/service/rest/fileDownloadSrvc/files/shelter/2026/04/202605201605230.jpg
443571202601162,믹스견,갈색&검정&흰색,"3개월 반 추정,순한 성격으로 촉촉한 코가 매력적임, 통통한 얼룩배가 귀여움",F,단재로 1542번지 인근,충청북도 청주시,보호중,http://openapi.animal.go.kr/openapi/service/rest/fileDownloadSrvc/files/shelter/2026/04/202605201605677.jpeg
443571202601160,시바,황갈색,"파란색 목줄 착용, 선천적 턱 장애 추정 ",M,토성로 424번길 42,충청북도 청주시,보호중,http://openapi.animal.go.kr/openapi/service/rest/fileDownloadSrvc/files/shelter/2026/05/202605201505531.jpg
443571202601159,시츄,갈색&흰색,주인 반환 예정 ,F,중앙로 83,충청북도 청주시,종료(반환),http://openapi.animal.go.kr/openapi/service/rest/fileDownloadSrvc/files/shelter/2026/05/202605200905890.jpg
443446202600426,믹스견,흰색&황갈색,현재는 건강하나 어려서 추후확인 필요,F,괴산읍 제월로 225-13,충청북도 괴산군,보호중,http://openapi.animal.go.kr/openapi/service/rest/fileDownloadSrvc/files/shelter/2026/05/202605202005409.jpg
443446202600425,믹스견,흰색&검은반점,현재는 건강하나 어려서 추후확인 필요,F,괴산읍 제월로 225-13,충청북도 괴산군,보호중,http://openapi.animal.go.kr/openapi/service/rest/fileDownloadSrvc/files/shelter/2026/05/202605201905117.jpg
443443202600348,믹스견,노란색,[관리번호190]옥천읍 대천리의 축사에서 발견,F,옥천읍,충청북도 옥천군,보호중,http://openapi.animal.go.kr/openapi/service/rest/fileDownloadSrvc/files/shelter/2026/05/202605201805623.jpeg
443439202600318,믹스견,갈색,출산임박  분리 케어/사상충음성,F,마제학성길22 (신니면),충청북도 충주시,보호중,http://openapi.animal.go.kr/openapi/service/rest/fileDownloadSrvc/files/shelter/2026/05/20260520230541.jpg
442434202600231,믹스견,흰색, 귀엽고 순딩한아기 ,F,금강산로380,강원특별자치도 고성군,보호중,http://openapi.animal.go.kr/openapi/service/rest/fileDownloadSrvc/files/shelter/2026/05/20260520130505.jpg
442434202600230,믹스견,흰색&황갈색, 귀엽고 순딩한아기 ,F,금강산로380,강원특별자치도 고성군,보호중,http://openapi.animal.go.kr/openapi/service/rest/fileDownloadSrvc/files/shelter/2026/05/202605201305767.jpg
442434202600229,믹스견,흰색, 귀엽고 순한하얀아기,F,금강산로380,강원특별자치도 고성군,보호중,http://openapi.animal.go.kr/openapi/service/rest/fileDownloadSrvc/files/shelter/2026/05/202605201305423.jpg
442434202600228,믹스견,흰색&황갈색, 귀엽고 순한아기 ,M,금강산로380,강원특별자치도 고성군,보호중,http://openapi.animal.go.kr/openapi/service/rest/fileDownloadSrvc/files/shelter/2026/05/202605201305301.jpg
442434202600227,믹스견,흰색,하얗고 귀엽고 순한아기옆에 갈색털점있음,F,금강산로380,강원특별자치도 고성군,보호중,http://openapi.animal.go.kr/openapi/service/rest/fileDownloadSrvc/files/shelter/2026/05/202605201305449.jpg
442434202600226,믹스견,흰색,하얗고 귀엽고 순한아기,F,금강산로380,강원특별자치도 고성군,보호중,http://openapi.animal.go.kr/openapi/service/rest/fileDownloadSrvc/files/shelter/2026/05/20260520130539.jpg
442430202600072,믹스견,황갈색,경계심이 심하며 사람을 무서워함,Q,갈말읍 궁예로 610,강원특별자치도 철원군,보호중,http://openapi.animal.go.kr/openapi/service/rest/fileDownloadSrvc/files/shelter/2026/05/202605201305723.jpg
442420202600261,푸들,흰색,맨몸 상태로발견,M,소돌 아들바위공원,강원특별자치도 강릉시,보호중,http://openapi.animal.go.kr/openapi/service/rest/fileDownloadSrvc/files/shelter/2026/04/202605201705414.jpg
442418202600611,믹스견,기타(연갈색),온순,F,거두리 160-2,강원특별자치도 춘천시,보호중,http://openapi.animal.go.kr/openapi/service/rest/fileDownloadSrvc/files/shelter/2026/05/202605201305730.jpg
441554202601052,믹스견,흰색,"5-66, 칩없음, 귀여운 진도믹스 아가, 송곳니가는중, 살짝 소심하지만 온순한 성격",M,광주시 탄벌동 일대,경기도 광주시,보호중,http://openapi.animal.go.kr/openapi/service/rest/fileDownloadSrvc/files/shelter/2026/05/202605201705972.jpg
441553202601778,믹스견,흰색,꼬질꼬질 귀여운 아기강아지/겁이 많으나 앙증맞음/밥 잘먹어서 통통한편,F,송산면 신천리 인근,경기도 화성시,보호중,http://openapi.animal.go.kr/openapi/service/rest/fileDownloadSrvc/files/shelter/2026/04/202605201705226.jpg
441408202601019,믹스견,검정&흰색,"3마리 같이 들어옴, 시청에서 구조",M,누르재안길 12-4,경기도 안성시,보호중,http://openapi.animal.go.kr/openapi/service/rest/fileDownloadSrvc/files/shelter/2026/04/202605201205126.jpg
441408202601018,믹스견,검정&흰색,"3마리 같이 들어옴, 시청에서 구조",M,누르재안길 12-4,경기도 안성시,보호중,http://openapi.animal.go.kr/openapi/service/rest/fileDownloadSrvc/files/shelter/2026/04/202605201105150.jpg
441408202601017,믹스견,검정&흰색,"3마리 같이 들어옴, 시청에서 구조",M,누르재안길 12-4,경기도 안성시,보호중,http://openapi.animal.go.kr/openapi/service/rest/fileDownloadSrvc/files/shelter/2026/04/202605201105236.jpg
441401202600520,캐벌리어 킹 찰스 스파니엘,흰색&갈색&탄,"사람 손길에 익숙하고 순한 아이, 하네스와 리드줄 착용상태로 발견",F,조남동 701,경기도 시흥시,종료(반환),http://openapi.animal.go.kr/openapi/service/rest/fileDownloadSrvc/files/shelter/2026/05/202605201405832.jpg
441399202600874,말티즈,흰색,"착하고 사람 손길을 잘 따름, 핑크색 옷 입고 있음",M,화도읍 묵현리 86-4,경기도 남양주시,보호중,http://openapi.animal.go.kr/openapi/service/rest/fileDownloadSrvc/files/shelter/2026/04/202605201505317.png
441399202600873,믹스견,흰색,겁이 많지만 사람의 손길을 피하지 않음,F,화도읍 구암리 195번지,경기도 남양주시,보호중,http://openapi.animal.go.kr/openapi/service/rest/fileDownloadSrvc/files/shelter/2026/04/202605201405613.png
441393202600623,비숑 프리제,기타(백),"순함,검정체크무늬하네스",F,월피로88 부근,경기도 안산시,보호중,http://openapi.animal.go.kr/openapi/service/rest/fileDownloadSrvc/files/shelter/2026/05/202605201405427.jpg
441393202600622,비숑 프리제,기타(백),"하늘색하네스,회색줄 착용",M,월피로88 부근,경기도 안산시,종료(반환),http://openapi.animal.go.kr/openapi/service/rest/fileDownloadSrvc/files/shelter/2026/05/202605201405357.jpg
441378202600634,푸들,검정색,"중성화 수술함,피부병 있음,치석심함",M,수정구 시민로 151번길 119 안전센터,경기도 성남시,보호중,http://openapi.animal.go.kr/openapi/service/rest/fileDownloadSrvc/files/shelter/2026/05/202605201105276.jpg
429360202600252,푸들,주황&흰색,26-0287 피넛,M,서구 금호동,광주광역시 서구,종료(반환),http://openapi.animal.go.kr/openapi/service/rest/fileDownloadSrvc/files/shelter/2026/04/202605201505620.jpg
429360202600251,믹스견,금갈색,26-0286 동명,M,서구 유촌동,광주광역시 서구,보호중,http://openapi.animal.go.kr/openapi/service/rest/fileDownloadSrvc/files/shelter/2026/04/202605201205562.jpg
429360202600250,믹스견,검정&황갈색,26-0285 은명,M,서구 유촌동,광주광역시 서구,보호중,http://openapi.animal.go.kr/openapi/service/rest/fileDownloadSrvc/files/shelter/2026/04/20260520120502.jpg
429360202600249,믹스견,갈색&검정,26-0284 금명,F,서구 유촌동,광주광역시 서구,보호중,http://openapi.animal.go.kr/openapi/service/rest/fileDownloadSrvc/files/shelter/2026/04/202605201105823.jpg
428356202600628,믹스견,갈색,"2개월 추정, 혼자 입소, 굉장히 순하고 얌전함, 깨끗함, 사랑스러워 미치겠음",M,검암동 590,인천광역시 서구,보호중,http://openapi.animal.go.kr/openapi/service/rest/fileDownloadSrvc/files/shelter/2026/05/202605201505356.jpg
427341202600258,비숑 프리제,흰색,온순,F,삼덕동 소풍한끼,대구광역시 중구,보호중,http://openapi.animal.go.kr/openapi/service/rest/fileDownloadSrvc/files/shelter/2026/05/202605201705523.jpg
426338202600092,믹스견,흰색,"기력 저하, 약간의 경계, 흰색",M,남부구조대,부산광역시 수영구,보호중,http://openapi.animal.go.kr/openapi/service/rest/fileDownloadSrvc/files/shelter/2026/05/202605201405943.jpg
445469202600655,믹스견,갈색&검정&흰색,"26-171 자견, 온순하고 사람을 좋아함.",M,감곡로 367,전북특별자치도 정읍시,보호중,http://openapi.animal.go.kr/openapi/service/rest/fileDownloadSrvc/files/shelter/2026/04/202605201605291.jpg
445469202600654,믹스견,흰색,"26-171 자견, 온순하고 사람을 좋아함.",M,감곡로 367,전북특별자치도 정읍시,보호중,http://openapi.animal.go.kr/openapi/service/rest/fileDownloadSrvc/files/shelter/2026/04/202605201605610.jpg
445469202600653,믹스견,갈색&흰색,"26-171 자견, 온순하고 사람을 좋아함.",M,감곡로 367,전북특별자치도 정읍시,보호중,http://openapi.animal.go.kr/openapi/service/rest/fileDownloadSrvc/files/shelter/2026/04/202605201605424.jpg
445469202600652,믹스견,갈색&흰색,"26-171 자견, 온순하고 사람을 좋아함.",F,감곡로 367,전북특별자치도 정읍시,보호중,http://openapi.animal.go.kr/openapi/service/rest/fileDownloadSrvc/files/shelter/2026/04/202605201605802.jpg
445469202600651,믹스견,갈색&흰색,"26-171 자견, 온순하고 사람을 좋아함.",F,감곡로 367,전북특별자치도 정읍시,보호중,http://openapi.animal.go.kr/openapi/service/rest/fileDownloadSrvc/files/shelter/2026/04/202605201605181.jpg
445469202600650,믹스견,갈색&흰색,"26-178 자견, 온순하고 사람을 좋아함.",F,용계2길 34,전북특별자치도 정읍시,보호중,http://openapi.animal.go.kr/openapi/service/rest/fileDownloadSrvc/files/shelter/2026/04/202605201505229.jpg
429363202600398,포메라니안,흰색,"26-0289 옥엽, 동물인수제 입소",F,광산구 소촌동,광주광역시 광산구,보호중,http://openapi.animal.go.kr/openapi/service/rest/fileDownloadSrvc/files/shelter/2026/04/202605201505567.jpg
429363202600397,포메라니안,"기타(갈색,흰색)","26-0288 금지, 동물인수제 입소",M,광산구 소촌동,광주광역시 광산구,보호중,http://openapi.animal.go.kr/openapi/service/rest/fileDownloadSrvc/files/shelter/2026/04/202605201505375.jpg
445469202600649,믹스견,갈색&흰색,"26-178 자견, 온순하고 사람을 좋아함.",F,용계2길 34,전북특별자치도 정읍시,보호중,http://openapi.animal.go.kr/openapi/service/rest/fileDownloadSrvc/files/shelter/2026/04/20260520150510.jpg
445469202600648,믹스견,흰색,"26-178 자견, 온순하고 사람을 좋아함.",F,용계2길 34,전북특별자치도 정읍시,보호중,http://openapi.animal.go.kr/openapi/service/rest/fileDownloadSrvc/files/shelter/2026/04/20260520150565[1].jpg
445469202600647,믹스견,흰색,"26-178 자견, 온순하고 사람을 좋아함.",F,용계2길 34,전북특별자치도 정읍시,보호중,http://openapi.animal.go.kr/openapi/service/rest/fileDownloadSrvc/files/shelter/2026/04/202605201505299.jpg
445469202600646,믹스견,흰색,"26-178 자견, 온순하고 사람을 좋아함.",F,용계2길 34,전북특별자치도 정읍시,보호중,http://openapi.animal.go.kr/openapi/service/rest/fileDownloadSrvc/files/shelter/2026/04/202605201505979.jpg
445469202600645,믹스견,갈색&흰색,"26-178 자견, 온순하고 사람을 좋아함.",M,용계2길 34,전북특별자치도 정읍시,보호중,http://openapi.animal.go.kr/openapi/service/rest/fileDownloadSrvc/files/shelter/2026/04/202605201505550.jpg
445469202600644,믹스견,흰색,"26-178 자견, 온순하고 사람을 좋아함.",M,용계2길 34,전북특별자치도 정읍시,보호중,http://openapi.animal.go.kr/openapi/service/rest/fileDownloadSrvc/files/shelter/2026/04/202605201505984.jpg
447523202600340,믹스견,갈색,이 아이는 한때 한없이 많은 사랑과 애정을 받고 자랐지만 지금은 차가운 거리로 ?겨났어요,M,풍양면 낙상리,경상북도 예천군,보호중,http://openapi.animal.go.kr/openapi/service/rest/fileDownloadSrvc/files/shelter/2026/05/202605221105875.jpeg
445478202600330,믹스견,옅은 황색,들개 새끼,F,성내면 개비골길,전북특별자치도 고창군,보호중,http://openapi.animal.go.kr/openapi/service/rest/fileDownloadSrvc/files/shelter/2026/05/202605221505514.jpg
445478202600329,믹스견,옅은 황색,들개 새끼,M,성내면 개비골길,전북특별자치도 고창군,보호중,http://openapi.animal.go.kr/openapi/service/rest/fileDownloadSrvc/files/shelter/2026/05/202605221505383.jpg
445478202600328,믹스견,옅은 황색,들개 새끼,M,성내면 개비골길,전북특별자치도 고창군,보호중,http://openapi.animal.go.kr/openapi/service/rest/fileDownloadSrvc/files/shelter/2026/05/202605221405691.jpg
431373202600804,믹스견,흰색,"1개월 추정,탈장",M,두동면 은편하리3길,울산광역시 울주군,보호중,http://openapi.animal.go.kr/openapi/service/rest/fileDownloadSrvc/files/shelter/2026/05/202605221305481.jpg
431373202600803,믹스견,크림색,1개월 추정,F,두동면 은편하리3길,울산광역시 울주군,보호중,http://openapi.animal.go.kr/openapi/service/rest/fileDownloadSrvc/files/shelter/2026/05/202605221305970.jpg
431373202600802,믹스견,크림색,1개월 추정,M,두동면 은편하리3길,울산광역시 울주군,보호중,http://openapi.animal.go.kr/openapi/service/rest/fileDownloadSrvc/files/shelter/2026/05/202605221305320.jpg
446493202600118,믹스견,갈색,사람을 경계함.,F,황산면 이목리,전라남도 해남군,보호중,http://openapi.animal.go.kr/openapi/service/rest/fileDownloadSrvc/files/shelter/2026/04/20260519210579.jpg
445468202601295,진도견,흰색,사납고 사람경계심있으며 말라있음,M,익산시 황등면 황등로 150-1,전북특별자치도 익산시,보호중,http://openapi.animal.go.kr/openapi/service/rest/fileDownloadSrvc/files/shelter/2026/04/202605201405829.jpg
450650202601212,믹스견,흰색,개체관리번호 1034 - 4개월,F,서귀포시 남원읍 남원리 185 과수원,제주특별자치도,보호중,http://openapi.animal.go.kr/openapi/service/rest/fileDownloadSrvc/files/shelter/2026/05/202605200905361.jpg
450650202601211,믹스견,흰색,개체관리번호 1033 - 4개월,M,서귀포시 남원읍 남원리 185 과수원,제주특별자치도,보호중,http://openapi.animal.go.kr/openapi/service/rest/fileDownloadSrvc/files/shelter/2026/05/202605200905320.jpg
450650202601210,믹스견,흰색,개체관리번호 1032 - 8개월,M,서귀포시 서홍동 535,제주특별자치도,보호중,http://openapi.animal.go.kr/openapi/service/rest/fileDownloadSrvc/files/shelter/2026/05/20260520090554.jpg
450650202601209,믹스견,흰색,개체관리번호 1031 - 8개월,M,서귀포시 서홍동 535,제주특별자치도,보호중,http://openapi.animal.go.kr/openapi/service/rest/fileDownloadSrvc/files/shelter/2026/05/202605200905821.jpg
450650202601208,믹스견,기타(브린들),"개체관리번호 1030 - 복수 및 전신부종, 심장사상충",F,서귀포시 안덕면 상천로 214 맞은편,제주특별자치도,종료(자연사),http://openapi.animal.go.kr/openapi/service/rest/fileDownloadSrvc/files/shelter/2026/05/202605200905713.jpg
450650202601207,푸들,검정색,개체관리번호 1029 ,M,제주시 용담이동 용문로12길 12 좋은마트,제주특별자치도,보호중,http://openapi.animal.go.kr/openapi/service/rest/fileDownloadSrvc/files/shelter/2026/05/202605200905741.jpg
450650202601206,믹스견,흰색,개체관리번호 1028 - 10개월,M,제주시 한경면 중산간서로 3439-41,제주특별자치도,보호중,http://openapi.animal.go.kr/openapi/service/rest/fileDownloadSrvc/files/shelter/2026/05/202605200805602.jpg
450650202601205,믹스견,기타(브린들),개체관리번호 1027 - 2개월,F,제주시 구좌읍 중산간동로 2226 동부행복치안센터 (송당파출소),제주특별자치도,보호중,http://openapi.animal.go.kr/openapi/service/rest/fileDownloadSrvc/files/shelter/2026/05/202605200805719.jpg
450650202601204,믹스견,검정&흰색,개체관리번호 1026 - 2개월,M,제주시 한림읍 명상로 148-17,제주특별자치도,보호중,http://openapi.animal.go.kr/openapi/service/rest/fileDownloadSrvc/files/shelter/2026/05/202605200805780.jpg
448567202600711,믹스견,황갈색,"들개 포획단 포획, 26년 1월생 추정, 식당 주변 배회하며 손님들 위협",M,의창구 동읍 월잠리 497,경상남도 창원시 의창성산구,보호중,http://openapi.animal.go.kr/openapi/service/rest/fileDownloadSrvc/files/shelter/2026/04/202605200705622.jpg
448567202600710,믹스견,황갈색,"들개 포획단 포획, 26년 1월생 추정, 식당 주변 배회하며 손님들 위협",F,의창구 동읍 월잠리 497,경상남도 창원시 의창성산구,보호중,http://openapi.animal.go.kr/openapi/service/rest/fileDownloadSrvc/files/shelter/2026/04/202605200705444.jpg
448535202600371,믹스견,검정&흰색,김해시-355,F,김해시 내외중앙로 83,경상남도 김해시,보호중,http://openapi.animal.go.kr/openapi/service/rest/fileDownloadSrvc/files/shelter/2026/04/202605201005462.png
448535202600370,믹스견,기타(연갈색),"김해시-354, 3개월미만 추정, 9두 입소",M,김해시 진영로 430-16,경상남도 김해시,보호중,http://openapi.animal.go.kr/openapi/service/rest/fileDownloadSrvc/files/shelter/2026/04/202605201005849.png
448535202600369,믹스견,기타(연갈색),"김해시-353, 3개월미만 추정, 9두 입소",M,김해시 진영로 430-16,경상남도 김해시,보호중,http://openapi.animal.go.kr/openapi/service/rest/fileDownloadSrvc/files/shelter/2026/04/202605201005803.png
448535202600368,믹스견,기타(연갈색),"김해시-352, 3개월미만 추정, 9두 입소",M,김해시 진영로 430-16,경상남도 김해시,보호중,http://openapi.animal.go.kr/openapi/service/rest/fileDownloadSrvc/files/shelter/2026/04/202605201005313.png
448535202600367,믹스견,기타(연갈색),"김해시-351, 3개월미만 추정, 9두 입소",M,김해시 진영로 430-16,경상남도 김해시,보호중,http://openapi.animal.go.kr/openapi/service/rest/fileDownloadSrvc/files/shelter/2026/04/202605201005837.png
448535202600366,믹스견,기타(연갈색),"김해시-350, 3개월미만 추정, 9두 입소",F,김해시 진영로 430-16,경상남도 김해시,보호중,http://openapi.animal.go.kr/openapi/service/rest/fileDownloadSrvc/files/shelter/2026/04/202605201005180.png
448535202600365,믹스견,기타(연갈색),"김해시-349, 3개월미만 추정, 9두 입소",M,김해시 진영로 430-16,경상남도 김해시,보호중,http://openapi.animal.go.kr/openapi/service/rest/fileDownloadSrvc/files/shelter/2026/04/202605201005367.png
448535202600364,믹스견,기타(연갈색),"김해시-348, 3개월미만 추정, 9두 입소",M,김해시 진영로 430-16,경상남도 김해시,보호중,http://openapi.animal.go.kr/openapi/service/rest/fileDownloadSrvc/files/shelter/2026/04/202605201005337.png
448535202600363,믹스견,기타(연갈색),"김해시-347, 3개월 추정, 9두 입소",M,김해시 진영로 430-16,경상남도 김해시,보호중,http://openapi.animal.go.kr/openapi/service/rest/fileDownloadSrvc/files/shelter/2026/04/202605201005867.png
448535202600362,믹스견,기타(연갈색)," 김해시-346, 3개월 추정, 9두 입소",M,김해시 진영로 430-16,경상남도 김해시,보호중,http://openapi.animal.go.kr/openapi/service/rest/fileDownloadSrvc/files/shelter/2026/04/202605201005869.png
447516202600069,믹스견,밤색&흰색,활발하며 사람 잘따름,M,경북 청송군 현서면 백자리,경상북도 청송군,보호중,http://openapi.animal.go.kr/openapi/service/rest/fileDownloadSrvc/files/shelter/2026/04/202605201505740.jpg
447512202600472,믹스견,크림색,돌아다니는 들개로 장모종고 예민하며 농수로에 빠짐,F,산양신전,경상북도 문경시,보호중,http://openapi.animal.go.kr/openapi/service/rest/fileDownloadSrvc/files/shelter/2026/05/202605201505744.jpg
447512202600471,믹스견,황갈색,돌아다니는 들개로 성격이 앙칼짐,M,산양신전,경상북도 문경시,보호중,http://openapi.animal.go.kr/openapi/service/rest/fileDownloadSrvc/files/shelter/2026/05/202605201505935.jpg
447512202600470,믹스견,흰색,"마르고 피부병이 심함,보호소에 묶어둠",F,보호소,경상북도 문경시,보호중,http://openapi.animal.go.kr/openapi/service/rest/fileDownloadSrvc/files/shelter/2026/05/202605201505183[1].jpg
447507202600096,진도견,흰색,목테와체인줄착용 밭에그물걸림 점잖고 매우순함,M,임동면 갈전리 갈밭길,경상북도 안동시,종료(반환),http://openapi.animal.go.kr/openapi/service/rest/fileDownloadSrvc/files/shelter/2026/04/202605202005323.jpg
447507202600095,비글,흰색&갈색&탄,생후5개월.양호.친근.활발함,F,구기차역앞 갈비골목도로변,경상북도 안동시,종료(반환),http://openapi.animal.go.kr/openapi/service/rest/fileDownloadSrvc/files/shelter/2026/05/202605201205517.jpg
446494202600231,믹스견,흰색&황갈색,대체적으로 건강하게 보임,F,영암읍 비바체 펜션,전라남도 영암군,보호중,http://openapi.animal.go.kr/openapi/service/rest/fileDownloadSrvc/files/shelter/2026/05/202605201605742.png
446494202600230,믹스견,레몬색&흰색,대체적으로 건강하게 보임,M,영암읍 비바체 펜션,전라남도 영암군,보호중,http://openapi.animal.go.kr/openapi/service/rest/fileDownloadSrvc/files/shelter/2026/05/202605201505167.png
446494202600229,믹스견,검정색,대체적으로 건강하며 사회성 좋음,M,영암읍 비바체 펜션,전라남도 영암군,보호중,http://openapi.animal.go.kr/openapi/service/rest/fileDownloadSrvc/files/shelter/2026/05/202605201505101.png
446493202600117,믹스견,갈색,사람을 경계함. 목걸이 착용. 꼬리 일부 잘림.,M,삼산면 창리,전라남도 해남군,보호중,http://openapi.animal.go.kr/openapi/service/rest/fileDownloadSrvc/files/shelter/2026/05/202605191505798.jpg
446481202600449,진도견,흰색,칩 등록 확인됨 / 견주 확인 후 인계 예정,F,종고초등학교,전라남도 여수시,보호중,http://openapi.animal.go.kr/openapi/service/rest/fileDownloadSrvc/files/shelter/2026/05/202605201005289.jpeg
446481202600446,믹스견,흰색,3개월령 새끼 강아지 / 온순함 / 종합백신 1차 &광견병 접종 완료,M,화양중학교 뒷편,전라남도 여수시,보호중,http://openapi.animal.go.kr/openapi/service/rest/fileDownloadSrvc/files/shelter/2026/05/202605201005306.jpeg
445478202600321,시바,검정색,활발함,M,고창읍 중앙로,전북특별자치도 고창군,종료(반환),http://openapi.animal.go.kr/openapi/service/rest/fileDownloadSrvc/files/shelter/2026/05/202605192105324.jpg
444454202600760,믹스견,흰색,"소방서구조,경계심심함,사상충양성,안면부상처흔적",M,노성면,충청남도 논산시,보호중,http://openapi.animal.go.kr/openapi/service/rest/fileDownloadSrvc/files/shelter/2026/04/202605201105997.jpg
444452202601225,믹스견,흰색,26-1225호(관리)170호(공고)/6개월령 추정/소심한 성격,F,둔포면 염작리 61-16,충청남도 아산시,보호중,http://openapi.animal.go.kr/openapi/service/rest/fileDownloadSrvc/files/shelter/2026/05/202605201005329.jpg
444452202601224,믹스견,흰색,26-1224호(관리)169호(공고)/6개월령/소심한 성격,F,둔포면 염작리 61-16,충청남도 아산시,보호중,http://openapi.animal.go.kr/openapi/service/rest/fileDownloadSrvc/files/shelter/2026/05/202605201005858.jpg
444452202601223,믹스견,흰색,26-1223호(관리)168호(공고)/6개월령 추정/소심한 성격,F,둔포면 염작리 61-16,충청남도 아산시,보호중,http://openapi.animal.go.kr/openapi/service/rest/fileDownloadSrvc/files/shelter/2026/05/202605201005544.jpg
441560202600484,푸들,갈색,파란색 바탕 가운데 빨간띠 목줄. 생식기 표피에 고름. 코 갈색. 온순. 활발. 꼬리 단미됨. 칩 있음. ,M,경기 포천시 동교로 9-2 (동교동) 인근,경기도 포천시,보호중,http://openapi.animal.go.kr/openapi/service/rest/fileDownloadSrvc/files/shelter/2026/05/202605201505997.jpg
441559202600711,믹스견,갈색,온순. 얌전. 치석. 코 검정. 콧등 분홍. 분홍색 목줄. 꼬리 단미 안됨. 털 상태 양호. ,M,경기 양주시 새터로 92 (옥정동) 옥정생태숲공원,경기도 양주시,보호중,http://openapi.animal.go.kr/openapi/service/rest/fileDownloadSrvc/files/shelter/2026/05/202605201405176.jpg
441559202600710,믹스견,갈색,방어적 입질. 겁 많음. 부분 털 빠짐. 코 검정. 꼬리 단미 안됨. 털 상태 양호. ,M,경기 양주시 은현면 은현로409번길 49 인근,경기도 양주시,보호중,http://openapi.animal.go.kr/openapi/service/rest/fileDownloadSrvc/files/shelter/2026/05/202605201405484.jpg
441414202600343,믹스견,갈색,온순. 얌전. 코 검정. 귀 진한 갈색. 꼬리 단미 안됨. 털 약간 때탐. ,M,경기 연천군 백학면 두백로45번길 7 인근 폐가옥,경기도 연천군,보호중,http://openapi.animal.go.kr/openapi/service/rest/fileDownloadSrvc/files/shelter/2026/05/202605201605881.jpg
441414202600342,믹스견,흰색,온순. 얌전. 코 검정. 꼬리 단미 안됨. 털 약간 때탐. ,M,경기 연천군 백학면 두백로45번길 7 인근 폐가옥,경기도 연천군,보호중,http://openapi.animal.go.kr/openapi/service/rest/fileDownloadSrvc/files/shelter/2026/05/202605201605376.jpg
441414202600341,믹스견,갈색,온순. 활발. 코 검정. 눈물 자국. 귀 접힘. 빨강 바탕 노란 테두리 띠 목줄. ,F,경기 연천군 연천읍 옥산2리~차탄1리 일대,경기도 연천군,보호중,http://openapi.animal.go.kr/openapi/service/rest/fileDownloadSrvc/files/shelter/2026/05/202605201505323.jpg
441414202600340,믹스견,기타(갈/검),활발하나 겁 많음. 코 검정. 꼬리 단미 안됨. 털 약간 때탐. ,F,경기 연천군 백학면 두백로45번길 7 인근 폐가옥,경기도 연천군,보호중,http://openapi.animal.go.kr/openapi/service/rest/fileDownloadSrvc/files/shelter/2026/05/202605201505111[1].jpg
441414202600339,믹스견,기타(갈/검/흰),겁 있음. 경계. 돌발성 입질. 파랑 바탕 중앙 노란 띠 목줄. 꼬리 단미 안됨. 털 상태 양호. ,M,경기 연천군 연천읍 옥산2리~차탄1리 일대,경기도 연천군,보호중,http://openapi.animal.go.kr/openapi/service/rest/fileDownloadSrvc/files/shelter/2026/05/202605201505673.jpg
441414202600336,믹스견,기타(갈/노),경계. 방어적 입질. 유선발달. 코 검정. 꼬리단미안됨. 털 상태 양호.,F,경기 연천군 군남면 황지로 48-1 인근,경기도 연천군,보호중,http://openapi.animal.go.kr/openapi/service/rest/fileDownloadSrvc/files/shelter/2026/05/202605201505423.jpg
441409202600439,푸들,갈색,온순. 활발. 눈물자국. 코 핑크색. 좌전지. 가슴 흰털. 꼬리단미안됨. 털 상태 양호.,F,경기 김포시 대곶면 덕포진로 59 (대명리) 인근,경기도 김포시,보호중,http://openapi.animal.go.kr/openapi/service/rest/fileDownloadSrvc/files/shelter/2026/05/202605201505859.jpg
428356202600627,프렌치 불독,크림색,"최근 미용한 것으로 보임,귀깨끗함,체중&나이미상",M,봉오재1로 120 (국민안전체험관내부),인천광역시 서구,종료(반환),http://openapi.animal.go.kr/openapi/service/rest/fileDownloadSrvc/files/shelter/2026/04/202605201405326.jpg
428353202600433,믹스견,갈색,진도믹스,F,경신상로67,인천광역시 남동구,보호중,http://openapi.animal.go.kr/openapi/service/rest/fileDownloadSrvc/files/shelter/2026/05/202605191805454.jpg
428351202600299,푸들,갈색,피부가 안좋고 치석이 있음,F,아암대로29번길 53-2 근처,인천광역시 미추홀구,종료(반환),http://openapi.animal.go.kr/openapi/service/rest/fileDownloadSrvc/files/shelter/2026/05/202605191705598.jpg
427348202600522,스피츠,흰색,온순함,M,구지 119 안전센터,대구광역시 달성군,보호중,http://openapi.animal.go.kr/openapi/service/rest/fileDownloadSrvc/files/shelter/2026/04/202605191805454.jpg
426340202600231,믹스견,갈색,"핑크색 하네스 착용, 순함, 귀여움, 갈색",F,학리등대로 34,부산광역시 기장군,종료(반환),http://openapi.animal.go.kr/openapi/service/rest/fileDownloadSrvc/files/shelter/2026/05/202605201605442.jpg
426335202600267,포메라니안,흰색,"주인 연락됨, 하늘색 하네스 착용, 순함",M,명장로 26,부산광역시 금정구,종료(반환),http://openapi.animal.go.kr/openapi/service/rest/fileDownloadSrvc/files/shelter/2026/05/202605201105617[1].jpg
411305202600285,믹스견,회색,방어적 입질. 치석. 미용흔적. 꼬리단미안됨. 털 상태 양호.,M,서울 동대문구 전농동 155 인근,서울특별시 동대문구,보호중,http://openapi.animal.go.kr/openapi/service/rest/fileDownloadSrvc/files/shelter/2026/05/202605201405382.jpg
411305202600284,믹스견,갈색&흰색,사나움. 겁 많음. 치석. 양안 결막 출혈. 구강 출혈 흔적. 꼬리 단미 안됨. 털 상태 양호. 칩 있음. ,M,서울 동대문구 망우로18라길 33 (휘경동),서울특별시 동대문구,보호중,http://openapi.animal.go.kr/openapi/service/rest/fileDownloadSrvc/files/shelter/2026/05/202605201405429.jpg
448567202600706,믹스견,흰색,"들개 포획단 포획, 25년 1월생 추정, 농작물 파헤침",M,의창구 동읍 노연리 123-2,경상남도 창원시 의창성산구,보호중,http://openapi.animal.go.kr/openapi/service/rest/fileDownloadSrvc/files/shelter/2026/05/202605191505390.jpg
448567202600705,믹스견,흰색,"들개 포획단 포획, 농작물 파헤침",F,의창구 동읍 노연리 123-2,경상남도 창원시 의창성산구,보호중,http://openapi.animal.go.kr/openapi/service/rest/fileDownloadSrvc/files/shelter/2026/05/202605191505360.jpg
448567202600704,믹스견,황갈색,"들개 포획단 포획, 26년 1월생 추정, 식당 주변 배회하며 손님들 위협",F,의창구 동읍 월잠리 497,경상남도 창원시 의창성산구,보호중,http://openapi.animal.go.kr/openapi/service/rest/fileDownloadSrvc/files/shelter/2026/05/202605191405513.jpg
448567202600703,믹스견,갈색,"들개 포획단 포획, 25년 6월생 추정, 식당 주변 배회하며 손님들 위협",M,의창구 동읍 월잠리 497,경상남도 창원시 의창성산구,보호중,http://openapi.animal.go.kr/openapi/service/rest/fileDownloadSrvc/files/shelter/2026/05/202605191405976.jpg
448548202600493,믹스견,갈색,빈집 발견 ,F,쌍백면,경상남도 합천군,보호중,http://openapi.animal.go.kr/openapi/service/rest/fileDownloadSrvc/files/shelter/2026/05/202605191405317.jpg
448548202600492,믹스견,갈색,"마을산 배회, 사람 경계 ",M,초계면,경상남도 합천군,보호중,http://openapi.animal.go.kr/openapi/service/rest/fileDownloadSrvc/files/shelter/2026/05/202605191405475.jpg
448542202600581,믹스견,크림색,관리번호 6-064/ 피부병 심함,F,삼산면 장치2길 565,경상남도 고성군,보호중,http://openapi.animal.go.kr/openapi/service/rest/fileDownloadSrvc/files/shelter/2026/04/202605191405469.jpeg
448542202600580,푸들,흰색,관리번호 6-063,M,대가면 갈천로 612,경상남도 고성군,보호중,http://openapi.animal.go.kr/openapi/service/rest/fileDownloadSrvc/files/shelter/2026/04/20260519140591.jpeg
448542202600579,페키니즈,황갈색,관리번호 6-062,M,당동 미소카페 인근,경상남도 고성군,보호중,http://openapi.animal.go.kr/openapi/service/rest/fileDownloadSrvc/files/shelter/2026/04/202605191405751.jpeg
448541202600810,믹스견,검정색,가슴과 턱 밑에 흰털,M,성산면 대산리,경상남도 창녕군,보호중,http://openapi.animal.go.kr/openapi/service/rest/fileDownloadSrvc/files/shelter/2026/05/202605192005364.jpg
448541202600808,믹스견,갈색&흰색,갈색에 부분 흰털,F,대합면 구미리,경상남도 창녕군,보호중,http://openapi.animal.go.kr/openapi/service/rest/fileDownloadSrvc/files/shelter/2026/05/202605192005938.png
448537202601125,믹스견,흰색,틀에잡힘,M,남부면 대포마을 ,경상남도 거제시,보호중,http://openapi.animal.go.kr/openapi/service/rest/fileDownloadSrvc/files/shelter/2026/05/202605191105803[1].jpg
448536202600405,믹스견,검정&흰색,7마리 깜둥이 남매들,M,활성동,경상남도 밀양시,보호중,http://openapi.animal.go.kr/openapi/service/rest/fileDownloadSrvc/files/shelter/2026/05/202605191505668.jpg
448536202600404,믹스견,갈색&검정&흰색,7마리 깜둥이 남매들,M,활성동,경상남도 밀양시,보호중,http://openapi.animal.go.kr/openapi/service/rest/fileDownloadSrvc/files/shelter/2026/05/202605191505773.jpg
448536202600402,믹스견,검정&흰색,7마리 깜둥이 남매들,F,활성동,경상남도 밀양시,보호중,http://openapi.animal.go.kr/openapi/service/rest/fileDownloadSrvc/files/shelter/2026/05/202605191505164.jpg
448536202600401,믹스견,갈색&검정&흰색,7마리 깜둥이 남매들,M,활성동,경상남도 밀양시,보호중,http://openapi.animal.go.kr/openapi/service/rest/fileDownloadSrvc/files/shelter/2026/05/202605191505118.jpg
448536202600400,믹스견,검정&흰색,7마리 깜둥이 남매들,F,활성동,경상남도 밀양시,보호중,http://openapi.animal.go.kr/openapi/service/rest/fileDownloadSrvc/files/shelter/2026/05/202605191505350.jpg
448536202600399,믹스견,검정&흰색,7마리 깜둥이 남매들,M,활성동,경상남도 밀양시,보호중,http://openapi.animal.go.kr/openapi/service/rest/fileDownloadSrvc/files/shelter/2026/05/202605191505700.jpg
448536202600398,믹스견,검정&흰색,7마리 깜둥이 남매들,F,활성동,경상남도 밀양시,보호중,http://openapi.animal.go.kr/openapi/service/rest/fileDownloadSrvc/files/shelter/2026/05/202605191505405.jpg
448536202600396,믹스견,갈색&검정&흰색,"큰 귀가 매력적, 매우 순함",M,상동면,경상남도 밀양시,보호중,http://openapi.animal.go.kr/openapi/service/rest/fileDownloadSrvc/files/shelter/2026/05/202605191505952.jpg
448536202600391,믹스견,흰색,"3마리 자매, 매우 얌전함",F,하남읍,경상남도 밀양시,보호중,http://openapi.animal.go.kr/openapi/service/rest/fileDownloadSrvc/files/shelter/2026/05/202605191305475.jpg
448536202600390,믹스견,흰색,"3마리 자매, 매우 얌전함, 자매 중 유일하게 동경이같은 짧은꼬리를 가지고 있음",F,하남읍,경상남도 밀양시,보호중,http://openapi.animal.go.kr/openapi/service/rest/fileDownloadSrvc/files/shelter/2026/05/20260519130580.jpg
448536202600389,믹스견,흰색,"3마리 자매, 매우 얌전함",F,하남읍,경상남도 밀양시,보호중,http://openapi.animal.go.kr/openapi/service/rest/fileDownloadSrvc/files/shelter/2026/05/202605191305340.jpg
448531202600887,믹스견,흰색,순하고 착함 (눈물자국),F,진주시 집현면 진사로 581,경상남도 진주시,보호중,http://openapi.animal.go.kr/openapi/service/rest/fileDownloadSrvc/files/shelter/2026/05/202605191105638.jpg
448531202600886,믹스견,흰색,순하고 착함 (귀가 쫑긋),F,진주시 집현면 진사로 581,경상남도 진주시,보호중,http://openapi.animal.go.kr/openapi/service/rest/fileDownloadSrvc/files/shelter/2026/05/202605191105239.jpg
447511202600660,믹스견,레몬색&흰색,맨몸상태 온순함 ,F,상주시 용마로일대,경상북도 상주시,보호중,http://openapi.animal.go.kr/openapi/service/rest/fileDownloadSrvc/files/shelter/2026/05/202605191505429.jpg
447510202600308,믹스견,흰색,순한편,F,영천아이시로 106-35,경상북도 영천시,보호중,http://openapi.animal.go.kr/openapi/service/rest/fileDownloadSrvc/files/shelter/2026/05/202605190905556.jpg
447510202600307,믹스견,흰색,순한편,M,영천아이시로 106-35,경상북도 영천시,보호중,http://openapi.animal.go.kr/openapi/service/rest/fileDownloadSrvc/files/shelter/2026/05/20260519090532[1].jpg
447510202600306,믹스견,흰색,"순한편, 어미견. 새끼 5마리 있음",F,영천아이시로 106-35,경상북도 영천시,보호중,http://openapi.animal.go.kr/openapi/service/rest/fileDownloadSrvc/files/shelter/2026/05/202605190905793.jpg
447510202600305,믹스견,검정&황갈색,순한편,M,금호 119안전센터,경상북도 영천시,보호중,http://openapi.animal.go.kr/openapi/service/rest/fileDownloadSrvc/files/shelter/2026/05/202605190905669.jpg
447510202600304,믹스견,검정색,순한편,M,오미동 팔각정,경상북도 영천시,보호중,http://openapi.animal.go.kr/openapi/service/rest/fileDownloadSrvc/files/shelter/2026/05/20260519090530.jpg
447509202600132,믹스견,갈색&흰색,순함. 경계성 있음.,M,장수면 장안로 241,경상북도 영주시,보호중,http://openapi.animal.go.kr/openapi/service/rest/fileDownloadSrvc/files/shelter/2026/05/202605190905471.jpg
447509202600131,믹스견,흰색,순함. 경계성 있음.,F,문수면 월호리 170,경상북도 영주시,보호중,http://openapi.animal.go.kr/openapi/service/rest/fileDownloadSrvc/files/shelter/2026/05/202605190905853.jpg
447508202600964,말티즈,흰색,순함 / 겁이많음 / ,F,인동남길 66 (베스트동물병원),경상북도 구미시,보호중,http://openapi.animal.go.kr/openapi/service/rest/fileDownloadSrvc/files/shelter/2026/04/202605191405457.jpg
447506202600180,푸들,갈색,"사람을 잘 따르고 얌전함, 중성화 O",M,모산지 인근,경상북도 김천시,보호중,http://openapi.animal.go.kr/openapi/service/rest/fileDownloadSrvc/files/shelter/2026/04/20260519110538.jpg
447506202600179,믹스견,검정&황갈색,"활발하고 애교 많음, 사람을 따라다님",F,조마면 신왕2길,경상북도 김천시,보호중,http://openapi.animal.go.kr/openapi/service/rest/fileDownloadSrvc/files/shelter/2026/04/202605191105964.jpg
446501202600124,믹스견,흰색,"쫑긋한 귀, 파란색 목줄 착용, 빨간색 코",F,압해읍,전라남도 신안군,보호중,http://openapi.animal.go.kr/openapi/service/rest/fileDownloadSrvc/files/shelter/2026/05/202605191905611.jpg
446501202600123,믹스견,흰색,"갈색 누운 귀, 관리가 필요한 유기 자견",F,압해읍,전라남도 신안군,보호중,http://openapi.animal.go.kr/openapi/service/rest/fileDownloadSrvc/files/shelter/2026/05/202605191905143.jpg
446501202600122,믹스견,흰색,"누운 귀, 빨간색 코, 보호가 필요한 유기자견",F,압해읍,전라남도 신안군,보호중,http://openapi.animal.go.kr/openapi/service/rest/fileDownloadSrvc/files/shelter/2026/05/202605191905547.jpg
446496202600180,믹스견,흰색,경계심,F,신광면 가덕리 192,전라남도 함평군,보호중,http://openapi.animal.go.kr/openapi/service/rest/fileDownloadSrvc/files/shelter/2026/05/202605190805923.jpg
446495202600083,믹스견,옅은 황색,순하며 활발함.,F,무안읍 서라아파트,전라남도 무안군,종료(반환),http://openapi.animal.go.kr/openapi/service/rest/fileDownloadSrvc/files/shelter/2026/05/202605191305327.jpg
446495202600082,믹스견,검정&흰색,순하며 활발함.,M,현경면 외반리 270-2,전라남도 무안군,보호중,http://openapi.animal.go.kr/openapi/service/rest/fileDownloadSrvc/files/shelter/2026/05/202605191305674.jpg
446483202600708,믹스견,흰색,생후2개월정도로보임 공산119센터에서구조,M,나주시공산면119센터,전라남도 나주시,보호중,http://openapi.animal.go.kr/openapi/service/rest/fileDownloadSrvc/files/shelter/2026/04/202605191805784.jpg
446482202600150,믹스견,흰색,"사상충-양성,접종(종합백신/코로나장염/광견병),데피니트,스팟라인",M,향림사,전라남도 순천시,보호중,http://openapi.animal.go.kr/openapi/service/rest/fileDownloadSrvc/files/shelter/2026/05/20260519150548.jpg
446481202600443,믹스견,갈색&검정,2개월령 새끼 강아지 / 1차 접종 완료,M,봉산동 해양경찰서 옆 컨테이너,전라남도 여수시,보호중,http://openapi.animal.go.kr/openapi/service/rest/fileDownloadSrvc/files/shelter/2026/05/202605191305300.jpeg
446480202600597,말티즈,흰색,"노랑색계열옷 착용, 노령견",M,중앙하이츠@,전라남도 목포시,종료(반환),http://openapi.animal.go.kr/openapi/service/rest/fileDownloadSrvc/files/shelter/2026/04/202605191505766.jpg
446480202600596,믹스견,검정 황갈색&흰색,"녹색목줄착용, 이른아침 역사내를 배회",M,목포역,전라남도 목포시,보호중,http://openapi.animal.go.kr/openapi/service/rest/fileDownloadSrvc/files/shelter/2026/04/202605191505988.jpg
445479202600536,믹스견,갈색,경계심 있어보임.,F, 주산면  갈촌1길 9-1,전북특별자치도 부안군,보호중,http://openapi.animal.go.kr/openapi/service/rest/fileDownloadSrvc/files/shelter/2026/04/202605191305102[1].jpg
445479202600535,믹스견,갈색,목줄착용.,F, 주산면  갈촌1길 9-1,전북특별자치도 부안군,보호중,http://openapi.animal.go.kr/openapi/service/rest/fileDownloadSrvc/files/shelter/2026/04/202605191305665.jpg
445479202600534,믹스견,갈색,목줄착용.,F, 주산면  갈촌1길 9-1,전북특별자치도 부안군,보호중,http://openapi.animal.go.kr/openapi/service/rest/fileDownloadSrvc/files/shelter/2026/04/202605191305296.jpg
445479202600533,믹스견,갈색&흰색,털이많이자란편.,F, 주산면  갈촌1길 9-1,전북특별자치도 부안군,보호중,http://openapi.animal.go.kr/openapi/service/rest/fileDownloadSrvc/files/shelter/2026/04/202605191305748.jpg
445479202600532,믹스견,갈색,경계심 있어보임.,M, 주산면  갈촌1길 9-1,전북특별자치도 부안군,보호중,http://openapi.animal.go.kr/openapi/service/rest/fileDownloadSrvc/files/shelter/2026/04/202605191305463[1].jpg
445479202600531,믹스견,갈색&흰색,새끼 강아지.,M, 주산면  갈촌1길 9-1,전북특별자치도 부안군,보호중,http://openapi.animal.go.kr/openapi/service/rest/fileDownloadSrvc/files/shelter/2026/04/202605191305884.jpg
445479202600530,믹스견,검정색,경계심 있어보임.,M, 주산면  갈촌1길 9-1,전북특별자치도 부안군,보호중,http://openapi.animal.go.kr/openapi/service/rest/fileDownloadSrvc/files/shelter/2026/04/202605191305643.jpg
445479202600529,믹스견,갈색,새끼 강아지.,M, 주산면  갈촌1길 9-1,전북특별자치도 부안군,보호중,http://openapi.animal.go.kr/openapi/service/rest/fileDownloadSrvc/files/shelter/2026/04/202605191305738.jpg
445479202600528,믹스견,갈색&검정,새끼 강아지.,F, 주산면  갈촌1길 9-1,전북특별자치도 부안군,보호중,http://openapi.animal.go.kr/openapi/service/rest/fileDownloadSrvc/files/shelter/2026/04/202605191305845.jpg
445479202600527,믹스견,갈색, 목줄착용.,F, 주산면  갈촌1길 9-1,전북특별자치도 부안군,보호중,http://openapi.animal.go.kr/openapi/service/rest/fileDownloadSrvc/files/shelter/2026/04/202605191305177.jpg
445479202600526,믹스견,흰색, 목줄착용.,F, 하서면 운암길 28-7,전북특별자치도 부안군,보호중,http://openapi.animal.go.kr/openapi/service/rest/fileDownloadSrvc/files/shelter/2026/04/20260519090535.jpg
445479202600525,믹스견,흰색, 목줄착용.,F, 하서면 운암길 28-7,전북특별자치도 부안군,보호중,http://openapi.animal.go.kr/openapi/service/rest/fileDownloadSrvc/files/shelter/2026/04/202605190905435.jpg
445479202600524,믹스견,검정색, 목줄착용.,F, 하서면 운암길 28-7,전북특별자치도 부안군,보호중,http://openapi.animal.go.kr/openapi/service/rest/fileDownloadSrvc/files/shelter/2026/04/202605190905294.jpg
445479202600523,믹스견,흰색, 새끼 강아지.,M, 하서면 운암길 28-7,전북특별자치도 부안군,보호중,http://openapi.animal.go.kr/openapi/service/rest/fileDownloadSrvc/files/shelter/2026/04/202605190905377.jpg
445479202600522,믹스견,검정색, 새끼 강아지.(목줄착용),M, 하서면 운암길 28-7,전북특별자치도 부안군,보호중,http://openapi.animal.go.kr/openapi/service/rest/fileDownloadSrvc/files/shelter/2026/04/202605190905306.jpg
445479202600521,믹스견,흰색, 새끼 강아지.,M, 하서면 운암길 28-7,전북특별자치도 부안군,보호중,http://openapi.animal.go.kr/openapi/service/rest/fileDownloadSrvc/files/shelter/2026/04/202605190805101.jpg
445478202600318,믹스견,갈색&검정&흰색,들개 새끼,M,부안면 용현2길,전북특별자치도 고창군,보호중,http://openapi.animal.go.kr/openapi/service/rest/fileDownloadSrvc/files/shelter/2026/05/202605191405807.jpg
445472202600329,웰시 코기 펨브로크,갈색&흰색,빨간색 목줄착용. 교통사고후 구조,M,용진읍 부평길 43-34,전북특별자치도 완주군,보호중,http://openapi.animal.go.kr/openapi/service/rest/fileDownloadSrvc/files/shelter/2026/05/202605191705147.jpg
445470202600664,믹스견,기타(믹스),교통사고로 다쳤지만 순하고 사람을 잘 따르는 아이입니다.,M,산내면 천왕봉로 525,전북특별자치도 남원시,보호중,http://openapi.animal.go.kr/openapi/service/rest/fileDownloadSrvc/files/shelter/2026/04/202605191405500.jpg
445470202600663,믹스견,갈색,털이곱고 순해 사람을 잘 따르는 아이입니다.,M,금지면,전북특별자치도 남원시,보호중,http://openapi.animal.go.kr/openapi/service/rest/fileDownloadSrvc/files/shelter/2026/04/202605191405996.jpg
445470202600662,믹스견,갈색,털이곱고 순해 사람을 잘 따르는 아이입니다.,F,금지면,전북특별자치도 남원시,보호중,http://openapi.animal.go.kr/openapi/service/rest/fileDownloadSrvc/files/shelter/2026/04/202605191405175.jpg
445468202601270,믹스견,검정&흰색,사람에 대한 경계심이 많고 겁이많아보임.,M,익산시 황등면 황등로 150-1,전북특별자치도 익산시,보호중,http://openapi.animal.go.kr/openapi/service/rest/fileDownloadSrvc/files/shelter/2026/05/202605191505717[1].jpg
445468202601269,믹스견,갈색,생후 2개월정도 되어보이며 사람에 대한 경계심 있음.,F,익산시 망성면 어량리 5-16,전북특별자치도 익산시,보호중,http://openapi.animal.go.kr/openapi/service/rest/fileDownloadSrvc/files/shelter/2026/05/202605191505785.jpg
445468202601268,믹스견,흰색,생후 2개월정도 되어보이며 사람에 대한 경계심이있음,F,익산시 망성면 어량리 5-16,전북특별자치도 익산시,보호중,http://openapi.animal.go.kr/openapi/service/rest/fileDownloadSrvc/files/shelter/2026/05/202605191505434.jpg
444568202600261,믹스견,갈색&검정&흰색,"순함. 코로나, 종합백신 1차 완료 (05/19)",M,당진시 합덕읍 덕평로 508,충청남도 당진시,보호중,http://openapi.animal.go.kr/openapi/service/rest/fileDownloadSrvc/files/shelter/2026/04/202605191705793[1].jpg
444568202600260,믹스견,엷은 황갈색&흰색,"입양 완료 (05/30 전산처리예정) 순함. 코로나, 종합백신 1차 완료 (05/19)",M,당진시 합덕읍 덕평로 508,충청남도 당진시,보호중,http://openapi.animal.go.kr/openapi/service/rest/fileDownloadSrvc/files/shelter/2026/04/202605191705920.jpg
444568202600259,믹스견,갈색&검정,"순함. 코로나, 종합백신 1차 완료 (05/19)",F,당진시 합덕읍 덕평로 508,충청남도 당진시,보호중,http://openapi.animal.go.kr/openapi/service/rest/fileDownloadSrvc/files/shelter/2026/04/202605191705477.jpg
444568202600258,믹스견,갈색&흰색,"순함. 코로나, 종합백신 1차 완료 (05/19)",F,당진시 합덕읍 덕평로 508,충청남도 당진시,보호중,http://openapi.animal.go.kr/openapi/service/rest/fileDownloadSrvc/files/shelter/2026/04/202605191705922.jpg
444568202600257,믹스견,엷은 황갈색&흰색,"경계심함. 입질 심함. 광견병, 종합백신 완료(05/19)",F,당진시 합덕읍 덕평로 508,충청남도 당진시,보호중,http://openapi.animal.go.kr/openapi/service/rest/fileDownloadSrvc/files/shelter/2026/04/202605191705582.jpg
444568202600256,믹스견,갈색&검정&흰색,"순함. 코로나, 종합백신 1차 완료 (05/19)",M,당진시 고대면 구로1길 20-11,충청남도 당진시,보호중,http://openapi.animal.go.kr/openapi/service/rest/fileDownloadSrvc/files/shelter/2026/04/202605191705687.jpg
444568202600255,믹스견,갈색&검정&흰색,"순함. 코로나, 종합백신 1차 완료 (05/19)",M,당진시 고대면 구로1길 20-11,충청남도 당진시,보호중,http://openapi.animal.go.kr/openapi/service/rest/fileDownloadSrvc/files/shelter/2026/04/202605191705543.jpg
444568202600254,믹스견,갈색&검정&흰색,"입양완료(5/30 전산처리예정)순함. 코로나, 종합백신 1차 완료 (05/19)",M,당진시 고대면 구로1길 20-11,충청남도 당진시,보호중,http://openapi.animal.go.kr/openapi/service/rest/fileDownloadSrvc/files/shelter/2026/04/202605191705688.jpg
444568202600253,믹스견,갈색&검정&흰색,"순함. 코로나, 종합백신 1차 완료 (05/19)",F,당진시 고대면 구로1길 20-11,충청남도 당진시,보호중,http://openapi.animal.go.kr/openapi/service/rest/fileDownloadSrvc/files/shelter/2026/04/202605191705892.jpg
444568202600252,믹스견,갈색&검정&흰색,"순함. 코로나, 종합백신 1차 완료 (05/19)",F,당진시 고대면 구로1길 20-11,충청남도 당진시,보호중,http://openapi.animal.go.kr/openapi/service/rest/fileDownloadSrvc/files/shelter/2026/04/202605191705741.jpg
444568202600251,믹스견,갈색,"순함. 심장사상충 양성. 광견병, 종합 백신 완료(05/19)",F,당진시 고대면 구로1길 20-11,충청남도 당진시,보호중,http://openapi.animal.go.kr/openapi/service/rest/fileDownloadSrvc/files/shelter/2026/04/202605191705951.jpg
444462202600419,믹스견,황갈색,겁이 많음,M,양지길 186,충청남도 태안군,보호중,http://openapi.animal.go.kr/openapi/service/rest/fileDownloadSrvc/files/shelter/2026/04/202605191705491.jpg
444453202600693,믹스견,흰색,"순함, 입소 당시 4개월령 추정, 입소 당시 방울 달린 붉은 목줄 착용",F,부석면 지산리 모래채취장 인근,충청남도 서산시,보호중,http://openapi.animal.go.kr/openapi/service/rest/fileDownloadSrvc/files/shelter/2026/04/20260519150539[1].jpg
444450202600464,믹스견,흰색,"전신 피부염, 심장사상충&파보 음성, 종합&광견병 백신, 심장사상충약, 피부치료",F,"공주시 풍물거리길 56, 윤씨상회 주변",충청남도 공주시,보호중,http://openapi.animal.go.kr/openapi/service/rest/fileDownloadSrvc/files/shelter/2026/05/202605191605623.jpg
444449202601166,믹스견,호반색(호랑이무늬),"순함, 진드기 감영, 심장사상충 양성, 젖 불어있음",F,동남구 목천읍 삼성리 244,충청남도 천안시,보호중,http://openapi.animal.go.kr/openapi/service/rest/fileDownloadSrvc/files/shelter/2026/04/202605191505657.jpg
443571202601157,이탈리안 그레이 하운드,회색,"주황색 담요,보라색 하네스와 함께 발견 순한 아이 ",M,상당구 용암동 3848,충청북도 청주시,보호중,http://openapi.animal.go.kr/openapi/service/rest/fileDownloadSrvc/files/shelter/2026/05/202605191605521.jpg
443557202600090,믹스견,갈색,육안적 소견으로 건강한 상태이나 사상충 감염견으로 예후는 불량함,M,초중리 549-9 그레이스빌,충청북도 증평군,보호중,http://openapi.animal.go.kr/openapi/service/rest/fileDownloadSrvc/files/shelter/2026/04/202605191505779.jpg
443447202600269,요크셔 테리어,갈색,성격이 온순한 편입니다,M,삼성면 천평가든 주변,충청북도 음성군,보호중,http://openapi.animal.go.kr/openapi/service/rest/fileDownloadSrvc/files/shelter/2026/04/202605191105333.jpg
443440202600199,믹스견,흰색,심장사상충양성,M,백운면 화당로186-1,충청북도 제천시,보호중,http://openapi.animal.go.kr/openapi/service/rest/fileDownloadSrvc/files/shelter/2026/04/202605191305594.jpg
443439202600317,믹스견,갈색&흰색,"길거리배회, 순함, 사상충음성",F,봉방동 복지센터 인근,충청북도 충주시,보호중,http://openapi.animal.go.kr/openapi/service/rest/fileDownloadSrvc/files/shelter/2026/04/20260519190574.jpg
442431202600124,믹스견,검정 황갈색&흰색,"앞다리 절단, 야산에서 덫에 걸린 것으로 추정된다고 함. 온순하나 약간의 경계를 함",M,화천읍 호음로 812-184,강원특별자치도 화천군,보호중,http://openapi.animal.go.kr/openapi/service/rest/fileDownloadSrvc/files/shelter/2026/04/202605191105171.jpg
442431202600123,믹스견,호반색(호랑이무늬),약간의 경계를 하나 사람 손을 피하지는 않음,F,화천읍 호음로 812-184,강원특별자치도 화천군,보호중,http://openapi.animal.go.kr/openapi/service/rest/fileDownloadSrvc/files/shelter/2026/04/202605191105731.jpg
442431202600122,믹스견,갈색,현재는 매우 겁이 많고 경계가 심하지만 계속 관찰 중,M,화천읍 호음로 812-184,강원특별자치도 화천군,보호중,http://openapi.animal.go.kr/openapi/service/rest/fileDownloadSrvc/files/shelter/2026/04/202605191105484.jpg
442431202600121,믹스견,흰색,현재는 매우 겁이 많고 경계가 심하지만 계속 관찰 중,F,화천읍 호음로 812-184,강원특별자치도 화천군,보호중,http://openapi.animal.go.kr/openapi/service/rest/fileDownloadSrvc/files/shelter/2026/04/202605191105615.jpg
442423202600210,믹스견,검정&황갈색,사람을잘따름,M,늘푸른아파트 105동,강원특별자치도 속초시,종료(반환),http://openapi.animal.go.kr/openapi/service/rest/fileDownloadSrvc/files/shelter/2026/05/202605191505892[2].jpg
442420202600256,미니어쳐 닥스훈트,흑갈색,"사진 속 목걸이 착용, 한쪽 귀가 짧은 외형적 특징",M,중앙초등학교 앞,강원특별자치도 강릉시,보호중,http://openapi.animal.go.kr/openapi/service/rest/fileDownloadSrvc/files/shelter/2026/04/202605191305515.jpg
442418202600610,믹스견,갈색,겁이조금있음,M,세경5차아파트 부근,강원특별자치도 춘천시,보호중,http://openapi.animal.go.kr/openapi/service/rest/fileDownloadSrvc/files/shelter/2026/05/202605191605485.jpg
441553202601766,푸들,갈색, 순하고 너무 착한 갈색푸들/칩 없음/사람 좋아함/친구들이랑도 잘 지내는편,M,향남읍 발안공단로 인근,경기도 화성시,보호중,http://openapi.animal.go.kr/openapi/service/rest/fileDownloadSrvc/files/shelter/2026/05/202605191605313.jpg
441553202601765,포메라니안,흰색,너무 귀여운 아기포메라니안/칩 있음/주인반환예정,M,동탄 청계로 인근,경기도 화성시,종료(반환),http://openapi.animal.go.kr/openapi/service/rest/fileDownloadSrvc/files/shelter/2026/05/202605191605755.jpg
441553202601764,믹스견,흰색,순하고 얌전한 성격의 믹스견/반환예정,F,태안 119,경기도 화성시,종료(반환),http://openapi.animal.go.kr/openapi/service/rest/fileDownloadSrvc/files/shelter/2026/05/202605191605972.jpg
441553202601763,믹스견,흰색,탈장된 상태로 들어온 백구/순한편/반환예정,F,남양읍 남양로 인근,경기도 화성시,종료(반환),http://openapi.animal.go.kr/openapi/service/rest/fileDownloadSrvc/files/shelter/2026/05/202605191605858.jpg
441408202601005,믹스견,흰색,"3마리 같이 들어옴, 순함",M,오산리 89-4,경기도 안성시,보호중,http://openapi.animal.go.kr/openapi/service/rest/fileDownloadSrvc/files/shelter/2026/04/202605191505800[1].jpg
441408202601004,믹스견,흰색,"3마리 같이 들어옴, 순함",M,오산리 89-4,경기도 안성시,보호중,http://openapi.animal.go.kr/openapi/service/rest/fileDownloadSrvc/files/shelter/2026/04/202605191505919.jpg
441408202601003,믹스견,흰색,"3마리 같이 들어옴, 순함",M,오산리 89-4,경기도 안성시,보호중,http://openapi.animal.go.kr/openapi/service/rest/fileDownloadSrvc/files/shelter/2026/04/202605191505506.jpg
441408202601002,푸들,쵸콜릿색,배에 커다란 혹,M,만정리 302-23,경기도 안성시,종료(반환),http://openapi.animal.go.kr/openapi/service/rest/fileDownloadSrvc/files/shelter/2026/04/202605191505767.jpg
441405202601235,푸들,갈색,"몸통 부위 전체 미용되어 있음, 귀여운 아이",M,처인구 양지읍 중부대로1958번길 71-2,경기도 용인시,보호중,http://openapi.animal.go.kr/openapi/service/rest/fileDownloadSrvc/files/shelter/2026/05/202605191605713.jpg
441402202600272,믹스견,기타(갈백),"핑크색날개하네스,회색줄,체리아이,순함,3개월추정",M,군포시청에서 인수,경기도 군포시,보호중,http://openapi.animal.go.kr/openapi/service/rest/fileDownloadSrvc/files/shelter/2026/05/202605191505119.jpg
441401202600511,믹스견,갈색,"폼피츠, 작고 소중함, 마른편, 순하고 착한 아이",F,하중로 119,경기도 시흥시,종료(반환),http://openapi.animal.go.kr/openapi/service/rest/fileDownloadSrvc/files/shelter/2026/05/202605191405413.jpg
441401202600510,포메라니안,흰색,"약간 겁이 있으나 천천히 대해주면 애교많은 껌딱지, 털상태가 좋고 옷입은 채 발겨",F,정왕동 1981-7,경기도 시흥시,종료(반환),http://openapi.animal.go.kr/openapi/service/rest/fileDownloadSrvc/files/shelter/2026/05/202605191305679.jpg
441401202600509,브리타니 스파니엘,갈색&흰색,"탄탄한 체형, 처진 귀가 매력적인 순딩이, 목줄 착용상태로 발견",M,신천동 825-20,경기도 시흥시,종료(반환),http://openapi.animal.go.kr/openapi/service/rest/fileDownloadSrvc/files/shelter/2026/05/202605191105695.jpg
441399202600851,믹스견,흰색,순하고 귀여우며 사람을 좋아함,F,조안면 물의정원관리사무실,경기도 남양주시,종료(자연사),http://openapi.animal.go.kr/openapi/service/rest/fileDownloadSrvc/files/shelter/2026/05/202605191605564.png
441393202600618,믹스견,기타(갈백),"4개월추정,겁많음",M,사사동 산 67-2 부근,경기도 안산시,보호중,http://openapi.animal.go.kr/openapi/service/rest/fileDownloadSrvc/files/shelter/2026/05/202605191505382[1].jpg
441393202600617,믹스견,기타(갈백),"4개월추정,겁많음",F,사사동 산 67-2 부근,경기도 안산시,보호중,http://openapi.animal.go.kr/openapi/service/rest/fileDownloadSrvc/files/shelter/2026/05/202605191505970.jpg
441386202600666,포메라니안,흰색,"입소당시 귀여움, 엄살 있는 편, 잔존유치",M,베르네천 인근,경기도 부천시,종료(반환),http://openapi.animal.go.kr/openapi/service/rest/fileDownloadSrvc/files/shelter/2026/05/202605191405939.jpg
441378202600633,포메라니안,붉고 엷은 황갈색,"치석 심함, 포메 믹스 추정",M,동원동 171,경기도 성남시,보호중,http://openapi.animal.go.kr/openapi/service/rest/fileDownloadSrvc/files/shelter/2026/04/202605191705779[1].jpg
441374202600611,믹스견,갈색,내장형 무선식별장치 있음,M,영통구 매탄로140번길 79(매탄동),경기도 수원시,종료(반환),http://openapi.animal.go.kr/openapi/service/rest/fileDownloadSrvc/files/shelter/2026/04/202605191505818.jpg
431373202600792,믹스견,검정 황갈색&흰색,1살 안되어보임,M,삼동면 산현출강길,울산광역시 울주군,보호중,http://openapi.animal.go.kr/openapi/service/rest/fileDownloadSrvc/files/shelter/2026/04/202605191605635.jpg
431373202600791,믹스견,흰색,1살 안되어보임,M,삼동면 산현출강길,울산광역시 울주군,보호중,http://openapi.animal.go.kr/openapi/service/rest/fileDownloadSrvc/files/shelter/2026/04/20260519160554.jpg
431373202600790,포메라니안,검정&황갈색,왼쪽앞다리가 돌아가있음,M,언양읍 남천로,울산광역시 울주군,보호중,http://openapi.animal.go.kr/openapi/service/rest/fileDownloadSrvc/files/shelter/2026/04/202605191605803.jpg
431373202600789,믹스견,검정색,"피부병심함, 잘생김",M,서생면 진하리,울산광역시 울주군,보호중,http://openapi.animal.go.kr/openapi/service/rest/fileDownloadSrvc/files/shelter/2026/04/202605191405397.jpg
431373202600788,믹스견,갈색,3개월령 추정,M,서생면 해맞이로,울산광역시 울주군,보호중,http://openapi.animal.go.kr/openapi/service/rest/fileDownloadSrvc/files/shelter/2026/04/202605191405725.jpg
431373202600787,믹스견,갈색,3개월령 추정,M,서생면 해맞이로,울산광역시 울주군,보호중,http://openapi.animal.go.kr/openapi/service/rest/fileDownloadSrvc/files/shelter/2026/04/20260519140502.jpg
431373202600786,믹스견,갈색,"3개월령 추정, 온순함",M,서생면 해맞이로,울산광역시 울주군,보호중,http://openapi.animal.go.kr/openapi/service/rest/fileDownloadSrvc/files/shelter/2026/04/202605191405982.jpg
431370202600350,믹스견,갈색&검정&흰색,중성화 되어있음,M,남구청인근,울산광역시 남구,종료(반환),http://openapi.animal.go.kr/openapi/service/rest/fileDownloadSrvc/files/shelter/2026/04/202605191705597.jpg
429362202600300,믹스견,갈색&검정,26-0283 데릭,M,북구 석정동,광주광역시 북구,보호중,http://openapi.animal.go.kr/openapi/service/rest/fileDownloadSrvc/files/shelter/2026/04/202605191605374.jpg
429362202600299,믹스견,갈색&검정,26-0282 에릭,M,북구 석정동,광주광역시 북구,보호중,http://openapi.animal.go.kr/openapi/service/rest/fileDownloadSrvc/files/shelter/2026/04/20260519160562.jpg
429360202600245,프렌치 불독,크림색,26-0281 오뜨,F,서구 신기길 10,광주광역시 서구,종료(반환),http://openapi.animal.go.kr/openapi/service/rest/fileDownloadSrvc/files/shelter/2026/04/202605191305832.jpg
429359202600298,시츄,갈색&흰색,"26-0280 기저귀 및 하네스 착용, 귀가예정",F,동구 지호로 81-1,광주광역시 동구,종료(반환),http://openapi.animal.go.kr/openapi/service/rest/fileDownloadSrvc/files/shelter/2026/04/202605191305432.jpg
427348202600518,믹스견,갈색,등록칩 없음. 공격성 강함. 좌측 전지 없음. 진정 후 포획,M,옥포 용연사길 90,대구광역시 달성군,보호중,http://openapi.animal.go.kr/openapi/service/rest/fileDownloadSrvc/files/shelter/2026/04/202605191105220.jpg
427343202600407,믹스견,황갈색,보라색 옷 착용. 온순. 오른쪽 귀끝 접힘,M,평리청구타운 101동 앞,대구광역시 서구,종료(반환),http://openapi.animal.go.kr/openapi/service/rest/fileDownloadSrvc/files/shelter/2026/04/202605191905726.jpg
426331202600159,포메라니안,기타(연갈색),"주인 연락됨, 겁 많음, 연갈색",M,장고개로 102,부산광역시 남구,종료(반환),http://openapi.animal.go.kr/openapi/service/rest/fileDownloadSrvc/files/shelter/2026/05/202605191005977.jpg
411319202600239,믹스견,검정색,교통사고 추정됨.예민한 상태임.,M,상도로38길 2 부근,서울특별시 동작구,종료(반환),http://openapi.animal.go.kr/openapi/service/rest/fileDownloadSrvc/files/shelter/2026/04/202605191905827.jpg
411307202600231,포메라니안,흰색,온순. 얌전. 사람 잘 따름. 눈곱. 눈물 자국. 치석. 피부 질환. 꼬리 단미 안됨. 털 상태 양호. 칩 있음. ,F,"서울 성북구 장월로 160 (장위동, 래미안장위포레카운티) 입구",서울특별시 성북구,보호중,http://openapi.animal.go.kr/openapi/service/rest/fileDownloadSrvc/files/shelter/2026/04/202605191505585.jpg
445473202600313,진도견,호반색(호랑이무늬),"칩없음, 소심함",M,주천면 선암길 11-121,전북특별자치도 진안군,보호중,http://openapi.animal.go.kr/openapi/service/rest/fileDownloadSrvc/files/shelter/2026/05/202605191605196.jpg
446485202600384,믹스견,흰색,"온순함,심장사상충 예방약 복용,종합+코로나 접종",M,용면치유센터,전라남도 담양군,보호중,http://openapi.animal.go.kr/openapi/service/rest/fileDownloadSrvc/files/shelter/2026/05/20260519140513.jpg
446485202600382,믹스견,갈색,"온순함,사람좋아함",M,용면치유센터,전라남도 담양군,보호중,http://openapi.animal.go.kr/openapi/service/rest/fileDownloadSrvc/files/shelter/2026/05/202605191305831.jpg
446485202600381,믹스견,갈색,"온순함,사람좋아함",F,용면치유센터,전라남도 담양군,종료(입양),http://openapi.animal.go.kr/openapi/service/rest/fileDownloadSrvc/files/shelter/2026/05/202605191305620.jpg
446485202600380,믹스견,흰색,"온순함,사람좋아함",M,용면치유센터,전라남도 담양군,보호중,http://openapi.animal.go.kr/openapi/service/rest/fileDownloadSrvc/files/shelter/2026/05/20260519130577.jpg
446485202600379,믹스견,갈색&흰색,"온순함,사람좋아함",M,용면치유센터,전라남도 담양군,종료(입양),http://openapi.animal.go.kr/openapi/service/rest/fileDownloadSrvc/files/shelter/2026/05/20260519130544.jpg
446485202600378,믹스견,갈색,온순함,M,용면치유센터,전라남도 담양군,보호중,http://openapi.animal.go.kr/openapi/service/rest/fileDownloadSrvc/files/shelter/2026/05/202605191305396.jpg
446485202600377,믹스견,갈색,"온순함,사람좋아함",F,용면치유센터,전라남도 담양군,보호중,http://openapi.animal.go.kr/openapi/service/rest/fileDownloadSrvc/files/shelter/2026/05/202605191305612.jpg
446485202600376,믹스견,흰색,온순함,F,용면치유센터,전라남도 담양군,보호중,http://openapi.animal.go.kr/openapi/service/rest/fileDownloadSrvc/files/shelter/2026/05/20260519110538.jpg
446485202600375,믹스견,흰색,온순함,F,용면치유센터,전라남도 담양군,보호중,http://openapi.animal.go.kr/openapi/service/rest/fileDownloadSrvc/files/shelter/2026/05/202605191105868.jpg
446485202600374,믹스견,흰색,온순함,M,용면치유센터,전라남도 담양군,보호중,http://openapi.animal.go.kr/openapi/service/rest/fileDownloadSrvc/files/shelter/2026/05/202605191105980.jpg
446485202600373,믹스견,흰색,온순함,M,용면치유센터,전라남도 담양군,보호중,http://openapi.animal.go.kr/openapi/service/rest/fileDownloadSrvc/files/shelter/2026/05/202605191105810.jpg
446485202600372,믹스견,흰색,온순함,M,용면치유센터,전라남도 담양군,보호중,http://openapi.animal.go.kr/openapi/service/rest/fileDownloadSrvc/files/shelter/2026/05/202605191105958.jpg
446485202600371,믹스견,흰색,온순함,M,용면치유센터,전라남도 담양군,보호중,http://openapi.animal.go.kr/openapi/service/rest/fileDownloadSrvc/files/shelter/2026/05/202605191105691.jpg
426334202600361,슈나우져,검정색,"분홍색옷을입고있음,미용상태양호,온순함",M,롯데캐슬몰운대 102동,부산광역시 사하구,보호중,http://openapi.animal.go.kr/openapi/service/rest/fileDownloadSrvc/files/shelter/2026/05/202605211405729.jpg
448544202600285,믹스견,갈색,"어린개체, 사람손을 잘타는 순둥이",M,경상남도 하동군 악양면 노전길 청학사,경상남도 하동군,보호중,http://openapi.animal.go.kr/openapi/service/rest/fileDownloadSrvc/files/shelter/2026/05/202605191405802.jpg
448544202600284,믹스견,흰색,"어린개체, 사람손을 잘타는 순둥이",M,경상남도 하동군 악양면 노전길 청학사,경상남도 하동군,보호중,http://openapi.animal.go.kr/openapi/service/rest/fileDownloadSrvc/files/shelter/2026/05/202605191405737.jpg
447516202600073,믹스견,검정&흰색,얌전하나 경계심 있음,F,경북 청송군 진보면 고현리 385,경상북도 청송군,보호중,http://openapi.animal.go.kr/openapi/service/rest/fileDownloadSrvc/files/shelter/2026/04/20260520150558.jpg
447516202600072,믹스견,검정색,약간 사나우며 경계심 있음,F,경북 청송군 현동면 청송로 2750,경상북도 청송군,보호중,http://openapi.animal.go.kr/openapi/service/rest/fileDownloadSrvc/files/shelter/2026/04/202605201505935[1].jpg
447516202600071,믹스견,검정색,얌전하나 경계심 있음,M,경북 청송군 현서면 덕계리 48,경상북도 청송군,보호중,http://openapi.animal.go.kr/openapi/service/rest/fileDownloadSrvc/files/shelter/2026/04/202605201505474.jpg
447516202600070,믹스견,검정색,얌전하나 경계심 있음,F,경북 청송군 현서면 덕계리 48,경상북도 청송군,보호중,http://openapi.animal.go.kr/openapi/service/rest/fileDownloadSrvc/files/shelter/2026/04/202605201505451.jpg
447516202600068,믹스견,검정&황갈색,겁이 많으면 경계심 있음,F,경북 청송군 현동면 새마을로 5379,경상북도 청송군,보호중,http://openapi.animal.go.kr/openapi/service/rest/fileDownloadSrvc/files/shelter/2026/04/202605201505426.jpg
447516202600067,믹스견,흰색,겁이 많으며 경계심 있음,M,경북 청송군 현동면 새마을로 5379,경상북도 청송군,보호중,http://openapi.animal.go.kr/openapi/service/rest/fileDownloadSrvc/files/shelter/2026/04/202605201405419.jpg
447516202600066,믹스견,검정색,겁이 많으며 경계심 있음,F,경북 청송군 현동면 새마을로 5379,경상북도 청송군,보호중,http://openapi.animal.go.kr/openapi/service/rest/fileDownloadSrvc/files/shelter/2026/04/202605201405732[1].jpg
447516202600065,믹스견,금색&흰색,겁이 많으며 경계심 있음,F,경북 청송군 현동면 새마을로 5379,경상북도 청송군,보호중,http://openapi.animal.go.kr/openapi/service/rest/fileDownloadSrvc/files/shelter/2026/04/202605201405775.jpg
446494202600224,믹스견,레몬색&흰색,건강하게보이고진드기가많음,M,신북초등학교앞,전라남도 영암군,보호중,http://openapi.animal.go.kr/openapi/service/rest/fileDownloadSrvc/files/shelter/2026/05/202605201105125.png
445478202600324,믹스견,검정 황갈색&흰색,들개,F,대산면 광대신평길,전북특별자치도 고창군,보호중,http://openapi.animal.go.kr/openapi/service/rest/fileDownloadSrvc/files/shelter/2026/04/202605201705770.jpg
441559202600704,믹스견,흰색,겁있음. 눈곱. 꼬리단미안됨. 털 약간 때탐.,M,경기 양주시 남면 화합로 503 인근,경기도 양주시,보호중,http://openapi.animal.go.kr/openapi/service/rest/fileDownloadSrvc/files/shelter/2026/04/202605191605431.jpg
411321202600183,푸들,갈색,온순. 얌전. 사람 좋아함. 눈곱. 꼬리 단미. 털 상태 양호. ,F,서울 서초구 방배동 593-68 인근,서울특별시 서초구,보호중,http://openapi.animal.go.kr/openapi/service/rest/fileDownloadSrvc/files/shelter/2026/04/202605191605838.jpg
450650202601192,믹스견,갈색,개체관리번호 1025 - 5개월/검정목줄,F,서귀포시 남원읍 위미리 4514,제주특별자치도,보호중,http://openapi.animal.go.kr/openapi/service/rest/fileDownloadSrvc/files/shelter/2026/05/202605190905568.jpg
450650202601191,푸들,흰색,개체관리번호 1024 - 3개월,M,서귀포시 안덕면 중산간서로 1842 서광초등학교 인근,제주특별자치도,보호중,http://openapi.animal.go.kr/openapi/service/rest/fileDownloadSrvc/files/shelter/2026/05/202605190905188.jpg
450650202601190,믹스견,갈색,개체관리번호 1023 - 주황목줄,M,서귀포시 표선면 토산중앙로 63-12,제주특별자치도,보호중,http://openapi.animal.go.kr/openapi/service/rest/fileDownloadSrvc/files/shelter/2026/05/202605190905764.jpg
450650202601189,믹스견,흰색,개체관리번호 1022 - 2개월,F,제주시 한림읍 귀덕리 2339-1,제주특별자치도,보호중,http://openapi.animal.go.kr/openapi/service/rest/fileDownloadSrvc/files/shelter/2026/05/202605190905731.jpg
450650202601188,믹스견,흰색,개체관리번호 1021 - 2개월,M,제주시 한림읍 귀덕리 2339-1,제주특별자치도,보호중,http://openapi.animal.go.kr/openapi/service/rest/fileDownloadSrvc/files/shelter/2026/05/202605190905632.jpg
450650202601187,믹스견,흰색,개체관리번호 1020 - 2개월,M,제주시 한림읍 귀덕리 2339-1,제주특별자치도,보호중,http://openapi.animal.go.kr/openapi/service/rest/fileDownloadSrvc/files/shelter/2026/05/20260519090550.jpg
450650202601186,말라뮤트,갈색&회색,개체관리번호 1019 - 심장사상충,M,제주시 구좌읍 해맞이해안로 712-3,제주특별자치도,보호중,http://openapi.animal.go.kr/openapi/service/rest/fileDownloadSrvc/files/shelter/2026/05/202605190905832.jpg
450650202601185,믹스견,검정색,개체관리번호 1018 - 빨간목줄/심장사상충,F,제주시 애월읍 유수암로 38,제주특별자치도,보호중,http://openapi.animal.go.kr/openapi/service/rest/fileDownloadSrvc/files/shelter/2026/05/202605190905814.jpg
450650202601184,믹스견,검정색,개체관리번호 1017 - 검정형광목줄,M,제주시 애월읍 유수암로 38,제주특별자치도,보호중,http://openapi.animal.go.kr/openapi/service/rest/fileDownloadSrvc/files/shelter/2026/05/202605190905112.jpg
450650202601183,믹스견,흰색,개체관리번호 1016 - 5개월,M,제주시 구좌읍 종달리 3824,제주특별자치도,보호중,http://openapi.animal.go.kr/openapi/service/rest/fileDownloadSrvc/files/shelter/2026/05/202605190905185.jpg
450650202601182,믹스견,흰색,개체관리번호 1015 - 5개월/노끈,M,제주시 구좌읍 종달리 3824,제주특별자치도,보호중,http://openapi.animal.go.kr/openapi/service/rest/fileDownloadSrvc/files/shelter/2026/05/202605190905968.jpg
450650202601181,믹스견,흰색,개체관리번호 1014 - 심장사상충,M,제주시 구좌읍 종달리 3824,제주특별자치도,보호중,http://openapi.animal.go.kr/openapi/service/rest/fileDownloadSrvc/files/shelter/2026/05/202605190905386.jpg
448567202600697,믹스견,황갈색,"들개 포획단 포획, 26년 1월생 추정, 영구치 나는 중, 식당 주변 배회하며 손님들 위협",F,의창구 동읍 월잠리 497,경상남도 창원시 의창성산구,보호중,http://openapi.animal.go.kr/openapi/service/rest/fileDownloadSrvc/files/shelter/2026/05/202605191105144.jpg
448567202600696,믹스견,갈색&검정,"들개 포획단 포획, 26년 1월생 추정, 식당 주변 배회하며 손님들 위협",M,의창구 동읍 월잠리 497,경상남도 창원시 의창성산구,보호중,http://openapi.animal.go.kr/openapi/service/rest/fileDownloadSrvc/files/shelter/2026/05/202605191005491.jpg
448567202600695,믹스견,갈색&검정,"들개 포획단 포획, 26년 1월생 추정, 식당 주변 배회하며 손님들 위협",M,의창구 동읍 월잠리 497,경상남도 창원시 의창성산구,보호중,http://openapi.animal.go.kr/openapi/service/rest/fileDownloadSrvc/files/shelter/2026/05/202605191005816.jpg
448567202600694,믹스견,엷은 황갈색&흰색,"들개 포획단 포획, 식당 주변 배회하며 손님들 위협",F,의창구 동읍 월잠리 497,경상남도 창원시 의창성산구,보호중,http://openapi.animal.go.kr/openapi/service/rest/fileDownloadSrvc/files/shelter/2026/05/202605191005463.jpg
448567202600693,믹스견,검정&흰색,"일반 인계 입소, 분실 신고 접수된 아이, 보호자와 연락됨",M,의창구 반림동 노블파크와 럭키@ 사이 화단,경상남도 창원시 의창성산구,종료(반환),http://openapi.animal.go.kr/openapi/service/rest/fileDownloadSrvc/files/shelter/2026/05/202605191005276[2].jpg
448541202600805,믹스견,검정색,발끝에 흰털,M,부곡면 인교사거리,경상남도 창녕군,종료(반환),http://openapi.animal.go.kr/openapi/service/rest/fileDownloadSrvc/files/shelter/2026/04/202605190705715.jpg
448541202600804,미디엄 푸들,흰색,미용이 되어 있는 상태,M,도천면 바깥어만길,경상남도 창녕군,보호중,http://openapi.animal.go.kr/openapi/service/rest/fileDownloadSrvc/files/shelter/2026/04/20260519070544.jpg
448541202600803,믹스견,흰색,파란 목줄 착용,F,대합면 구미마을길,경상남도 창녕군,종료(반환),http://openapi.animal.go.kr/openapi/service/rest/fileDownloadSrvc/files/shelter/2026/04/202605190705690.jpg
448538202600402,믹스견,갈색&흰색,"갈색흰색,순함",F,용주로342-12 (주남동),경상남도 양산시,보호중,http://openapi.animal.go.kr/openapi/service/rest/fileDownloadSrvc/files/shelter/2026/04/202605191505952.jpg
448535202600361,믹스견,갈색,"김해시-345, 다양한 칼라 목줄 착용",M,김해시 한림면 안하로 279,경상남도 김해시,보호중,http://openapi.animal.go.kr/openapi/service/rest/fileDownloadSrvc/files/shelter/2026/04/202605190905703.png
448535202600360,믹스견,흰색,"김해시-344, 백내장, 노쇠, 면역력 결핍",M,김해시 동북로437번길 85,경상남도 김해시,종료(반환),http://openapi.animal.go.kr/openapi/service/rest/fileDownloadSrvc/files/shelter/2026/04/202605190905886.png
448535202600359,믹스견,검정&흰색,김해시-343,F,김해시 상동면 여차리 1422,경상남도 김해시,보호중,http://openapi.animal.go.kr/openapi/service/rest/fileDownloadSrvc/files/shelter/2026/04/202605190905433.png
447523202600336,믹스견,검정색,"깜장색 반다가슴강아지, 주인기다리는중!(입양완료)",F,예천읍 남본리,경상북도 예천군,보호중,http://openapi.animal.go.kr/openapi/service/rest/fileDownloadSrvc/files/shelter/2026/04/202605190905360.jpeg
446498202600126,믹스견,크림색,"구조당시 빨간목걸이 착용,사람을 잘따르고 순한성격",M,진원면 초동길16-6,전라남도 장성군,종료(반환),http://openapi.animal.go.kr/openapi/service/rest/fileDownloadSrvc/files/shelter/2026/05/202605191305318.jpg
446493202600116,믹스견,갈색,사람을 경계함.,M,해남읍 복평리,전라남도 해남군,보호중,http://openapi.animal.go.kr/openapi/service/rest/fileDownloadSrvc/files/shelter/2026/04/202605181605339.jpg
446493202600115,믹스견,흰색,사람을 잘따름.,M,북일면 신월리,전라남도 해남군,보호중,http://openapi.animal.go.kr/openapi/service/rest/fileDownloadSrvc/files/shelter/2026/04/202605181305129.jpg
446493202600114,믹스견,흰색,사람을 잘따름.,M,북일면 신월리,전라남도 해남군,보호중,http://openapi.animal.go.kr/openapi/service/rest/fileDownloadSrvc/files/shelter/2026/04/202605181305130.jpg
446493202600113,믹스견,검정&흰색,사람을 잘따름. 목걸이 착용.,F,송지면 송호리,전라남도 해남군,보호중,http://openapi.animal.go.kr/openapi/service/rest/fileDownloadSrvc/files/shelter/2026/04/202605181305719.jpg
446483202600707,믹스견,기타(연갈),도로에서구조 온순함,F,나주시다도면다도로171-10,전라남도 나주시,보호중,http://openapi.animal.go.kr/openapi/service/rest/fileDownloadSrvc/files/shelter/2026/04/202605191805880.jpg
446483202600706,믹스견,갈색&흰색,골프장매일출몰 포획틀에구조,F,나주시남평읍우산리파쓰리골프장,전라남도 나주시,보호중,http://openapi.animal.go.kr/openapi/service/rest/fileDownloadSrvc/files/shelter/2026/04/202605191805581.jpg
446481202600441,믹스견,흰색,2-3개월령 새끼 강아지 / 1차&광견병 접종 완료,F,화동리 183-1,전라남도 여수시,보호중,http://openapi.animal.go.kr/openapi/service/rest/fileDownloadSrvc/files/shelter/2026/05/202605191005635.jpeg
446481202600440,믹스견,흰색,1개월령 새끼 강아지 / 1차&광견병 접종 완료,F,묘도1길 83-74,전라남도 여수시,보호중,http://openapi.animal.go.kr/openapi/service/rest/fileDownloadSrvc/files/shelter/2026/05/202605191005722.jpeg
446481202600439,믹스견,갈색&검정&흰색,약간의 경계심,M,선원2길 43 건물창고,전라남도 여수시,보호중,http://openapi.animal.go.kr/openapi/service/rest/fileDownloadSrvc/files/shelter/2026/05/202605191005351.jpeg
446481202600438,믹스견,흰색,칩 등록 확인됨 / 견주 확인 후 인계 예정,F,소라 백수동길 21-1,전라남도 여수시,보호중,http://openapi.animal.go.kr/openapi/service/rest/fileDownloadSrvc/files/shelter/2026/05/202605191005471.jpeg
446480202600595,푸들,흰색,"청색옷착용, 심야에 배회",F,구)선어위판장,전라남도 목포시,보호중,http://openapi.animal.go.kr/openapi/service/rest/fileDownloadSrvc/files/shelter/2026/05/202605251305885.jpg
445478202600319,믹스견,갈색&검정&흰색,들개 새끼,M,부안면 용현2길,전북특별자치도 고창군,보호중,http://openapi.animal.go.kr/openapi/service/rest/fileDownloadSrvc/files/shelter/2026/05/20260519140511.jpg
445478202600317,믹스견,갈색&흰색,들개 새끼,F,부안면 용현2길,전북특별자치도 고창군,보호중,http://openapi.animal.go.kr/openapi/service/rest/fileDownloadSrvc/files/shelter/2026/05/202605191405595.jpg
445478202600316,믹스견,갈색&검정,들개새끼,M,부안면 용현2길,전북특별자치도 고창군,보호중,http://openapi.animal.go.kr/openapi/service/rest/fileDownloadSrvc/files/shelter/2026/05/202605191405969.jpg
445478202600315,믹스견,옅은 황색,목줄없이 배회,F,부안면 용현2길,전북특별자치도 고창군,보호중,http://openapi.animal.go.kr/openapi/service/rest/fileDownloadSrvc/files/shelter/2026/05/202605191405395.jpg
445478202600313,믹스견,엷은 황갈색&흰색,"빨간 목줄 착용간, 온순함",M,대산면 광대신평길,전북특별자치도 고창군,보호중,http://openapi.animal.go.kr/openapi/service/rest/fileDownloadSrvc/files/shelter/2026/05/202605191305544.jpg
444457202600274,믹스견,옅은 황색,.,F,규암면 반산로 74,충청남도 부여군,보호중,http://openapi.animal.go.kr/openapi/service/rest/fileDownloadSrvc/files/shelter/2026/04/20260519150506.jpg
444457202600271,믹스견,옅은 황색,8개월 추정,M,규암면 롯데아울렛 3주차장,충청남도 부여군,보호중,http://openapi.animal.go.kr/openapi/service/rest/fileDownloadSrvc/files/shelter/2026/04/202605191505366.jpg
444453202600692,믹스견,갈색&흰색,"입소 당시 붉은 목줄 착용, 골반 골절",M,석림동 963,충청남도 서산시,종료(자연사),http://openapi.animal.go.kr/openapi/service/rest/fileDownloadSrvc/files/shelter/2026/04/202605190905848.jpg
443444202600163,믹스견,회색(회청색)바탕에 검정얼룩무늬,"미등록, 매우 어림",F,추풍령면 금보길,충청북도 영동군,보호중,http://openapi.animal.go.kr/openapi/service/rest/fileDownloadSrvc/files/shelter/2026/05/202605191605170.jpg
443444202600162,믹스견,회색얼룩무늬,"미등록, 매우 어림",M,추풍령면 금보길,충청북도 영동군,보호중,http://openapi.animal.go.kr/openapi/service/rest/fileDownloadSrvc/files/shelter/2026/05/202605191605505.jpg
442418202600609,믹스견,검정색,"겁이많음,초록목줄",F,온누리교회주차장,강원특별자치도 춘천시,종료(반환),http://openapi.animal.go.kr/openapi/service/rest/fileDownloadSrvc/files/shelter/2026/05/202605191605714.jpg
441560202600482,믹스견,갈색,빨간바탕에 노란테두리 줄 있는 목줄 착용. 겁. 경계. 분홍코. 꼬리단미안됨. 털 상태 양호.,F,경기 포천시 소흘읍 죽엽산로262번길 11 인근,경기도 포천시,보호중,http://openapi.animal.go.kr/openapi/service/rest/fileDownloadSrvc/files/shelter/2026/04/202605191605695.jpg
441560202600481,믹스견,흰색,온순. 얌전. 겁 있음. 사람 잘 따름. 코 분홍 얼룩. 눈곱. 꼬리 단미 안됨. 털 약간 때탐. ,F,경기 포천시 이동면 노곡리 273,경기도 포천시,보호중,http://openapi.animal.go.kr/openapi/service/rest/fileDownloadSrvc/files/shelter/2026/04/202605191605266.jpg
441560202600480,믹스견,기타(갈/흰),얌전. 겁 있음. 사람 잘 따름. 눈곱. 진드기 오염. 발정. 꼬리 단미 안됨. 털 상태 양호. ,F,경기 포천시 이동면 노곡리 273,경기도 포천시,보호중,http://openapi.animal.go.kr/openapi/service/rest/fileDownloadSrvc/files/shelter/2026/04/202605191605574[1].jpg
441560202600479,믹스견,갈색,겁. 경계. 꼬리단미안됨. 털 약간 때탐.,M,경기 포천시 소흘읍 죽엽산로262번길 11 인근,경기도 포천시,보호중,http://openapi.animal.go.kr/openapi/service/rest/fileDownloadSrvc/files/shelter/2026/04/202605191605211.jpg
441560202600478,믹스견,흰색,겁 많음. 경계. 분홍코. 꼬리단미안됨. 털 때탐.,M,경기 포천시 소흘읍 죽엽산로262번길 11 인근,경기도 포천시,보호중,http://openapi.animal.go.kr/openapi/service/rest/fileDownloadSrvc/files/shelter/2026/04/202605191605818.jpg
441560202600477,믹스견,갈색,겁많음. 경계. 꼬리단미안됨. 털 약간 때탐.,F,경기 포천시 소흘읍 죽엽산로262번길 11 인근,경기도 포천시,보호중,http://openapi.animal.go.kr/openapi/service/rest/fileDownloadSrvc/files/shelter/2026/04/202605191605459.jpg
441560202600476,믹스견,기타(연갈),겁. 경계. 분홍코. 꼬리단미안됨. 털 약간 때탐.,M,경기 포천시 소흘읍 죽엽산로262번길 11 인근,경기도 포천시,보호중,http://openapi.animal.go.kr/openapi/service/rest/fileDownloadSrvc/files/shelter/2026/04/202605191605692.jpg
441560202600475,믹스견,갈색,겁있음. 경계. 눈물자국. 꼬리단미안됨. 털 약간 때탐.,M,경기 포천시 소흘읍 죽엽산로262번길 11 인근,경기도 포천시,보호중,http://openapi.animal.go.kr/openapi/service/rest/fileDownloadSrvc/files/shelter/2026/04/202605191605669.jpg
441560202600474,믹스견,흰색,경계. 겁 엄청 많음. 코 콧등부분 분홍색. 꼬리단미안됨. 털 때탐.,F,경기 포천시 소흘읍 죽엽산로262번길 11 인근,경기도 포천시,보호중,http://openapi.animal.go.kr/openapi/service/rest/fileDownloadSrvc/files/shelter/2026/04/202605191605319.jpg
441409202600438,말티즈,흰색,온순. 활발. 치아거의없음. 양 눈 혼탁. 치석많음. 양 슬개골. 입 주변/ 발 때탐. 꼬리 단미 안됨. ,F,경기 김포시 풍무로 167 (풍무동) 인근,경기도 김포시,보호중,http://openapi.animal.go.kr/openapi/service/rest/fileDownloadSrvc/files/shelter/2026/04/202605191605122.jpg
441408202600996,믹스견,흰색,순하고 사람을 잘 따름,M,가사동 77-3 블루핸즈 맞은편,경기도 안성시,보호중,http://openapi.animal.go.kr/openapi/service/rest/fileDownloadSrvc/files/shelter/2026/05/202605190905446.jpg
441408202600995,믹스견,크림색,순하고 사람을 잘 따름,F,중리동 618,경기도 안성시,종료(반환),http://openapi.animal.go.kr/openapi/service/rest/fileDownloadSrvc/files/shelter/2026/05/202605190905452.jpg
441408202600994,믹스견,크림색,순하고 사람을 잘 따름,F,신능리 111-23 안성맞춤 휴게소 제천 방향,경기도 안성시,보호중,http://openapi.animal.go.kr/openapi/service/rest/fileDownloadSrvc/files/shelter/2026/05/202605190905259.jpg
441398202600229,포메라니안,갈색,온순. 겁 있음. 눈물 자국. 전신 미용 흔적. 치석 많음. 양 눈 혼탁. 꼬리 단미 안됨.,M,경기 구리시 검배로6번길 31 (수택동),경기도 구리시,보호중,http://openapi.animal.go.kr/openapi/service/rest/fileDownloadSrvc/files/shelter/2026/04/202605191605338.jpg
441386202600659,말티즈,흰색,순함,F,소사본동 74-4 산새공원,경기도 부천시,종료(반환),http://openapi.animal.go.kr/openapi/service/rest/fileDownloadSrvc/files/shelter/2026/05/202605191005231.jpg
441382202600415,믹스견,기타(갈/흰),활발. 친화적. 코 검정. 진드기 오염. 꼬리 단미 안됨. 털 상태 양호. ,M,경기 의정부시 동일로 712 (금오동) 을지대학교 병원,경기도 의정부시,보호중,http://openapi.animal.go.kr/openapi/service/rest/fileDownloadSrvc/files/shelter/2026/04/202605191605987[1].jpg
441374202600603,골든 리트리버,갈색,리트리버,F,장안구 수성로261번길 16(정자동),경기도 수원시,종료(반환),http://openapi.animal.go.kr/openapi/service/rest/fileDownloadSrvc/files/shelter/2026/04/202605190905686.jpg
441374202600602,믹스견,기타(백갈흑색),내장형무선식별장치 있음,F,권선구 탑동로3번길 58-1(탑동),경기도 수원시,보호중,http://openapi.animal.go.kr/openapi/service/rest/fileDownloadSrvc/files/shelter/2026/04/202605190905590.jpg
431371202600284,비숑 프리제,흰색,"왼족 눈 상태안좋음,온순함",M,동구 화잠로,울산광역시 동구,보호중,http://openapi.animal.go.kr/openapi/service/rest/fileDownloadSrvc/files/shelter/2026/04/202605191405702.jpg
428355202600212,믹스견,갈색,"다리부상,기립불능.사람을 경계함",M,부평소방서 구조대(효서로17),인천광역시 계양구,보호중,http://openapi.animal.go.kr/openapi/service/rest/fileDownloadSrvc/files/shelter/2026/05/202605182305265.jpg
428353202600423,말티즈,흰색,온순함미용함,F,남동구 구월동1373-2,인천광역시 남동구,종료(반환),http://openapi.animal.go.kr/openapi/service/rest/fileDownloadSrvc/files/shelter/2026/05/202605190905350.jpg
428351202600298,푸들,검정색,"귀외이염,피부가 많이 안 좋은 상태",M,문학동160-1 광진빌라 근처,인천광역시 미추홀구,보호중,http://openapi.animal.go.kr/openapi/service/rest/fileDownloadSrvc/files/shelter/2026/05/202605181705266.jpg
427344202600178,골든 리트리버,금색,견주 연락 두절,F,대명 119,대구광역시 남구,보호중,http://openapi.animal.go.kr/openapi/service/rest/fileDownloadSrvc/files/shelter/2026/05/202605191005717.jpg
411317202600244,믹스견,흰색,겁 있음. 경계. 방어적 입질. 꼬리 단미 안됨. 털 때탐. ,F,서울 금천구 호암로 192 (시흥동),서울특별시 금천구,보호중,http://openapi.animal.go.kr/openapi/service/rest/fileDownloadSrvc/files/shelter/2026/04/202605191605667.jpg
411317202600243,믹스견,갈색,겁많음. 경계. 방어적입질. 눈곱. 눈물자국. 꼬리단미안됨. 털 상태 양호.,F,서울 금천구 시흥대로73길 70 (시흥동) 인근,서울특별시 금천구,보호중,http://openapi.animal.go.kr/openapi/service/rest/fileDownloadSrvc/files/shelter/2026/04/202605191605787.jpg
411316202600397,믹스견,검정 황갈색&흰색,온순. 얌전. 사람 잘 따름. 비만. 짙은 녹색 목줄. 꼬리 단미 안됨. 털 약간 때탐. ,F,서울 구로구 구로중앙로26길 28-18 (구로동) 인근,서울특별시 구로구,보호중,http://openapi.animal.go.kr/openapi/service/rest/fileDownloadSrvc/files/shelter/2026/04/202605191505342[1].jpg
411313202600189,말티즈,흰색,좀 마르고 눈에 눈말자국라인있음 ,M,마포구 상암동1535 ,서울특별시 마포구,종료(반환),http://openapi.animal.go.kr/openapi/service/rest/fileDownloadSrvc/files/shelter/2026/04/20260518170509.jpg
411300202600364,믹스견,갈색,온순. 얌전. 약간 겁 있음. 사람 잘 따름. 귀여움. 꼬리 단미 안됨. 털 상태 양호. ,M,서울 종로구 종로60길 9 (숭인동) 앞,서울특별시 종로구,보호중,http://openapi.animal.go.kr/openapi/service/rest/fileDownloadSrvc/files/shelter/2026/04/20260519160580.jpg
469569202600465,믹스견,레몬색&흰색,.,F,세종시 전동면 심중리 356-16(인화산업),세종특별자치시,보호중,http://openapi.animal.go.kr/openapi/service/rest/fileDownloadSrvc/files/shelter/2026/05/202605182205316.jpeg
469569202600463,믹스견,갈색&흰색,3개월추정,F,세종시 연서면 신대리 90-1,세종특별자치시,보호중,http://openapi.animal.go.kr/openapi/service/rest/fileDownloadSrvc/files/shelter/2026/05/202605182205944.jpeg
469569202600462,믹스견,검정&황갈색,3개월추정,M,세종시 연서면 봉암길 103-1,세종특별자치시,보호중,http://openapi.animal.go.kr/openapi/service/rest/fileDownloadSrvc/files/shelter/2026/05/202605182205961.jpeg
469569202600461,믹스견,검정&황갈색,3개월추정,F,세종시 연서면 봉암길 103-1,세종특별자치시,보호중,http://openapi.animal.go.kr/openapi/service/rest/fileDownloadSrvc/files/shelter/2026/05/202605182205398.jpeg
448567202600677,말티즈,흰색,"착용품 없음, 귀+꼬리 보라색 염색, 백내장 있음, 피부 사마귀 많음",M,진해구 용원동 GS25 용원제일점,경상남도 창원시 의창성산구,보호중,http://openapi.animal.go.kr/openapi/service/rest/fileDownloadSrvc/files/shelter/2026/04/202605181505703.jpg
448548202600491,믹스견,갈색,마을배회 ,M,봉산면,경상남도 합천군,보호중,http://openapi.animal.go.kr/openapi/service/rest/fileDownloadSrvc/files/shelter/2026/04/202605181905331.jpg
448537202601118,믹스견,금색&흰색,"새끼견2두,진드기있음",F,사등면 금포마을,경상남도 거제시,보호중,http://openapi.animal.go.kr/openapi/service/rest/fileDownloadSrvc/files/shelter/2026/05/20260518170502.jpg
448537202601117,믹스견,금색&흰색,"새끼견2두,진드기있음",F,사등면 금포마을,경상남도 거제시,보호중,http://openapi.animal.go.kr/openapi/service/rest/fileDownloadSrvc/files/shelter/2026/05/202605181705850.jpg
448536202600384,믹스견,흰색,아가 통통이,F,초동면,경상남도 밀양시,보호중,http://openapi.animal.go.kr/openapi/service/rest/fileDownloadSrvc/files/shelter/2026/04/202605181305670.jpg
448536202600383,믹스견,갈색&흰색,"4마리 남매, 감자같은 모색, 단추 눈, 이제 막 이가 자라는 중",M,초동면,경상남도 밀양시,보호중,http://openapi.animal.go.kr/openapi/service/rest/fileDownloadSrvc/files/shelter/2026/04/202605181305957.jpg
448536202600382,믹스견,갈색&흰색,"4마리 남매, 감자같은 모색, 단추 눈, 이제 막 이가 자라는 중",F,초동면,경상남도 밀양시,보호중,http://openapi.animal.go.kr/openapi/service/rest/fileDownloadSrvc/files/shelter/2026/04/202605181305796.jpg
448536202600381,믹스견,갈색&흰색,"4마리 남매, 감자같은 모색, 단추 눈, 이제 막 이가 자라는 중",M,초동면,경상남도 밀양시,보호중,http://openapi.animal.go.kr/openapi/service/rest/fileDownloadSrvc/files/shelter/2026/04/202605181305294.jpg
448536202600380,믹스견,갈색&흰색,"4마리 남매, 감자같은 모색, 단추 눈, 이제 막 이가 자라는 중",F,초동면,경상남도 밀양시,보호중,http://openapi.animal.go.kr/openapi/service/rest/fileDownloadSrvc/files/shelter/2026/04/202605181305143.jpg
448534202600510,믹스견,흰색,순하고 사람 잘 따름,M,용현면 신촌길 169,경상남도 사천시,보호중,http://openapi.animal.go.kr/openapi/service/rest/fileDownloadSrvc/files/shelter/2026/04/20260518110543.jpg
448534202600509,포메라니안,흰색,사람 손길 좋아함,M,사천읍내1길 95,경상남도 사천시,보호중,http://openapi.animal.go.kr/openapi/service/rest/fileDownloadSrvc/files/shelter/2026/04/20260518110533[1].jpg
448534202600508,믹스견,검정&흰색,낯선 환경에 적응 중,M,용현 평송마을 인근,경상남도 사천시,보호중,http://openapi.animal.go.kr/openapi/service/rest/fileDownloadSrvc/files/shelter/2026/04/202605180905512.jpg
447506202600178,믹스견,갈색&검정&흰색,겁이 많으나 온순하고 손을 타는 편,M,구성면 광명리 318,경상북도 김천시,보호중,http://openapi.animal.go.kr/openapi/service/rest/fileDownloadSrvc/files/shelter/2026/05/202605181605240[1].jpg
447506202600177,치와와,갈색,"목줄과 목테 착용, 산책하다 잃어버린듯함, 손을 잘 타고 얌전함",M,부곡동 푸르지오,경상북도 김천시,종료(반환),http://openapi.animal.go.kr/openapi/service/rest/fileDownloadSrvc/files/shelter/2026/05/202605181105989.jpg
447505202600467,믹스견,검정색,초롱초롱 큰눈에 흰색 발가락 양말신음!!나 완젼 귀엽다개~!,M,대곡리1797,경상북도 경주시,보호중,http://openapi.animal.go.kr/openapi/service/rest/fileDownloadSrvc/files/shelter/2026/04/202605181705558.jpg
447505202600466,믹스견,갈색&검정,입에 춘장을 묻힌 강아지. 아직 모든게 무섭지만 열심히 적응중!!!,F,대곡제내길,경상북도 경주시,보호중,http://openapi.animal.go.kr/openapi/service/rest/fileDownloadSrvc/files/shelter/2026/04/202605181705378.jpg
447505202600454,믹스견,검정 황갈색&흰색,보호자에게 반환 예정,M,시청 부근,경상북도 경주시,종료(반환),http://openapi.animal.go.kr/openapi/service/rest/fileDownloadSrvc/files/shelter/2026/04/202605181005326[1].jpg
447505202600453,믹스견,흑갈색,피부병 있으며 성격이 까칠함,M,서면 갠버블로 부근,경상북도 경주시,보호중,http://openapi.animal.go.kr/openapi/service/rest/fileDownloadSrvc/files/shelter/2026/04/202605181005601.jpg
447502202600288,믹스견,흰색,"2세추정,경계심이 심하나 겁이 많지는 않음,강한 엄마로 추정됨 스파르타식으로 아이들을 키웠을뜻...",F,경상북도 포항시 북구 청하면 고현길80번길 31,경상북도 포항시,보호중,http://openapi.animal.go.kr/openapi/service/rest/fileDownloadSrvc/files/shelter/2026/04/202605181405890.jpg
447502202600287,말티즈,기타(흰색&갈색),"말티츄 추정,6세이상으로 보이며 같이 온 친구 보다 소심하고 겁이 많지만 물지는 않는 착한 친구!",F,경북 포항시 남구 구룡포읍 삼정리,경상북도 포항시,종료(반환),http://openapi.animal.go.kr/openapi/service/rest/fileDownloadSrvc/files/shelter/2026/04/202605181405662.jpg
447502202600286,말티즈,흰색,"말티츄 추정,10세 이상으로 보이며 사람을 좋아하는듯 안좋아하는듯 애매 모호함 할머니 둘이서 외출하신듯",F,경북 포항시 남구 구룡포읍 삼정리,경상북도 포항시,종료(반환),http://openapi.animal.go.kr/openapi/service/rest/fileDownloadSrvc/files/shelter/2026/04/202605181405466.jpg
446492202600034,믹스견,흰색&황갈색,체구가 작아 아담하고 발랄하고 귀여움,M,전남 강진군 강진읍 초지길 109-61,전라남도 강진군,보호중,http://openapi.animal.go.kr/openapi/service/rest/fileDownloadSrvc/files/shelter/2026/04/202605181105504.jpg
446492202600033,믹스견,흰색,체구가 작아 아담하고 발랄하고 귀여움,M,전남 강진군 강진읍 초지길 109-61,전라남도 강진군,보호중,http://openapi.animal.go.kr/openapi/service/rest/fileDownloadSrvc/files/shelter/2026/04/20260518110544.jpg
446488202600111,믹스견,갈색,풍성한 갈색 털과 순둥한 눈빛이 매력적인 어린 믹스견,M,도양읍,전라남도 고흥군,보호중,http://openapi.animal.go.kr/openapi/service/rest/fileDownloadSrvc/files/shelter/2026/04/202605181505629.jpeg
446488202600110,믹스견,흰색,새하얀 장모와 쫑긋한 귀가 매력적인 사랑스러운 믹스견,F,봉래면,전라남도 고흥군,보호중,http://openapi.animal.go.kr/openapi/service/rest/fileDownloadSrvc/files/shelter/2026/04/202605181505232.jpeg
446488202600109,믹스견,황갈색,복슬한 크림빛 털과 장난꾸러기 같은 표정이 귀여운 어린 믹스견,M,도양읍,전라남도 고흥군,보호중,http://openapi.animal.go.kr/openapi/service/rest/fileDownloadSrvc/files/shelter/2026/04/202605181505873.jpeg
446488202600108,믹스견,갈색,짧은 다리와 귀여운 갈색 털이 사랑스러운 어린 믹스견,F,도양읍,전라남도 고흥군,보호중,http://openapi.animal.go.kr/openapi/service/rest/fileDownloadSrvc/files/shelter/2026/04/202605181505235.jpeg
446488202600107,믹스견,흰색&황갈색,동글동글한 눈망울과 귀여운 얼굴무늬가 매력적인 어린 믹스견,F,봉래면,전라남도 고흥군,보호중,http://openapi.animal.go.kr/openapi/service/rest/fileDownloadSrvc/files/shelter/2026/04/202605181405461.jpeg
446488202600106,믹스견,흰색,새하얀 장모와 쫑긋한 귀가 매력적인 사랑스러운 믹스견,F,봉래면,전라남도 고흥군,보호중,http://openapi.animal.go.kr/openapi/service/rest/fileDownloadSrvc/files/shelter/2026/04/202605181405935.jpeg
446488202600105,믹스견,갈색,복슬한 연갈색 털과 해맑은 미소가 사랑스러운 작은 믹스견,F,고흥읍,전라남도 고흥군,보호중,http://openapi.animal.go.kr/openapi/service/rest/fileDownloadSrvc/files/shelter/2026/04/202605181405197.jpeg
446484202600454,믹스견,흰색,믹스 흰색 수컷 3개월추정,M,옥곡면 옥곡시장주변,전라남도 광양시,보호중,http://openapi.animal.go.kr/openapi/service/rest/fileDownloadSrvc/files/shelter/2026/05/202605180905222[1].jpg
446484202600453,믹스견,흰색,믹스 흰색 수컷 3개월추정,M,옥곡면 옥곡시장주변,전라남도 광양시,보호중,http://openapi.animal.go.kr/openapi/service/rest/fileDownloadSrvc/files/shelter/2026/05/202605180905492.jpg
446484202600452,믹스견,흰색,믹스 흰색 암컷 3개월추정,F,옥곡면 옥곡시장주변,전라남도 광양시,보호중,http://openapi.animal.go.kr/openapi/service/rest/fileDownloadSrvc/files/shelter/2026/05/20260518090500.jpg
446484202600451,믹스견,검정&흰색,믹스 검정+흰색 암컷 3개월추정(피부병심함),F,중마동 서울병원 주변,전라남도 광양시,보호중,http://openapi.animal.go.kr/openapi/service/rest/fileDownloadSrvc/files/shelter/2026/05/20260518090560.jpg
446482202600147,믹스견,흰색,"사상충-음성,접종(종합백신/코로나장염/광견병),데피니트,스팟라인",M,평화로157,전라남도 순천시,보호중,http://openapi.animal.go.kr/openapi/service/rest/fileDownloadSrvc/files/shelter/2026/04/20260518100525.png
446480202600589,포메라니안,흰색,"애견목줄착용, 인도에 장시간 묶여있음",F,구청해사,전라남도 목포시,종료(반환),http://openapi.animal.go.kr/openapi/service/rest/fileDownloadSrvc/files/shelter/2026/04/202605182005895.jpg
445471202600174,믹스견,갈색&검정,순하다,M,김제시 백산면 대장로 38,전북특별자치도 김제시,보호중,http://openapi.animal.go.kr/openapi/service/rest/fileDownloadSrvc/files/shelter/2026/05/202605180905384.jpg
445471202600173,믹스견,갈색,순하다,F,김제시 백산면 대장로 38,전북특별자치도 김제시,보호중,http://openapi.animal.go.kr/openapi/service/rest/fileDownloadSrvc/files/shelter/2026/05/202605180905363.jpg
445471202600172,믹스견,갈색&흰색,순하다,F,김제시 백산면 대장로 38,전북특별자치도 김제시,보호중,http://openapi.animal.go.kr/openapi/service/rest/fileDownloadSrvc/files/shelter/2026/05/202605180905787.jpg
445471202600171,믹스견,갈색&검정,활발함,F,김제시 백산면 대장로 38,전북특별자치도 김제시,보호중,http://openapi.animal.go.kr/openapi/service/rest/fileDownloadSrvc/files/shelter/2026/05/202605180905203.jpg
445468202601241,믹스견,검정&흰색,들개생활을 하여 경계심은 살짝 있지만 순한편임. 앞발하나가 없음,M,익산시 고현로8길 9-11,전북특별자치도 익산시,보호중,http://openapi.animal.go.kr/openapi/service/rest/fileDownloadSrvc/files/shelter/2026/04/202605181305401.jpg
445464202601776,믹스견,갈색&검정&흰색,들개자견,M,기린봉,전북특별자치도 전주시,보호중,http://openapi.animal.go.kr/openapi/service/rest/fileDownloadSrvc/files/shelter/2026/05/20260518230512.jpg
445464202601775,믹스견,흰색,들개자견,F,기린봉,전북특별자치도 전주시,보호중,http://openapi.animal.go.kr/openapi/service/rest/fileDownloadSrvc/files/shelter/2026/05/202605182305746.jpg
445464202601774,믹스견,흰색,들개자견,F,기린봉,전북특별자치도 전주시,보호중,http://openapi.animal.go.kr/openapi/service/rest/fileDownloadSrvc/files/shelter/2026/05/202605182305581.jpg
445464202601762,믹스견,갈색,들개자견,F,팔복동2가 517-1,전북특별자치도 전주시,보호중,http://openapi.animal.go.kr/openapi/service/rest/fileDownloadSrvc/files/shelter/2026/04/202605181605978.jpg
445464202601761,믹스견,흰색,들개자견,M,팔복동2가 517-1,전북특별자치도 전주시,보호중,http://openapi.animal.go.kr/openapi/service/rest/fileDownloadSrvc/files/shelter/2026/04/202605181605672.jpg
445464202601760,믹스견,검정&흰색,들개자견,M,팔복동2가 517-1,전북특별자치도 전주시,보호중,http://openapi.animal.go.kr/openapi/service/rest/fileDownloadSrvc/files/shelter/2026/04/202605181605691.jpg
445464202601759,믹스견,검정&흰색,들개자견,F, 팔복동2가 517-1,전북특별자치도 전주시,보호중,http://openapi.animal.go.kr/openapi/service/rest/fileDownloadSrvc/files/shelter/2026/04/202605181605730.jpg
444568202600250,믹스견,갈색&검정&흰색,"3개월, 순함. 코로나, 종합백신 1차완료 (05/18)",F,당진시 고대면 신곡길 3 인근,충청남도 당진시,보호중,http://openapi.animal.go.kr/openapi/service/rest/fileDownloadSrvc/files/shelter/2026/05/202605181605241.jpg
444568202600249,믹스견,갈색&검정&흰색,"3개월, 순함. 코로나, 종합백신 1차완료 (05/18)",M,당진시 고대면 신곡길 3 인근,충청남도 당진시,보호중,http://openapi.animal.go.kr/openapi/service/rest/fileDownloadSrvc/files/shelter/2026/05/202605181605907.jpg
444454202600754,푸들,갈색,"신고자센터방문,교통사고타병원방문,등록칩,공고번호:2026-00355,지알디아양성",F,노성면,충청남도 논산시,보호중,http://openapi.animal.go.kr/openapi/service/rest/fileDownloadSrvc/files/shelter/2026/05/202605181605446.jpg
444453202600685,믹스견,검정색,"약간 경계, 겁 많음",F,고북면 남정우무실길 293,충청남도 서산시,보호중,http://openapi.animal.go.kr/openapi/service/rest/fileDownloadSrvc/files/shelter/2026/05/202605181705748.jpg
444453202600684,믹스견,갈색,"순함, 입소 당시 5개월령 추정",M,고북면 남정우무실길 293,충청남도 서산시,보호중,http://openapi.animal.go.kr/openapi/service/rest/fileDownloadSrvc/files/shelter/2026/05/202605181705429.jpg
444452202601205,믹스견,흰색,26-1205호(관리)166호(공고),M,온양1동 온천동 미소지움 아파트,충청남도 아산시,보호중,http://openapi.animal.go.kr/openapi/service/rest/fileDownloadSrvc/files/shelter/2026/05/202605181605867.jpg
444450202600463,믹스견,흰색,"모질불량, 심장사상충&파보 음성, 종합&광견병 백신, 심장사상충약",F,유구읍 무심길 9-2,충청남도 공주시,보호중,http://openapi.animal.go.kr/openapi/service/rest/fileDownloadSrvc/files/shelter/2026/05/202605181705326.jpg
444449202601164,믹스견,갈색&검정&흰색,"순함, 미용되어 있음, 빨간 목줄 착용, 심장사상충 양성",M,서북구 성환읍 매주리 330-19,충청남도 천안시,보호중,http://openapi.animal.go.kr/openapi/service/rest/fileDownloadSrvc/files/shelter/2026/05/202605180905551.jpg
443444202600161,믹스견,겨자색,"미등록, 건강상태 불량",F,황간면 금계리,충청북도 영동군,보호중,http://openapi.animal.go.kr/openapi/service/rest/fileDownloadSrvc/files/shelter/2026/05/202605181305749.jpg
443444202600160,믹스견,흰색,"미등록, 외부기생충 감염",M,황간면 금계리,충청북도 영동군,보호중,http://openapi.animal.go.kr/openapi/service/rest/fileDownloadSrvc/files/shelter/2026/05/202605181305173.jpg
443444202600159,믹스견,금갈색,"미등록, 설사,피부질환, 진드기,외부기생충 감염",F,황간면 금계리,충청북도 영동군,보호중,http://openapi.animal.go.kr/openapi/service/rest/fileDownloadSrvc/files/shelter/2026/05/202605181305841.jpg
443444202600158,믹스견,겨자색,"미등록, 건강상태 불량",F,황간면 금계리,충청북도 영동군,보호중,http://openapi.animal.go.kr/openapi/service/rest/fileDownloadSrvc/files/shelter/2026/05/20260518130506.jpg
443443202600341,믹스견,검정색,"[관리번호183]동이면 세산리에 위치한 원두막에서 발견, 사람 경계가 심함",M,동이면,충청북도 옥천군,보호중,http://openapi.animal.go.kr/openapi/service/rest/fileDownloadSrvc/files/shelter/2026/05/202605181705493.jpeg
443440202600198,믹스견,흰색,심장사상충양성,M,봉양읍 명암로2길284,충청북도 제천시,보호중,http://openapi.animal.go.kr/openapi/service/rest/fileDownloadSrvc/files/shelter/2026/04/202605181305414.jpg
442429202600216,믹스견,갈색&검정,작고어림,M,임계면 태봉안길  빈집부근,강원특별자치도 정선군,보호중,http://openapi.animal.go.kr/openapi/service/rest/fileDownloadSrvc/files/shelter/2026/04/202605181305582[1].jpg
442429202600215,믹스견,갈색&검정,작고 어림,F,임계면 태봉안길  빈집부근,강원특별자치도 정선군,보호중,http://openapi.animal.go.kr/openapi/service/rest/fileDownloadSrvc/files/shelter/2026/04/202605181305302.jpg
442429202600214,믹스견,갈색&검정,작고어림,F,임계면   태봉안길  빈집 부근,강원특별자치도 정선군,보호중,http://openapi.animal.go.kr/openapi/service/rest/fileDownloadSrvc/files/shelter/2026/04/202605181205562.jpg
442429202600213,믹스견,갈색&검정,자고 어림,M,임계면 태봉안길  빈집 부근,강원특별자치도 정선군,보호중,http://openapi.animal.go.kr/openapi/service/rest/fileDownloadSrvc/files/shelter/2026/04/202605181205739.jpg
442429202600212,믹스견,갈색&검정,작고 어림,M,임계면 태봉안길  빈집부근,강원특별자치도 정선군,보호중,http://openapi.animal.go.kr/openapi/service/rest/fileDownloadSrvc/files/shelter/2026/04/202605181205464[1].jpg
442425202600084,믹스견,갈색,온순,M,남면 향화터길 227,강원특별자치도 홍천군,보호중,http://openapi.animal.go.kr/openapi/service/rest/fileDownloadSrvc/files/shelter/2026/04/202605181405789.jpg
442425202600083,믹스견,갈색,온순,M,남면 향화터길 227,강원특별자치도 홍천군,보호중,http://openapi.animal.go.kr/openapi/service/rest/fileDownloadSrvc/files/shelter/2026/04/20260518140545.jpg
442425202600082,믹스견,갈색,온순,F,남면 향화터길 227,강원특별자치도 홍천군,보호중,http://openapi.animal.go.kr/openapi/service/rest/fileDownloadSrvc/files/shelter/2026/04/202605181405771.jpg
441570202600219,믹스견,검정&흰색,매우온순함,F,점동면 장안리,경기도 여주시,보호중,http://openapi.animal.go.kr/openapi/service/rest/fileDownloadSrvc/files/shelter/2026/05/202605181905158.jpg
441570202600218,믹스견,크림색,매우온순함,F,점동면 장안리,경기도 여주시,보호중,http://openapi.animal.go.kr/openapi/service/rest/fileDownloadSrvc/files/shelter/2026/05/202605181905438.jpg
441570202600217,믹스견,흑갈색,"파란색 목띠착용, 매우온순함",F,상거동 명품로,경기도 여주시,보호중,http://openapi.animal.go.kr/openapi/service/rest/fileDownloadSrvc/files/shelter/2026/05/202605181905715.jpg
441570202600216,믹스견,흰색,겁이 다소있음,F,흥천면 대당리,경기도 여주시,보호중,http://openapi.animal.go.kr/openapi/service/rest/fileDownloadSrvc/files/shelter/2026/05/202605181805168.jpg
441570202600214,믹스견,검정색,겁이 다소있음,M,천송동 신륵로,경기도 여주시,보호중,http://openapi.animal.go.kr/openapi/service/rest/fileDownloadSrvc/files/shelter/2026/05/202605181805849.jpg
441554202601036,푸들,쵸콜릿색,"5-56, 칩없음, 목줄과 쇠리드줄 착용, 허리쪽 피부가 안좋음, 활발하고 귀여운 아이",M,광주시 천진암로 일대,경기도 광주시,보호중,http://openapi.animal.go.kr/openapi/service/rest/fileDownloadSrvc/files/shelter/2026/04/202605181805112.jpg
441554202601035,믹스견,검정색,"5-55, 4개월령, 왕소심이, 둥글둥글 곰돌이 외모",M,광주시 퇴촌면 영동리 일대,경기도 광주시,보호중,http://openapi.animal.go.kr/openapi/service/rest/fileDownloadSrvc/files/shelter/2026/04/202605181805926.jpg
441554202601034,믹스견,갈색,"5-54, 4개월령, 소심한 성격, 예쁜 외모의 믹스 아가",F,광주시 퇴촌면 영동리 일대,경기도 광주시,보호중,http://openapi.animal.go.kr/openapi/service/rest/fileDownloadSrvc/files/shelter/2026/04/20260518180560.jpg
441553202601736,믹스견,흰색,억지 웃음을 짓는것처럼 생김/ 겁이많음/ 사람을 조금 무서워함,M,향남읍 발안로인근,경기도 화성시,보호중,http://openapi.animal.go.kr/openapi/service/rest/fileDownloadSrvc/files/shelter/2026/05/202605181605366.jpg
441553202601732,푸들,크림색,애교많고 사랑스러운 푸들/칩 없음/털 미용이 되어있음/실물이 더 귀여움,M,반송 119,경기도 화성시,보호중,http://openapi.animal.go.kr/openapi/service/rest/fileDownloadSrvc/files/shelter/2026/05/202605181405617.jpg
441553202601726,믹스견,검정&흰색,얌전하나 겁이 엄청 많은편인 이쁘게 생긴 믹스견/살짝 테리어 느낌이 있음/칩 없음,F,병점중앙로 인근,경기도 화성시,보호중,http://openapi.animal.go.kr/openapi/service/rest/fileDownloadSrvc/files/shelter/2026/05/202605181105361[1].jpg
441417202600475,믹스견,갈색&흰색,순하고 사람을 잘따름. 파랑색 목걸이하고있음.,M,지평면 다루네길85,경기도 양평군,보호중,http://openapi.animal.go.kr/openapi/service/rest/fileDownloadSrvc/files/shelter/2026/05/202605181505759.jpg
441417202600474,믹스견,검정&황갈색,"가죽 목걸이 착용, 매우 온순하며 사람을 잘 따름",M,경기도 양평군 양서면 증동길316번길 10-12,경기도 양평군,종료(반환),http://openapi.animal.go.kr/openapi/service/rest/fileDownloadSrvc/files/shelter/2026/04/202605181105453.png
441417202600473,푸들,갈색,"노란색 체리 그림 목걸이 착용, 관리가 되어 있는 상태이며 사람을 매우 잘 따름",M,경기도 양평군 양서면 양수리 1060 인근(양수리전통시장),경기도 양평군,보호중,http://openapi.animal.go.kr/openapi/service/rest/fileDownloadSrvc/files/shelter/2026/04/202605181105699.png
441407202600537,진도견,기타(크림색),"파란색 목띠착용, 매우온순함",F,마장면 관리,경기도 이천시,보호중,http://openapi.animal.go.kr/openapi/service/rest/fileDownloadSrvc/files/shelter/2026/05/202605181905380.jpg
441407202600536,믹스견,황갈색,겁이 많음,F,설성면 암산리,경기도 이천시,보호중,http://openapi.animal.go.kr/openapi/service/rest/fileDownloadSrvc/files/shelter/2026/05/202605181905517.jpg
441407202600535,풍산견,크림색,매우온순함,F,마장면 회억리,경기도 이천시,보호중,http://openapi.animal.go.kr/openapi/service/rest/fileDownloadSrvc/files/shelter/2026/05/202605181905650.jpg
441405202601231,믹스견,갈색,짧둥한 다리와 풍성한 털이 매력적인 귀여운 아이,M,처인구 백암면 가좌리 48-2,경기도 용인시,보호중,http://openapi.animal.go.kr/openapi/service/rest/fileDownloadSrvc/files/shelter/2026/05/202605181805452.jpg
441405202601229,믹스견,크림색,해진 녹색 목줄과 끊어진 쇠줄 착용,F,기흥구 흥덕4로30번길 11(흥덕마을경남아너스13단지APT),경기도 용인시,보호중,http://openapi.animal.go.kr/openapi/service/rest/fileDownloadSrvc/files/shelter/2026/05/202605181405432.jpg
441405202601228,라이카,검정&흰색,"2마리 함께 입소, 형광색 목줄 착용, 우측 뒷다리 이상",M,처인구 동부로29번길 12,경기도 용인시,종료(반환),http://openapi.animal.go.kr/openapi/service/rest/fileDownloadSrvc/files/shelter/2026/05/202605181305108.jpg
441405202601227,라이카,검정&흰색,"2마리 함께 입소, 형광색 목줄 착용",M,처인구 동부로29번길 12,경기도 용인시,종료(반환),http://openapi.animal.go.kr/openapi/service/rest/fileDownloadSrvc/files/shelter/2026/05/202605181305162.jpg
441401202600506,비숑 프리제,흰색,"사람 손길에 익숙하고 착한 순딩이, 매우마름",F,은계중앙로 8번지,경기도 시흥시,보호중,http://openapi.animal.go.kr/openapi/service/rest/fileDownloadSrvc/files/shelter/2026/05/202605181005975.jpg
441394202600995,푸들,붉고 엷은 황갈색,파란색 하네스 착용,Q,성사동 777 부근,경기도 고양시,종료(반환),http://openapi.animal.go.kr/openapi/service/rest/fileDownloadSrvc/files/shelter/2026/05/202605181105531.jpg
441393202600605,믹스견,기타(갈흑),겁많음,Q,수암119안전센터에서 인수,경기도 안산시,보호중,http://openapi.animal.go.kr/openapi/service/rest/fileDownloadSrvc/files/shelter/2026/04/202605181705279.jpg
441393202600604,믹스견,기타(백),순함,M,대부황금로1426 부근,경기도 안산시,보호중,http://openapi.animal.go.kr/openapi/service/rest/fileDownloadSrvc/files/shelter/2026/04/202605181705345.jpg
441393202600603,믹스견,기타(갈흑백),순함,F,대부황금로1426 부근,경기도 안산시,보호중,http://openapi.animal.go.kr/openapi/service/rest/fileDownloadSrvc/files/shelter/2026/04/202605181705791[1].jpg
441393202600593,비숑 프리제,기타(백),"순함,칩있음",M,성포동591 부근,경기도 안산시,종료(반환),http://openapi.animal.go.kr/openapi/service/rest/fileDownloadSrvc/files/shelter/2026/04/20260518160566.jpg
441393202600591,믹스견,기타(백),"초록목줄,빨간줄,순함",M,상록수119안전센터에서 인수,경기도 안산시,보호중,http://openapi.animal.go.kr/openapi/service/rest/fileDownloadSrvc/files/shelter/2026/04/202605181605668.jpg
441391202600893,믹스견,흰색,"4-5개월령, 매우 순하고 회색 목줄 착용 한 채 입소 / 래브라도,진도 믹스 추정",F,포승읍 호암1길 17,경기도 평택시,보호중,http://openapi.animal.go.kr/openapi/service/rest/fileDownloadSrvc/files/shelter/2026/04/202605181305731.jpg
441391202600889,믹스견,갈색&흰색,경계성 입질 매우 심함,M,서탄면 236-50,경기도 평택시,보호중,http://openapi.animal.go.kr/openapi/service/rest/fileDownloadSrvc/files/shelter/2026/04/202605181105687.jpg
441391202600887,마리노이즈,황갈색,칩없음. 성향파악 미상,M,진위면 : 야막길 108-86,경기도 평택시,보호중,http://openapi.animal.go.kr/openapi/service/rest/fileDownloadSrvc/files/shelter/2026/05/202605181105467.jpg
441386202600658,비숑 프리제,흰색,(입소당시) 칩 있어 소유주 연락중. 꼬질꼬질함. 지알디아 양성.,M,부천시립북부 도서관 맞은편 홈플러스,경기도 부천시,종료(반환),http://openapi.animal.go.kr/openapi/service/rest/fileDownloadSrvc/files/shelter/2026/04/202605181905359.jpg
441386202600657,말티즈,흰색,(입소당시) 전신 털 엉킴 매우 심함. 피부질환. 치아 없음.,M,부천로 65,경기도 부천시,보호중,http://openapi.animal.go.kr/openapi/service/rest/fileDownloadSrvc/files/shelter/2026/05/202605181905281.jpg
441378202600628,치와와,"기타(검,백)",치석 심함,M,성남시 성남대로 779번길17,경기도 성남시,종료(반환),http://openapi.animal.go.kr/openapi/service/rest/fileDownloadSrvc/files/shelter/2026/05/202605181105956.jpg
429362202600295,믹스견,흰색,"26-0279 콩이, 내장칩있음",M,북구 운암동,광주광역시 북구,보호중,http://openapi.animal.go.kr/openapi/service/rest/fileDownloadSrvc/files/shelter/2026/05/20260518110568.jpg
428356202600619,골든 리트리버,크림색,얌전하나 갖혀 있을때는 성격 있음,M,서구 오류동 122-4,인천광역시 서구,보호중,http://openapi.animal.go.kr/openapi/service/rest/fileDownloadSrvc/files/shelter/2026/04/202605181505209.jpg
428349202600312,웰시 코기 펨브로크,황갈색,"구조시 후지파행증상, 매우 순함",F,중구청 당직실,인천광역시 중구,종료(반환),http://openapi.animal.go.kr/openapi/service/rest/fileDownloadSrvc/files/shelter/2026/05/202605181305371.jpg
427514202600114,믹스견,검정&흰색,구더기증 심함. 치료중.,F,군위읍 서부리,대구광역시 군위군,보호중,http://openapi.animal.go.kr/openapi/service/rest/fileDownloadSrvc/files/shelter/2026/04/202605181605119.jpg
427514202600113,믹스견,갈색&검정&흰색,구더기증 있음. 치료중.,F,군위읍 서부리,대구광역시 군위군,보호중,http://openapi.animal.go.kr/openapi/service/rest/fileDownloadSrvc/files/shelter/2026/04/202605181605203.jpg
427514202600112,믹스견,갈색&검정&흰색,구더기증 있음. 치료중.,F,군위읍 서부리,대구광역시 군위군,보호중,http://openapi.animal.go.kr/openapi/service/rest/fileDownloadSrvc/files/shelter/2026/04/202605181605395.jpg
427514202600111,믹스견,크림색,구더기증 심함. 치료중.,M,군위읍 서부리,대구광역시 군위군,보호중,http://openapi.animal.go.kr/openapi/service/rest/fileDownloadSrvc/files/shelter/2026/04/20260518160592.jpg
427514202600110,믹스견,갈색&검정&흰색,구더기증 있음. 치료중.,F,군위읍 서부리,대구광역시 군위군,보호중,http://openapi.animal.go.kr/openapi/service/rest/fileDownloadSrvc/files/shelter/2026/04/202605181505359[2].jpg
427514202600109,믹스견,크림색,구더기증 심함. 치료중.,F,군위읍 서부리,대구광역시 군위군,보호중,http://openapi.animal.go.kr/openapi/service/rest/fileDownloadSrvc/files/shelter/2026/04/202605181505564[2].jpg
427514202600108,믹스견,흰색,"구더기증 매우 심함, 치료중",M,군위읍 서부리,대구광역시 군위군,보호중,http://openapi.animal.go.kr/openapi/service/rest/fileDownloadSrvc/files/shelter/2026/04/202605181505391.jpg
427346202600518,믹스견,흰색,순하고 애교 많습니다.,F,화랑공원,대구광역시 수성구,보호중,http://openapi.animal.go.kr/openapi/service/rest/fileDownloadSrvc/files/shelter/2026/05/20260518180544.jpg
443445202600332,라브라도 리트리버,노란색,피모상태양호/마이크로칩 없음/전반적인 건강상태 양호,M,진천군 진천읍 농다리로 1411,충청북도 진천군,보호중,http://openapi.animal.go.kr/openapi/service/rest/fileDownloadSrvc/files/shelter/2026/05/202605221705373.jpeg
430364202600358,포메라니안,갈색,주인반환,M,용운 고층 아파트,대전광역시 동구,종료(반환),http://openapi.animal.go.kr/openapi/service/rest/fileDownloadSrvc/files/shelter/2026/05/202605211405816.png
446494202600228,믹스견,검정&황갈색,건강하며아주순등함,M,삼호렉시안103동901,전라남도 영암군,보호중,http://openapi.animal.go.kr/openapi/service/rest/fileDownloadSrvc/files/shelter/2026/05/202605201305619.png
446494202600227,믹스견,흰색,대체로건강하나아주애민함,F,삼호읍 금곡동암길136-51,전라남도 영암군,보호중,http://openapi.animal.go.kr/openapi/service/rest/fileDownloadSrvc/files/shelter/2026/05/202605201305917.png
446494202600226,믹스견,흰색,대체로건강하나아주애민함,M,삼호읍 금곡동암길136-51,전라남도 영암군,보호중,http://openapi.animal.go.kr/openapi/service/rest/fileDownloadSrvc/files/shelter/2026/05/202605201105609.png
446494202600225,믹스견,검정&은색,대체로건강하나아주애민함,M,삼호읍 금곡동암길136-51,전라남도 영암군,보호중,http://openapi.animal.go.kr/openapi/service/rest/fileDownloadSrvc/files/shelter/2026/05/202605201105183.png
446483202600705,믹스견,갈색&검정&흰색,매일5마리출몰 포획틀에구조,F,나주시남평읍우산리파쓰리골프장,전라남도 나주시,보호중,http://openapi.animal.go.kr/openapi/service/rest/fileDownloadSrvc/files/shelter/2026/04/202605191805442.jpg
446483202600704,믹스견,기타(흰갈),건축자재창고에서구조,M,나주시다도면풍산리83해피니스앞,전라남도 나주시,보호중,http://openapi.animal.go.kr/openapi/service/rest/fileDownloadSrvc/files/shelter/2026/04/202605191705152[1].jpg
441559202600674,믹스견,검정&흰색,겁 있음. 경계. 방어적 입질. 눈곱. 눈물 자국. 꼬리 단미 안됨. 털 때탐. ,F,경기 양주시 덕계동 68-10 인근,경기도 양주시,보호중,http://openapi.animal.go.kr/openapi/service/rest/fileDownloadSrvc/files/shelter/2026/04/202605181605592.jpg
448567202600676,믹스견,갈색&흰색,"당근에 분실글 올라온 아이, 보호자와 연락됨",F,진해구 인사동 7-45,경상남도 창원시 의창성산구,종료(반환),http://openapi.animal.go.kr/openapi/service/rest/fileDownloadSrvc/files/shelter/2026/05/202605180705663.jpg
448567202600675,푸들,검정색,"내장칩 있음, 보호자와 연락 중, 갈색 하네스+리드줄 착용",F,마산회원구 구암동 구암어린이집,경상남도 창원시 의창성산구,종료(반환),http://openapi.animal.go.kr/openapi/service/rest/fileDownloadSrvc/files/shelter/2026/05/202605180705685.jpg
448537202601092,믹스견,엷은 황갈색&흰색,"눈 백내장,경계심함",M,대금마을 버스정류장,경상남도 거제시,보호중,http://openapi.animal.go.kr/openapi/service/rest/fileDownloadSrvc/files/shelter/2026/05/202605181305291.jpg
448537202601091,믹스견,밤색&흰색,순함,F,둔덕구천리,경상남도 거제시,보호중,http://openapi.animal.go.kr/openapi/service/rest/fileDownloadSrvc/files/shelter/2026/05/20260518130550.jpg
446483202600703,믹스견,흰색,주변에3마리매일출몰 포획구조,F,나주시삼영1길57,전라남도 나주시,보호중,http://openapi.animal.go.kr/openapi/service/rest/fileDownloadSrvc/files/shelter/2026/04/202605181805269.jpg
445479202600518,믹스견,갈색, 꼬리잘림 (연합동물병원으로 이송),M, 동진면 하장리 1800-3 인근농로,전북특별자치도 부안군,보호중,http://openapi.animal.go.kr/openapi/service/rest/fileDownloadSrvc/files/shelter/2026/05/202605180905185.jpg
444455202600351,진도견,붉고 엷은 황갈색,콧등이 검정색이고 귀는 서 있음,F,제원면 천내리709,충청남도 금산군,보호중,http://openapi.animal.go.kr/openapi/service/rest/fileDownloadSrvc/files/shelter/2026/05/202605180905668.png
441404202600192,말티즈,흰색,동물등록칩 있음. 조용하고 사람 잘 따름,F,하남시청 당직실,경기도 하남시,종료(반환),http://openapi.animal.go.kr/openapi/service/rest/fileDownloadSrvc/files/shelter/2026/04/202605181605660.png
441393202600589,푸들,기타(갈),"순함,칩있음",M,일동752 부근,경기도 안산시,종료(반환),http://openapi.animal.go.kr/openapi/service/rest/fileDownloadSrvc/files/shelter/2026/04/202605181605527.jpg
428354202600409,믹스견,갈색,겁이 많음,M,후정동로 62-2,인천광역시 부평구,종료(반환),http://openapi.animal.go.kr/openapi/service/rest/fileDownloadSrvc/files/shelter/2026/05/202605181005707.jpg
428354202600408,믹스견,노란색,순하고 사람을 잘따름,M,동암산 3 범성공원 ,인천광역시 부평구,종료(반환),http://openapi.animal.go.kr/openapi/service/rest/fileDownloadSrvc/files/shelter/2026/05/202605181005867.jpg
428351202600297,시츄,금색&흰색,"몸 전체 피부상태가 많이 안 좋은 편임 ,감기,콧물",M,주안동 975-5 웅빈아파트 앞 골목,인천광역시 미추홀구,보호중,http://openapi.animal.go.kr/openapi/service/rest/fileDownloadSrvc/files/shelter/2026/04/202605171105688.jpg
427343202600401,말티즈,흰색,순하고 사람을 잘 따름,M,서부도서관 근처,대구광역시 서구,종료(반환),http://openapi.animal.go.kr/openapi/service/rest/fileDownloadSrvc/files/shelter/2026/04/202605181105274.jpg
426340202600228,믹스견,흰색,"순함, 귀여움, 흰색",F,장안읍 명례산단3로 13-56,부산광역시 기장군,보호중,http://openapi.animal.go.kr/openapi/service/rest/fileDownloadSrvc/files/shelter/2026/05/202605181405708.jpg
426335202600266,믹스견,엷은 황갈색&흰색,"초록 목줄 착용, 순함",F,두구동 임석탄길 56,부산광역시 금정구,보호중,http://openapi.animal.go.kr/openapi/service/rest/fileDownloadSrvc/files/shelter/2026/05/202605181005189.jpg
426332202600236,믹스견,갈색&흰색,"파란색바탕에빨간목걸이착용,온순함,사람을잘따름,북구1-39",F,낙동대로1722번길 15,부산광역시 북구,보호중,http://openapi.animal.go.kr/openapi/service/rest/fileDownloadSrvc/files/shelter/2026/04/202605181605347.jpg
411303202600280,믹스견,검정&흰색,겁있음.방어적입질.노랑색하네스.치석.양눈결막염/초록눈곱.우안각막궤양흔적.콧등탈모.피부질환.,F,서울 성동구 동호로 지하 104 (금호동4가) 금호역,서울특별시 성동구,보호중,http://openapi.animal.go.kr/openapi/service/rest/fileDownloadSrvc/files/shelter/2026/04/20260518150582.jpg
448567202600673,시바,황갈색,"내장칩등록, 견주분께 연락 함",F,성산구 사파동 상남교회,경상남도 창원시 의창성산구,종료(반환),http://openapi.animal.go.kr/openapi/service/rest/fileDownloadSrvc/files/shelter/2026/05/202605171605106.jpg
448548202600479,믹스견,검정&흰색,마을배회 ,M,율곡면,경상남도 합천군,보호중,http://openapi.animal.go.kr/openapi/service/rest/fileDownloadSrvc/files/shelter/2026/04/20260517200584.jpg
448547202600398,믹스견,흰색,"어미없이 입소, 순함",M,경상남도 거창군 거창읍 수남로 2181,경상남도 거창군,보호중,http://openapi.animal.go.kr/openapi/service/rest/fileDownloadSrvc/files/shelter/2026/05/202605171005893.jpg
448547202600397,믹스견,갈색&흰색,"어미없이입소, 순함",F,경상남도 거창군 거창읍 수남로 2181,경상남도 거창군,보호중,http://openapi.animal.go.kr/openapi/service/rest/fileDownloadSrvc/files/shelter/2026/05/20260517100589.jpg
448547202600396,믹스견,검정&흰색,"앞다리 다침, 경계, 치료요함",M,경상남도 거창군 북상면 창선길 174,경상남도 거창군,보호중,http://openapi.animal.go.kr/openapi/service/rest/fileDownloadSrvc/files/shelter/2026/05/20260517100522.jpg
448541202600802,믹스견,검정&흰색,가슴에 흰털,M,대지면 용소리,경상남도 창녕군,보호중,http://openapi.animal.go.kr/openapi/service/rest/fileDownloadSrvc/files/shelter/2026/04/202605171905779.jpg
448537202601081,믹스견,갈색&흰색,"진드기많음,2마리 같이 발견",M,둔덕면 방하마을,경상남도 거제시,보호중,http://openapi.animal.go.kr/openapi/service/rest/fileDownloadSrvc/files/shelter/2026/04/202605171605589.jpg
448537202601080,믹스견,갈색&검정,"진드기많음,2마리 같이 발견",M,둔덕면 방하마을,경상남도 거제시,보호중,http://openapi.animal.go.kr/openapi/service/rest/fileDownloadSrvc/files/shelter/2026/04/202605171605961.jpg
448536202600379,믹스견,호반색&흰색,"모견 1마리, 자견 2마리, 모견과 매우 닮은 외모",F,산내면,경상남도 밀양시,보호중,http://openapi.animal.go.kr/openapi/service/rest/fileDownloadSrvc/files/shelter/2026/05/202605171505998.jpg
448536202600378,믹스견,흰색,"모견 1마리, 자견 2마리, 매력적인 눈동자",F,산내면,경상남도 밀양시,보호중,http://openapi.animal.go.kr/openapi/service/rest/fileDownloadSrvc/files/shelter/2026/05/202605171505881.jpg
448536202600377,믹스견,호반색&흰색,"모견 1마리, 자견 2마리, 작고 매우 순함",F,산내면,경상남도 밀양시,보호중,http://openapi.animal.go.kr/openapi/service/rest/fileDownloadSrvc/files/shelter/2026/05/202605171505604.jpg
448536202600376,믹스견,흰색,웃는게 예쁜 애교쟁이,F,청도면,경상남도 밀양시,보호중,http://openapi.animal.go.kr/openapi/service/rest/fileDownloadSrvc/files/shelter/2026/05/202605171405315.jpg
448536202600375,믹스견,흰색,"공고번호 259,260과 동배 추정, 순함",M,삼랑진읍,경상남도 밀양시,보호중,http://openapi.animal.go.kr/openapi/service/rest/fileDownloadSrvc/files/shelter/2026/05/202605171405691.jpg
447502202600284,믹스견,갈색&검정&흰색,"포획틀구조, 상태는 매우 양호, 소심하고 매우 조심성이 많은 성격, 진도 블랙탄 믹스 ",M,경상북도 포항시 북구 한동로 558 한동대 정문인근,경상북도 포항시,보호중,http://openapi.animal.go.kr/openapi/service/rest/fileDownloadSrvc/files/shelter/2026/05/202605171105185.jpg
447502202600283,진도견,붉고 엷은 황갈색,"콩자반 같은 작은 눈이지만 마음은 넓은 애교쟁이, 사람을 엄청 좋아함, 앉아 가능!",M,경상북도 포항시 남구 축항로 155,경상북도 포항시,종료(반환),http://openapi.animal.go.kr/openapi/service/rest/fileDownloadSrvc/files/shelter/2026/05/202605171005384.jpg
446482202600146,말티즈,흰색,진료예정,M,풍덕동 인근,전라남도 순천시,종료(반환),http://openapi.animal.go.kr/openapi/service/rest/fileDownloadSrvc/files/shelter/2026/05/20260517120587.jpg
446480202600526,요크셔 테리어,검정&금색,"체구가 작고 털이 짧게 미용됨, 짖음이 심함",F,유달중,전라남도 목포시,종료(반환),http://openapi.animal.go.kr/openapi/service/rest/fileDownloadSrvc/files/shelter/2026/05/202605172105680.jpg
445467202601053,믹스견,갈색&검정,2개월 추정 순함 보호소 입구에 유기됨,F,보덕안정길 108-20,전북특별자치도 군산시,보호중,http://openapi.animal.go.kr/openapi/service/rest/fileDownloadSrvc/files/shelter/2026/04/202605171505791.jpg
444568202600248,믹스견,엷은 황갈색&흰색,"(6주) 순함. 코로나, 종합 백신 1차 완료(05/18)",F,당진시 순성면 성북리 744-1,충청남도 당진시,보호중,http://openapi.animal.go.kr/openapi/service/rest/fileDownloadSrvc/files/shelter/2026/05/202605171105824.jpg
444568202600247,믹스견,엷은 황갈색&흰색,"(6주) 순함. 코로나, 종합 백신 1차 완료(05/18)",M,당진시 순성면 성북리 744-1,충청남도 당진시,보호중,http://openapi.animal.go.kr/openapi/service/rest/fileDownloadSrvc/files/shelter/2026/05/202605171105803.jpg
444568202600246,믹스견,엷은 황갈색&흰색,"(6주) 순함. 코로나, 종합 백신 1차 완료(05/18)",M,당진시 순성면 성북리 744-1,충청남도 당진시,보호중,http://openapi.animal.go.kr/openapi/service/rest/fileDownloadSrvc/files/shelter/2026/05/202605171105115.jpg
444568202600245,믹스견,엷은 황갈색&흰색,"(6주) 순함. 코로나, 종합 백신 1차 완료(05/18)",M,당진시 순성면 성북리 744-1,충청남도 당진시,보호중,http://openapi.animal.go.kr/openapi/service/rest/fileDownloadSrvc/files/shelter/2026/05/202605171105772.jpg
444568202600244,믹스견,갈색&흰색,"겁먹음. 수유중. 코로나 양성. 광견병, 종합 백신 완료(05/10)",F,당진시 순성면 성북리 744-1,충청남도 당진시,보호중,http://openapi.animal.go.kr/openapi/service/rest/fileDownloadSrvc/files/shelter/2026/05/202605171105923.jpg
443571202601155,말티즈,흰색,7~8개월령 추정 순한성격,M,용담동 모드니아파트 부근,충청북도 청주시,보호중,http://openapi.animal.go.kr/openapi/service/rest/fileDownloadSrvc/files/shelter/2026/05/202605171705134.jpeg
443571202601151,믹스견,갈색&흰색,"골반강이 무너진 상태로 예후 관찰 필요, 매우 순한 성격으로 똘망한 눈을 가진 아이",F,가덕면 단재로 1453,충청북도 청주시,보호중,http://openapi.animal.go.kr/openapi/service/rest/fileDownloadSrvc/files/shelter/2026/04/202605171405498.jpeg
442423202600208,요크셔 테리어,갈색&검정,노령견,M,조양동 대성문구사 부근,강원특별자치도 속초시,종료(반환),http://openapi.animal.go.kr/openapi/service/rest/fileDownloadSrvc/files/shelter/2026/05/202605171505718.jpg
442418202600608,믹스견,갈색&흰색,온순함.,M,영서로 2922,강원특별자치도 춘천시,보호중,http://openapi.animal.go.kr/openapi/service/rest/fileDownloadSrvc/files/shelter/2026/04/202605171405634.jpg
441399202600834,말티즈,크림색,착하고 사람 손길을 잘 따름 인식칩 있음,F,진건주공2차아파트,경기도 남양주시,종료(반환),http://openapi.animal.go.kr/openapi/service/rest/fileDownloadSrvc/files/shelter/2026/04/202605171305767.png
447523202600337,믹스견,흰색,살랑살랑 꼬리흔들며 반겨주는 착한 아이랍니다~,M,예천읍 대심리,경상북도 예천군,보호중,http://openapi.animal.go.kr/openapi/service/rest/fileDownloadSrvc/files/shelter/2026/05/20260522110536.jpeg
443445202600317,믹스견,흰색,피모상태양호/마이크로칩 없음/전반적인 건강상태 양호,M,진천군 덕산읍 신척리 6번지,충청북도 진천군,보호중,http://openapi.animal.go.kr/openapi/service/rest/fileDownloadSrvc/files/shelter/2026/05/202605220705626.jpg
443445202600316,믹스견,흰색,피모상태양호/마이크로칩 없음/전반적인 건강상태 양호,M,진천군 덕산읍 신척리 6번지,충청북도 진천군,보호중,http://openapi.animal.go.kr/openapi/service/rest/fileDownloadSrvc/files/shelter/2026/05/202605220705922.jpg
443445202600315,믹스견,흰색,피모상태양호/마이크로칩 없음/전반적인 건강상태 양호,M,진천군 덕산읍 신척리 6번지,충청북도 진천군,보호중,http://openapi.animal.go.kr/openapi/service/rest/fileDownloadSrvc/files/shelter/2026/05/202605220705122.jpg
443445202600314,믹스견,흰색,피모상태양호/마이크로칩 없음/전반적인 건강상태 양호,F,진천군 덕산읍 신척리 6번지,충청북도 진천군,보호중,http://openapi.animal.go.kr/openapi/service/rest/fileDownloadSrvc/files/shelter/2026/05/202605220705738.jpg
443445202600313,믹스견,흰색,피모상태양호/마이크로칩 없음/전반적인 건강상태 양호,F,진천군 덕산읍 신척리 6번지,충청북도 진천군,보호중,http://openapi.animal.go.kr/openapi/service/rest/fileDownloadSrvc/files/shelter/2026/05/202605220705396.jpg
443445202600312,믹스견,흰색,피모상태양호/마이크로칩 없음/전반적인 건강상태 양호,F,진천군 덕산읍 신척리 6번지,충청북도 진천군,보호중,http://openapi.animal.go.kr/openapi/service/rest/fileDownloadSrvc/files/shelter/2026/05/202605220705818.jpg
442419202600354,믹스견,적갈&흰색,"두마리 함께발견, 귀여움",F,용수골길 94부근,강원특별자치도 원주시,보호중,http://openapi.animal.go.kr/openapi/service/rest/fileDownloadSrvc/files/shelter/2026/05/202605212205590.jpg
442419202600353,믹스견,갈색&흰색,두마리 함께 발견,M,용수골길 94부근,강원특별자치도 원주시,보호중,http://openapi.animal.go.kr/openapi/service/rest/fileDownloadSrvc/files/shelter/2026/05/202605212205223.jpg
446499202600096,믹스견,검정색,흰색,M,완도읍 정도리527-1,전라남도 완도군,보호중,http://openapi.animal.go.kr/openapi/service/rest/fileDownloadSrvc/files/shelter/2026/04/202605191105893.jpg
446499202600095,믹스견,흰색,흰색,F,완도읍 정도리527-1,전라남도 완도군,보호중,http://openapi.animal.go.kr/openapi/service/rest/fileDownloadSrvc/files/shelter/2026/04/202605191005971.jpg
446499202600094,믹스견,흰색,흰색,M,완도읍 정도리527-1,전라남도 완도군,보호중,http://openapi.animal.go.kr/openapi/service/rest/fileDownloadSrvc/files/shelter/2026/04/202605191005918.jpg
441559202600672,믹스견,검정&흰색,온순. 활발. 사람 좋아함. 주황색 목줄. 꼬리 단미 안됨. 털 상태 양호. 칩 있음. ,M,경기 양주시 광적면 삼일로 28 인근 산책로,경기도 양주시,보호중,http://openapi.animal.go.kr/openapi/service/rest/fileDownloadSrvc/files/shelter/2026/04/202605181605578.jpg
430365202600164,포메라니안,흰색,특이사항 없음,M,문화동 문화4거리 주변,대전광역시 중구,종료(반환),http://openapi.animal.go.kr/openapi/service/rest/fileDownloadSrvc/files/shelter/2026/04/202605191005855.png
411314202600161,믹스견,갈색&흰색,온순. 활발. 사람 좋아함. 왕 귀여움. 꼬리 단미 안됨. 털 약간 때탐. ,M,서울 양천구 남부순환로 331 (신월동) 메디힐병원 앞,서울특별시 양천구,보호중,http://openapi.animal.go.kr/openapi/service/rest/fileDownloadSrvc/files/shelter/2026/04/202605181505873.jpg
448567202600674,믹스견,갈색&흰색,포획 업체 현장 반환,F,마산합포구 진동면 진동리 435-7,경상남도 창원시 의창성산구,종료(반환),http://openapi.animal.go.kr/openapi/service/rest/fileDownloadSrvc/files/shelter/2026/05/202605180705569.jpg
448535202600358,믹스견,기타(연갈색),김해시-342,M,김해시 김해대로 25-96번길 11-81,경상남도 김해시,보호중,http://openapi.animal.go.kr/openapi/service/rest/fileDownloadSrvc/files/shelter/2026/05/202605180905869.png
445479202600507,믹스견,갈색, 경계심 있어보임.,F, 부안읍 봉덕길 5,전북특별자치도 부안군,보호중,http://openapi.animal.go.kr/openapi/service/rest/fileDownloadSrvc/files/shelter/2026/05/202605180905765.jpg
445468202601227,믹스견,갈색,생후 3개월 정도이며 빨간 목테 착용하고있음. 아주 순하고 활발한 성격임,F,익산시 함열읍 다송리 490-2,전북특별자치도 익산시,보호중,http://openapi.animal.go.kr/openapi/service/rest/fileDownloadSrvc/files/shelter/2026/04/202605181105403.jpg
444455202600346,믹스견,흰색,콧등이 검정색이고 귀는 서 있음,F,부리면 흰바우길100,충청남도 금산군,보호중,http://openapi.animal.go.kr/openapi/service/rest/fileDownloadSrvc/files/shelter/2026/05/202605161605832.png
444454202600753,믹스견,갈색&흰색,"경계심심함,녹색목줄,지알디아양성",M,지산동,충청남도 논산시,종료(반환),http://openapi.animal.go.kr/openapi/service/rest/fileDownloadSrvc/files/shelter/2026/05/202605181605619.jpg
444452202601204,믹스견,흰색,26-1204호(관리)165호(공고)/3개월령 추정,M,신창면 서부북로 770,충청남도 아산시,보호중,http://openapi.animal.go.kr/openapi/service/rest/fileDownloadSrvc/files/shelter/2026/05/202605181305141.jpg
444452202601203,믹스견,크림색,26-1203호(관리)164호(공고)/발견당시 노랑색 분독목줄 착용,M,온양6동 읍내동 130-9,충청남도 아산시,보호중,http://openapi.animal.go.kr/openapi/service/rest/fileDownloadSrvc/files/shelter/2026/05/202605181305676.jpg
442430202600071,믹스견,금색&흰색,사람을 좋아하며 순함,F,김화읍 청화길 52-1,강원특별자치도 철원군,보호중,http://openapi.animal.go.kr/openapi/service/rest/fileDownloadSrvc/files/shelter/2026/05/202605180905435.jpg
441560202600467,믹스견,흰색,겁 있음. 경계. 방어적 입질. 목줄 싫어함. 코 분홍. 꼬리 단미 안됨. 털 약간 때탐. ,F,경기 포천시 군내면 유교로 217 (유교리) 인근,경기도 포천시,보호중,http://openapi.animal.go.kr/openapi/service/rest/fileDownloadSrvc/files/shelter/2026/04/202605181505802.jpg
428356202600610,푸들,갈색,"순하고 깜찍함, 유성종양 있음. 초절정 귀요미",F,청라 에메랄드로 134,인천광역시 서구,보호중,http://openapi.animal.go.kr/openapi/service/rest/fileDownloadSrvc/files/shelter/2026/05/202605161605806.jpg
428354202600407,프렌치 불독,기타(검정 +갈색),순하고 카키색 하네스를 착용한상태로 구조됨 ,M,원적산공원 ,인천광역시 부평구,보호중,http://openapi.animal.go.kr/openapi/service/rest/fileDownloadSrvc/files/shelter/2026/05/202605180905884.jpg
428351202600296,푸들,갈색,"피부가 안좋은 편이고 약간의 콧물,재채기",F,학익소로63번길92 학동지구대 근처,인천광역시 미추홀구,종료(반환),http://openapi.animal.go.kr/openapi/service/rest/fileDownloadSrvc/files/shelter/2026/04/202605161505879.jpg
426333202600425,믹스견,갈색&흰색,"동물등록칩(410.097.800.260.304), 순함, 검정 줄무늬 옷 착용, 갈+흰",M,좌동 래미안아파트 상가,부산광역시 해운대구,종료(반환),http://openapi.animal.go.kr/openapi/service/rest/fileDownloadSrvc/files/shelter/2026/05/202605181005365.jpg
426333202600422,포메라니안,갈색,"건강 상의 이유로 인한 소유권 포기, 겁 많음, 순함, 갈색",F,송정1로 20 주공1단지,부산광역시 해운대구,보호중,http://openapi.animal.go.kr/openapi/service/rest/fileDownloadSrvc/files/shelter/2026/05/202605181005215.jpg
426329202600310,말티즈,흰색,화이트&핫레드 칼라 옷착용,F,부산진구 서전로 67번길 39,부산광역시 부산진구,종료(반환),http://openapi.animal.go.kr/openapi/service/rest/fileDownloadSrvc/files/shelter/2026/04/202605180905940.png
411316202600395,푸들,갈색,온순. 얌전. 넥카라 착용. 양 눈 혼탁. 치석 약간. 유선 종양. 피부 질환. 콧등 탈모. 꼬리 단미. ,F,"서울 구로구 중앙로5길 62 (고척동, 서울가든아파트)",서울특별시 구로구,보호중,http://openapi.animal.go.kr/openapi/service/rest/fileDownloadSrvc/files/shelter/2026/04/202605181505829.jpg
411311202600218,믹스견,흰색,양 눈 혼탁. 줄무늬 옷. 보라색 목줄. 부정 교합. 꼬리 단미 안됨. 털 상태 양호. 칩 있음. ,F,서울 은평구 가좌로 275-2 (신사동) 앞,서울특별시 은평구,보호중,http://openapi.animal.go.kr/openapi/service/rest/fileDownloadSrvc/files/shelter/2026/04/202605181505885.jpg
411303202600279,믹스견,흰색,온순. 활발. 사람 좋아함. 코 분홍. 꼬리 단미 안됨. 털 상태 양호. ,M,서울 성동구 사근동 235-12,서울특별시 성동구,보호중,http://openapi.animal.go.kr/openapi/service/rest/fileDownloadSrvc/files/shelter/2026/04/20260518150580[1].jpg
443571202601150,믹스견,갈색,주인 바로 반환,F,흥덕구 서현중로 54 상가동 101호,충청북도 청주시,종료(반환),http://openapi.animal.go.kr/openapi/service/rest/fileDownloadSrvc/files/shelter/2026/04/202605171405892.jpeg
443440202600197,믹스견,갈색,심장사상충양성 ,M,고명로4가길40-37,충청북도 제천시,보호중,http://openapi.animal.go.kr/openapi/service/rest/fileDownloadSrvc/files/shelter/2026/05/202605171005230.jpg
441553202601710,믹스견,흰색,원숭이시기가 온 어린이견/아직 낯을 많이 가리는 상태,F,향남읍 관리 인근,경기도 화성시,보호중,http://openapi.animal.go.kr/openapi/service/rest/fileDownloadSrvc/files/shelter/2026/05/202605171005288.jpg
441553202601709,믹스견,검정&황갈색,사람을 잘따르는 순한 친구/등만 검은색/파란색과 황토색 스트라이프 목줄하고있음,M,정남면 정남동로 인근,경기도 화성시,보호중,http://openapi.animal.go.kr/openapi/service/rest/fileDownloadSrvc/files/shelter/2026/05/202605171005832.jpg
428354202600396,말티즈,흰색,순하고 사람을 잘따름,F,갈산동 정광A,인천광역시 부평구,보호중,http://openapi.animal.go.kr/openapi/service/rest/fileDownloadSrvc/files/shelter/2026/04/202605161005473.jpg
448567202600672,푸들,흰색,몸 전체 도깨비풀 붙어 있음,F,의창구 북면 감계리 창원포레힐스데시앙 주변,경상남도 창원시 의창성산구,보호중,http://openapi.animal.go.kr/openapi/service/rest/fileDownloadSrvc/files/shelter/2026/05/202605161605685.jpg
448548202600478,믹스견,갈색&검정,마을에 발견 ,F,삼가면,경상남도 합천군,보호중,http://openapi.animal.go.kr/openapi/service/rest/fileDownloadSrvc/files/shelter/2026/04/202605161005556.jpg
448548202600477,믹스견,갈색&검정,마을에 발견 ,M,삼가면,경상남도 합천군,보호중,http://openapi.animal.go.kr/openapi/service/rest/fileDownloadSrvc/files/shelter/2026/04/202605161005540.jpg
448548202600476,믹스견,갈색&검정,마을에 발견 ,M,삼가면,경상남도 합천군,보호중,http://openapi.animal.go.kr/openapi/service/rest/fileDownloadSrvc/files/shelter/2026/04/202605161005224.jpg
448548202600475,믹스견,갈색,마을에 발견 ,F,삼가면,경상남도 합천군,보호중,http://openapi.animal.go.kr/openapi/service/rest/fileDownloadSrvc/files/shelter/2026/04/202605161005703.jpg
448541202600800,말티즈,흰색, 최근 유실,F,창녕읍 교하리,경상남도 창녕군,종료(반환),http://openapi.animal.go.kr/openapi/service/rest/fileDownloadSrvc/files/shelter/2026/04/202605162005403.jpg
448531202600884,믹스견,흰색,온순 겁많음,M,진주시 내동면 유수리 산216-1,경상남도 진주시,보호중,http://openapi.animal.go.kr/openapi/service/rest/fileDownloadSrvc/files/shelter/2026/05/202605161705845.jpg
448531202600883,믹스견,흰색,온순 겁많음,F,진주시 내동면 유수리산216-1,경상남도 진주시,보호중,http://openapi.animal.go.kr/openapi/service/rest/fileDownloadSrvc/files/shelter/2026/05/202605161705501.jpg
448531202600882,믹스견,갈색&검정&흰색,온순 겁많음,F,진주시 내동면 유수라 산 216-1,경상남도 진주시,보호중,http://openapi.animal.go.kr/openapi/service/rest/fileDownloadSrvc/files/shelter/2026/05/202605161605284[1].jpg
448531202600881,믹스견,흰색&황갈색,겁많고 소심한편 ,M,진주시 금곡면 금곡리 100-38,경상남도 진주시,보호중,http://openapi.animal.go.kr/openapi/service/rest/fileDownloadSrvc/files/shelter/2026/04/202605161605745.jpg
447521202600239,기타,흰색&황갈색,"애교많음,완전귀여음,사람완전좋아함",F,성주로 3566 ,경상북도 성주군,보호중,http://openapi.animal.go.kr/openapi/service/rest/fileDownloadSrvc/files/shelter/2026/04/202605161305682.jpg
447521202600238,말티즈,흰색,"작함,사람좋아함",M,대가면 지체장애인 집,경상북도 성주군,보호중,http://openapi.animal.go.kr/openapi/service/rest/fileDownloadSrvc/files/shelter/2026/04/202605161305944.png
447521202600237,말티즈,흰색,"애교많음,완전귀여음",M,대가면 지체장애인 집,경상북도 성주군,보호중,http://openapi.animal.go.kr/openapi/service/rest/fileDownloadSrvc/files/shelter/2026/04/202605161305772.png
447521202600236,말티즈,흰색,"사람엄청좋아함,애교만점",M,대가면 지체장애인 집,경상북도 성주군,보호중,http://openapi.animal.go.kr/openapi/service/rest/fileDownloadSrvc/files/shelter/2026/04/202605161305939.png
447512202600468,믹스견,검정색,푸른목줄 착용되어있으며  순함,M,가은119안전센터,경상북도 문경시,보호중,http://openapi.animal.go.kr/openapi/service/rest/fileDownloadSrvc/files/shelter/2026/05/202605161205721.jpg
447512202600467,믹스견,검정색,순하고 활발하나 왼쪽다리 골절,F,영신숲 ,경상북도 문경시,보호중,http://openapi.animal.go.kr/openapi/service/rest/fileDownloadSrvc/files/shelter/2026/05/202605161205759.jpg
447508202600951,브리타니 스파니엘,주황&흰색,사람을좋아함 / 앞다리 골절（오른쪽）,M,해평119안전센터 (도개면 신림리554 부근),경상북도 구미시,보호중,http://openapi.animal.go.kr/openapi/service/rest/fileDownloadSrvc/files/shelter/2026/04/202605161505953.jpg
447505202600452,믹스견,금색&흰색,주인반환예정,M,금성로 인근,경상북도 경주시,종료(반환),http://openapi.animal.go.kr/openapi/service/rest/fileDownloadSrvc/files/shelter/2026/05/202605161105817.jpg
447502202600281,믹스견,갈색,"온순하지만 겁이 많아서 동공지진 오는 중, 만지면 진동모드로 변신함",F,경상북도 포항시 남구 해도동 하루모텔 인근,경상북도 포항시,종료(반환),http://openapi.animal.go.kr/openapi/service/rest/fileDownloadSrvc/files/shelter/2026/05/202605161205331.jpg
447502202600280,진도견,흰색,"5~6개월추정, 줄 끊고 가출한듯, 약간 소심해서 천천히 다가가면 인사 잘 받아줌",F,경상북도 포항시 북구 청하면 청하로 151번길 26,경상북도 포항시,보호중,http://openapi.animal.go.kr/openapi/service/rest/fileDownloadSrvc/files/shelter/2026/05/202605161205886.jpg
446496202600179,믹스견,갈색&흰색,순함,M,손불면119센터,전라남도 함평군,보호중,http://openapi.animal.go.kr/openapi/service/rest/fileDownloadSrvc/files/shelter/2026/05/202605160705894.jpg
446483202600693,믹스견,흰색,마을창고에서포획구조 온순함,M,나주시남평읍오계반계길26-12창고,전라남도 나주시,보호중,http://openapi.animal.go.kr/openapi/service/rest/fileDownloadSrvc/files/shelter/2026/04/202605161605139.jpg
446483202600692,믹스견,흰색,과수원에4마리무리지어다님 포획틀에구조,M,나주시봉황면송현원봉길44-9배과수원,전라남도 나주시,보호중,http://openapi.animal.go.kr/openapi/service/rest/fileDownloadSrvc/files/shelter/2026/04/202605161605104.jpg
446483202600691,믹스견,갈색&흰색,주변에3마리매일출몰 포획구조,M,나주시삼영1길57,전라남도 나주시,보호중,http://openapi.animal.go.kr/openapi/service/rest/fileDownloadSrvc/files/shelter/2026/04/202605161605859.jpg
445472202600328,포메라니안,갈색,순함,F,삼례읍 완주소방서앞,전북특별자치도 완주군,종료(반환),http://openapi.animal.go.kr/openapi/service/rest/fileDownloadSrvc/files/shelter/2026/04/202605161205932.jpg
443571202601149,푸들,갈색,"칩 있으나 연락되지않음, 순한성격",M,상당구 대성로 60번길 부근,충청북도 청주시,보호중,http://openapi.animal.go.kr/openapi/service/rest/fileDownloadSrvc/files/shelter/2026/04/202605161605817.jpeg
443571202601148,푸들,갈색,"칩 있으나 연락되지 않음, 순함, 피부병 조금 있어 치료예정",F,상당구 대성로 60번길 부근,충청북도 청주시,보호중,http://openapi.animal.go.kr/openapi/service/rest/fileDownloadSrvc/files/shelter/2026/04/20260516160520.jpeg
441399202600832,믹스견,갈색,착하고 사람 손길을 잘 따름 인식칩 있음,M,수동면 sk태양주유소,경기도 남양주시,종료(반환),http://openapi.animal.go.kr/openapi/service/rest/fileDownloadSrvc/files/shelter/2026/04/202605161705932.png
441394202600993,믹스견,흰색&황갈색,쵸크체인착용,F,고양동1033부근,경기도 고양시,종료(반환),http://openapi.animal.go.kr/openapi/service/rest/fileDownloadSrvc/files/shelter/2026/05/202605161405255.jpg
441394202600987,기타,갈색&검정&흰색,빛바랜붉은색목줄착용,M,원당동596-4,경기도 고양시,보호중,http://openapi.animal.go.kr/openapi/service/rest/fileDownloadSrvc/files/shelter/2026/05/202605161305578.jpg
441393202600587,믹스견,기타(갈),"땡땡이레이스 하네스,순함",M,와동682-11 부근,경기도 안산시,보호중,http://openapi.animal.go.kr/openapi/service/rest/fileDownloadSrvc/files/shelter/2026/05/202605161605100.jpg
429361202600156,믹스견,갈색,26-0278 낑깡,F,남구 천변좌로,광주광역시 남구,보호중,http://openapi.animal.go.kr/openapi/service/rest/fileDownloadSrvc/files/shelter/2026/04/20260516160563.jpg
427346202600509,믹스견,크림색,애기라 너무 얌전하고 사료 적응 잘 하고 있어요.,M,동대구로12길,대구광역시 수성구,보호중,http://openapi.animal.go.kr/openapi/service/rest/fileDownloadSrvc/files/shelter/2026/04/202605161505527.jpg
427342202600287,보더 콜리,기타(흰/검회색),등록견,M,안심 119,대구광역시 동구,종료(반환),http://openapi.animal.go.kr/openapi/service/rest/fileDownloadSrvc/files/shelter/2026/05/202605161705799.jpg
427342202600285,믹스견,갈색,"야생견,진드기 감염, 경계함",F, 혁신대로 409,대구광역시 동구,보호중,http://openapi.animal.go.kr/openapi/service/rest/fileDownloadSrvc/files/shelter/2026/05/20260516130570.jpg
427342202600284,믹스견,갈색&검정,"야생견, 진드기 감염,경계함",F,율암동 394-7,대구광역시 동구,보호중,http://openapi.animal.go.kr/openapi/service/rest/fileDownloadSrvc/files/shelter/2026/05/202605161005104.jpg
411319202600225,포메라니안,갈색,온순 치석약간,F,노량진로6길 현대슈퍼 앞,서울특별시 동작구,종료(반환),http://openapi.animal.go.kr/openapi/service/rest/fileDownloadSrvc/files/shelter/2026/05/202605161905664.jpg
447507202600097,믹스견,검정&흰색,생후3개월강아지 순하고 영리함,M,서후면 저전리 딸기밭,경상북도 안동시,보호중,http://openapi.animal.go.kr/openapi/service/rest/fileDownloadSrvc/files/shelter/2026/04/202605202005123.jpg
442424202600271,믹스견,갈색,온순함,M,원덕읍 신남길 76-30,강원특별자치도 삼척시,보호중,http://openapi.animal.go.kr/openapi/service/rest/fileDownloadSrvc/files/shelter/2026/05/202605151005464.jpg
430365202600163,말티즈,흰색,특이사항 없음,M,목동 금호한사랑 @ 주변,대전광역시 중구,종료(반환),http://openapi.animal.go.kr/openapi/service/rest/fileDownloadSrvc/files/shelter/2026/04/202605191005461.png
428355202600211,믹스견,밤색,포획트랩으로 포획.사람을 경계함,M,갈현동 16-3(계양구청),인천광역시 계양구,보호중,http://openapi.animal.go.kr/openapi/service/rest/fileDownloadSrvc/files/shelter/2026/05/202605182305423.jpg
448538202600397,믹스견,흰색,"흰색,순함,생후10일새끼12마리",F,원동면늘밭로520,경상남도 양산시,보호중,http://openapi.animal.go.kr/openapi/service/rest/fileDownloadSrvc/files/shelter/2026/05/202605180805325.jpg
447525202600171,믹스견,흰색,친근하고 온순함,M,북면,경상북도 울진군,보호중,http://openapi.animal.go.kr/openapi/service/rest/fileDownloadSrvc/files/shelter/2026/04/202605181405974.jpg
447525202600170,믹스견,흰색,친근하고 온순함,F,북면,경상북도 울진군,보호중,http://openapi.animal.go.kr/openapi/service/rest/fileDownloadSrvc/files/shelter/2026/04/202605181405750.jpg
447516202600063,믹스견,흰색&황갈색,활발하며 잘따름,F,경북 청송군 진보면 경동로 4816-97,경상북도 청송군,종료(반환),http://openapi.animal.go.kr/openapi/service/rest/fileDownloadSrvc/files/shelter/2026/05/202605181605954.jpg
446489202600057,믹스견,흰색,공격성 있음,M,보성읍 동암1길 63-38,전라남도 보성군,보호중,http://openapi.animal.go.kr/openapi/service/rest/fileDownloadSrvc/files/shelter/2026/04/202605181005678.jpg
446489202600056,믹스견,흰색,공격성 있음,M,보성읍 대야리 산 43-1,전라남도 보성군,보호중,http://openapi.animal.go.kr/openapi/service/rest/fileDownloadSrvc/files/shelter/2026/04/202605181005519.jpg
446489202600055,믹스견,검정색,온순함,F,회천면 시장길 33,전라남도 보성군,보호중,http://openapi.animal.go.kr/openapi/service/rest/fileDownloadSrvc/files/shelter/2026/04/202605181005103.jpg
444455202600345,믹스견,호반색(호랑이무늬),양쪽귀가 처져있음,F,금성면 상가리,충청남도 금산군,보호중,http://openapi.animal.go.kr/openapi/service/rest/fileDownloadSrvc/files/shelter/2026/05/202605161505118.png
444454202600751,믹스견,흰색,"소방서구조,지알디아,심장사상충양성",F,은진면 ,충청남도 논산시,보호중,http://openapi.animal.go.kr/openapi/service/rest/fileDownloadSrvc/files/shelter/2026/05/202605181505616[1].jpg
443444202600157,믹스견,흰색&검은반점,"미등록, 치석 치주염 매우 심함, 눈질환 있음",F,양강면사무소,충청북도 영동군,보호중,http://openapi.animal.go.kr/openapi/service/rest/fileDownloadSrvc/files/shelter/2026/05/202605180905854.jpg
443444202600156,믹스견,흰색&황갈색,"미등록, 교통사고로 인한 안면 함몰상태 불량함",M,추풍령면 학동,충청북도 영동군,종료(자연사),http://openapi.animal.go.kr/openapi/service/rest/fileDownloadSrvc/files/shelter/2026/05/202605180905307.jpg
441374202600585,말티즈,흰색,4개월추정,F,팔달구 중부대로 215(우만동),경기도 수원시,보호중,http://openapi.animal.go.kr/openapi/service/rest/fileDownloadSrvc/files/shelter/2026/04/202605181005273[1].jpg
441374202600584,말티즈,흰색,4개월추정,M,팔달구 중부대로 215(우만동),경기도 수원시,보호중,http://openapi.animal.go.kr/openapi/service/rest/fileDownloadSrvc/files/shelter/2026/04/202605181005147.jpg
441374202600583,말티즈,흰색,4개월추정,F,팔달구 중부대로 215(우만동),경기도 수원시,보호중,http://openapi.animal.go.kr/openapi/service/rest/fileDownloadSrvc/files/shelter/2026/04/202605181005658.jpg
441374202600582,말티즈,흰색,4개월추정,F,팔달구 중부대로 215(우만동),경기도 수원시,보호중,http://openapi.animal.go.kr/openapi/service/rest/fileDownloadSrvc/files/shelter/2026/04/202605181005388.jpg
431369202600272,말티즈,흰색,칩없음,M,현대골든타워아파트 상가 일대,울산광역시 중구,보호중,http://openapi.animal.go.kr/openapi/service/rest/fileDownloadSrvc/files/shelter/2026/04/202605181205932.jpg
431369202600271,푸들,"기타(갈색,검정)","내장칩있는데 주인다르다고함, 치아 더러움,온순함",M,중구 서동 일대,울산광역시 중구,보호중,http://openapi.animal.go.kr/openapi/service/rest/fileDownloadSrvc/files/shelter/2026/04/202605181205750.jpg
428356202600603,믹스견,갈색&흰색, 5두 함께 2주령된어린강아지,F,경중로 11번안길3,인천광역시 서구,보호중,http://openapi.animal.go.kr/openapi/service/rest/fileDownloadSrvc/files/shelter/2026/04/202605160405789.jpg
428356202600602,믹스견,갈색&흰색, 5두 함께 2주령된어린강아지,M,경중로 11번안길3,인천광역시 서구,보호중,http://openapi.animal.go.kr/openapi/service/rest/fileDownloadSrvc/files/shelter/2026/04/202605160405485.jpg
428356202600601,믹스견,갈색&흰색, 5두 함께 2주령된어린강아지,F,경중로 11번안길3,인천광역시 서구,보호중,http://openapi.animal.go.kr/openapi/service/rest/fileDownloadSrvc/files/shelter/2026/04/20260516040568.jpg
428356202600600,믹스견,갈색&흰색, 5두 함께 2주령된어린강아지,M,경중로 11번안길3,인천광역시 서구,보호중,http://openapi.animal.go.kr/openapi/service/rest/fileDownloadSrvc/files/shelter/2026/04/202605160405996.jpg
428356202600599,믹스견,붉고 엷은 황갈색, 5두 함께 2주령된어린강아지,M,경중로 11번안길3,인천광역시 서구,보호중,http://openapi.animal.go.kr/openapi/service/rest/fileDownloadSrvc/files/shelter/2026/04/202605160405120.jpg
428352202600321,푸들,갈색,"피부가 안좋은 편으로 털빠짐이 약간 있으며 콧물,재채기",M,연수구 독배로58 옥련동 현대2차 아파트 근처,인천광역시 연수구,보호중,http://openapi.animal.go.kr/openapi/service/rest/fileDownloadSrvc/files/shelter/2026/04/20260516150592.jpg
428351202600295,말티즈,흰색,"눈물염색증,눈꼽,콧물,잘 먹지 않음 ",F,승학길19 현대맨션2차 근처,인천광역시 미추홀구,보호중,http://openapi.animal.go.kr/openapi/service/rest/fileDownloadSrvc/files/shelter/2026/04/20260516150525.jpg
427348202600510,시츄,갈색&흰색,순하고 15살 추정 ,F,논공읍 노이1길 ,대구광역시 달성군,종료(반환),http://openapi.animal.go.kr/openapi/service/rest/fileDownloadSrvc/files/shelter/2026/04/202605151805804.jpg
426340202600227,믹스견,갈색&검정&흰색,"경계 심함, 검+갈+흰",F,철마삼동로 108-15,부산광역시 기장군,보호중,http://openapi.animal.go.kr/openapi/service/rest/fileDownloadSrvc/files/shelter/2026/05/202605181305969.jpg
426334202600353,비숑 프리제,흰색,"4~5살이며, 미용되어있으나털에때가많이탐,온순함,겁이많음",M,감천2동 삼거리,부산광역시 사하구,보호중,http://openapi.animal.go.kr/openapi/service/rest/fileDownloadSrvc/files/shelter/2026/04/202605181505374.jpg
426333202600424,스피츠,흰색,"소유권 포기, 겁 많음, 흰색",F,좌동 벽산2차아파트,부산광역시 해운대구,보호중,http://openapi.animal.go.kr/openapi/service/rest/fileDownloadSrvc/files/shelter/2026/05/202605181005581.jpg
426333202600423,포메라니안,기타(연갈색),"소유권 포기, 겁 많음, 연갈색",M,좌동 벽산2차아파트,부산광역시 해운대구,보호중,http://openapi.animal.go.kr/openapi/service/rest/fileDownloadSrvc/files/shelter/2026/05/202605181005168.jpg
426332202600235,웰시 코기 펨브로크,기타(흰색황토색),"검정색입마개착용,미용상태양호,덩치가큼,북구1-38",M,만덕 상리로 47 이랑도자기공방 안,부산광역시 북구,보호중,http://openapi.animal.go.kr/openapi/service/rest/fileDownloadSrvc/files/shelter/2026/04/202605181605921.jpg
411314202600157,기타,갈색&흰색,칩있음. 손잡이 있는 리드줄. 남색 목걸이 착용. 유선발달. 우측 윗 송곳니 약간 깨짐. 겁있음. 눈곱.,F,서울 양천구 신월동 426-3 인근,서울특별시 양천구,보호중,http://openapi.animal.go.kr/openapi/service/rest/fileDownloadSrvc/files/shelter/2026/04/202605161705489.jpg
469569202600459,믹스견,갈색,10개월추정,F,세종시 연기면 공단로 6,세종특별자치시,보호중,http://openapi.animal.go.kr/openapi/service/rest/fileDownloadSrvc/files/shelter/2026/04/202605160005356.jpeg
450650202601177,믹스견,흰색,개체관리번호 1013 - 3개월,F,서귀포시 남원읍 위미리 2288,제주특별자치도,보호중,http://openapi.animal.go.kr/openapi/service/rest/fileDownloadSrvc/files/shelter/2026/04/20260516090583.jpg
450650202601176,믹스견,흰색,개체관리번호 1012 - 3개월,M,서귀포시 대정읍 동일리 2585,제주특별자치도,보호중,http://openapi.animal.go.kr/openapi/service/rest/fileDownloadSrvc/files/shelter/2026/04/202605160905929.jpg
450650202601175,믹스견,갈색,개체관리번호 1011 - 4개월/카키형광목줄,M,서귀포시 성산읍 삼달신풍로 132,제주특별자치도,종료(안락사),http://openapi.animal.go.kr/openapi/service/rest/fileDownloadSrvc/files/shelter/2026/04/20260516090555.jpg
450650202601174,믹스견,갈색,개체관리번호 1010 - 3개월,M,제주시 애월읍 하귀로 19길 41 하귀교회 인근,제주특별자치도,보호중,http://openapi.animal.go.kr/openapi/service/rest/fileDownloadSrvc/files/shelter/2026/04/202605160905595.jpg
450650202601173,믹스견,갈색,개체관리번호 1009 - 3개월,M,제주시 애월읍 하귀로 19길 41 하귀교회 인근,제주특별자치도,보호중,http://openapi.animal.go.kr/openapi/service/rest/fileDownloadSrvc/files/shelter/2026/04/202605160905671.jpg
450650202601172,믹스견,갈색,개체관리번호 1008 - 3개월,M,제주시 애월읍 하귀로 19길 41 하귀교회 인근,제주특별자치도,보호중,http://openapi.animal.go.kr/openapi/service/rest/fileDownloadSrvc/files/shelter/2026/04/20260516090553.jpg
450650202601171,믹스견,갈색,개체관리번호 1007 - 3개월,M,제주시 애월읍 하귀로 19길 41 하귀교회 인근,제주특별자치도,보호중,http://openapi.animal.go.kr/openapi/service/rest/fileDownloadSrvc/files/shelter/2026/04/202605160905661.jpg
447522202600255,푸들,흰색,보호자건강이상으로 보호소온아이 중성화 미용완료 입양부탁드립니다,M,지천면 달서리,경상북도 칠곡군,보호중,http://openapi.animal.go.kr/openapi/service/rest/fileDownloadSrvc/files/shelter/2026/04/202605161205450.jpg
447519202600204,믹스견,갈색,귀여움,M,풍각면 풍각중학교,경상북도 청도군,보호중,http://openapi.animal.go.kr/openapi/service/rest/fileDownloadSrvc/files/shelter/2026/04/202605151105339.jpg
446501202600121,믹스견,갈색&검정,"검정색 쫑긋한 귀, 검정색 입",M,장산면,전라남도 신안군,보호중,http://openapi.animal.go.kr/openapi/service/rest/fileDownloadSrvc/files/shelter/2026/05/202605162105837.jpg
446501202600120,믹스견,갈색&검정,"쫑긋한 귀, 들개와 무리지어 배회하는 자견",F,장산면,전라남도 신안군,보호중,http://openapi.animal.go.kr/openapi/service/rest/fileDownloadSrvc/files/shelter/2026/05/202605162105640.jpg
446501202600119,믹스견,갈색&검정,"누운 귀, 검은색 입, 마을을 배회하는 유기자견",F,장산면,전라남도 신안군,보호중,http://openapi.animal.go.kr/openapi/service/rest/fileDownloadSrvc/files/shelter/2026/05/202605162105609.jpg
443445202600306,믹스견,흰색,온순하고 피모상태 양호/마이크로칩 없음/오른쪽 앞다리 염좌로 보이나 증상은 심하지 않음/건강상태 양호,F,"이월면 성중로 279, 에스티엠대광",충청북도 진천군,보호중,http://openapi.animal.go.kr/openapi/service/rest/fileDownloadSrvc/files/shelter/2026/05/20260516100550.jpeg
441560202600462,믹스견,갈색&흰색,코팥죽색. 눈곱. 부정교합. 꼬리말림. 겁있음. 온순. 꼬리단미안됨. 털 상태 양호. ,M,경기 포천시 신북면 덕둔리 302 인근,경기도 포천시,보호중,http://openapi.animal.go.kr/openapi/service/rest/fileDownloadSrvc/files/shelter/2026/04/202605161705189.jpg
441553202601698,믹스견,흰색,사림의 손길이 아직 낯선 친구들/뽀송뽀송 토실토실 귀여운 아기 강아지,F,향남읍 발안로 인근,경기도 화성시,보호중,http://openapi.animal.go.kr/openapi/service/rest/fileDownloadSrvc/files/shelter/2026/05/202605161105486.jpg
441553202601697,믹스견,흰색,사람의 손길이 아직 낯선 친구들/도비 귀/올라간 눈매가 귀여운 아이,M,향남읍 발안로 인근,경기도 화성시,종료(자연사),http://openapi.animal.go.kr/openapi/service/rest/fileDownloadSrvc/files/shelter/2026/05/202605161005281.jpg
441553202601696,믹스견,검정 황갈색&흰색,사람의 손길이 낯선 친구들/순함/형제들중에 제일 겁쟁이/하트하트한 무늬가 이쁨,M,향남읍 발안로 인근,경기도 화성시,보호중,http://openapi.animal.go.kr/openapi/service/rest/fileDownloadSrvc/files/shelter/2026/05/202605161005797.jpg
441553202601695,믹스견,갈색,순한성격의 5개월령 추정 어린이견/겁이많고 낯가림,M,마도면 쌍송리 인근,경기도 화성시,보호중,http://openapi.animal.go.kr/openapi/service/rest/fileDownloadSrvc/files/shelter/2026/05/202605161005351.jpg
441406202600519,믹스견,흰색,코 검정. 눈곱. 방어적 입질. 꼬리단미 안됨. 털 때탐. ,F,경기 파주시 탄현면 축현산단로 21-27 인근,경기도 파주시,보호중,http://openapi.animal.go.kr/openapi/service/rest/fileDownloadSrvc/files/shelter/2026/04/202605161705139.jpg
441394202600985,믹스견,기타(갈색.흰색),없음,M,덕이동1529 부근,경기도 고양시,보호중,http://openapi.animal.go.kr/openapi/service/rest/fileDownloadSrvc/files/shelter/2026/05/202605152205884.jpg
441382202600405,믹스견,갈색&흰색,코 팥죽색. 친화적. 활발. 꼬리단미안됨. 털 상태 양호.,M,경기 의정부시 의정부동 586-9 인근,경기도 의정부시,보호중,http://openapi.animal.go.kr/openapi/service/rest/fileDownloadSrvc/files/shelter/2026/04/202605161705361.jpg
411316202600392,믹스견,갈색&흰색,노란하네스 착용. 코 팥죽색. 눈곱. 치석. 양 눈 백내장. 친화적. 얌전. 꼬리 단미 안됨. 털 상태 양호.,M,서울 구로구 중앙로5길 59 인근,서울특별시 구로구,보호중,http://openapi.animal.go.kr/openapi/service/rest/fileDownloadSrvc/files/shelter/2026/04/202605161705100.jpg
411301202600216,요크셔 테리어,갈색&검정,코 검정. 눈곱. 온순. 비틀거림. 치석. 친화적. 얌전. 꼬리 단미. 털 상태 양호. 칩 있음. ,M,서울 중구 퇴계로 178 (필동1가) 일대,서울특별시 중구,보호중,http://openapi.animal.go.kr/openapi/service/rest/fileDownloadSrvc/files/shelter/2026/05/202605161705305.jpg
450650202601170,믹스견,갈색,개체관리번호 1006 - 2개월,M,제주시 용강동 1065,제주특별자치도,보호중,http://openapi.animal.go.kr/openapi/service/rest/fileDownloadSrvc/files/shelter/2026/04/202605160905666.jpg
450650202601169,믹스견,갈색,개체관리번호 1005 - 2개월,M,제주시 용강동 1065,제주특별자치도,보호중,http://openapi.animal.go.kr/openapi/service/rest/fileDownloadSrvc/files/shelter/2026/04/202605160905754.jpg
450650202601168,믹스견,갈색,개체관리번호 1004 - 2개월,F,제주시 용강동 1065,제주특별자치도,보호중,http://openapi.animal.go.kr/openapi/service/rest/fileDownloadSrvc/files/shelter/2026/04/202605160905410.jpg
448567202600664,포메라니안,흰색,"교통사고, 현장에서 반환",M,진해구 석동 푸르지요아파트 정문,경상남도 창원시 의창성산구,종료(반환),http://openapi.animal.go.kr/openapi/service/rest/fileDownloadSrvc/files/shelter/2026/04/202605151305750.jpg
448543202600093,믹스견,흰색&황갈색,심장사상충 양성,M,남해군 삼동면 독일마을 주변,경상남도 남해군,보호중,http://openapi.animal.go.kr/openapi/service/rest/fileDownloadSrvc/files/shelter/2026/05/20260515130541.jpg
448531202600879,믹스견,흰색,순하고 착함,F,진주시 수곡면 창촌리 95-2번지,경상남도 진주시,보호중,http://openapi.animal.go.kr/openapi/service/rest/fileDownloadSrvc/files/shelter/2026/04/20260515150564.jpg
448531202600878,믹스견,흰색,순하고 착함,M,진주시 수곡면 창촌리 95-2번지,경상남도 진주시,보호중,http://openapi.animal.go.kr/openapi/service/rest/fileDownloadSrvc/files/shelter/2026/04/202605151505653.jpg
448531202600877,믹스견,흰색,순하고 착함,M,진주시 수곡면 창촌리 95-2번지,경상남도 진주시,보호중,http://openapi.animal.go.kr/openapi/service/rest/fileDownloadSrvc/files/shelter/2026/04/202605151505237.jpg
448531202600876,믹스견,흰색,순하고 착함,M,진주시 수곡면 창촌리 95-2번지,경상남도 진주시,보호중,http://openapi.animal.go.kr/openapi/service/rest/fileDownloadSrvc/files/shelter/2026/04/202605151505758.jpg
447513202600534,믹스견,갈색&흰색,인근 동네에서 발견하여 구조,M,옥곡동,경상북도 경산시,보호중,http://openapi.animal.go.kr/openapi/service/rest/fileDownloadSrvc/files/shelter/2026/05/202605151405877.jpg
447513202600532,믹스견,크림색,인근 동네에서 발견하여 구조,F,자인 교촌리,경상북도 경산시,보호중,http://openapi.animal.go.kr/openapi/service/rest/fileDownloadSrvc/files/shelter/2026/05/20260515140562.jpg
447513202600531,믹스견,크림색,인근 동네에서 발견하여 구조,F,자인 교촌리,경상북도 경산시,보호중,http://openapi.animal.go.kr/openapi/service/rest/fileDownloadSrvc/files/shelter/2026/05/202605151405170.jpg
447513202600530,믹스견,크림색,인근 동네에서 발견하여 구조,M,자인 교촌리,경상북도 경산시,보호중,http://openapi.animal.go.kr/openapi/service/rest/fileDownloadSrvc/files/shelter/2026/05/202605151405963.jpg
447513202600529,푸들,검정색,인근 동네에서 발견하여 구조,M,용성 외촌리,경상북도 경산시,보호중,http://openapi.animal.go.kr/openapi/service/rest/fileDownloadSrvc/files/shelter/2026/05/202605151405437.jpg
447510202600303,믹스견,검정&흰색,순한편,F,선들길 30-4,경상북도 영천시,보호중,http://openapi.animal.go.kr/openapi/service/rest/fileDownloadSrvc/files/shelter/2026/05/202605151605863.jpg
447510202600302,믹스견,청회색&흰색,순한편,F,선들길 30-4,경상북도 영천시,보호중,http://openapi.animal.go.kr/openapi/service/rest/fileDownloadSrvc/files/shelter/2026/05/202605151605411.jpg
447510202600301,믹스견,흰색&황갈색,순한편,F,선들길 30-4,경상북도 영천시,보호중,http://openapi.animal.go.kr/openapi/service/rest/fileDownloadSrvc/files/shelter/2026/05/202605151605219.jpg
447510202600300,믹스견,검정색,순한편,F,선들길 30-4,경상북도 영천시,보호중,http://openapi.animal.go.kr/openapi/service/rest/fileDownloadSrvc/files/shelter/2026/05/202605151605945.jpg
447510202600299,믹스견,검정색,순한편,F,선들길 30-4,경상북도 영천시,보호중,http://openapi.animal.go.kr/openapi/service/rest/fileDownloadSrvc/files/shelter/2026/05/202605151605638.jpg
447510202600298,믹스견,검정 황갈색&흰색,순한편,F,선들길 30-4,경상북도 영천시,보호중,http://openapi.animal.go.kr/openapi/service/rest/fileDownloadSrvc/files/shelter/2026/05/202605151605545.jpg
447510202600297,믹스견,검정&황갈색,"어린개체, 순한편",F,금호 호남리,경상북도 영천시,보호중,http://openapi.animal.go.kr/openapi/service/rest/fileDownloadSrvc/files/shelter/2026/05/202605151505815[2].jpg
447510202600296,믹스견,검정&황갈색,어린개체 순한편,F,금호 호남리,경상북도 영천시,보호중,http://openapi.animal.go.kr/openapi/service/rest/fileDownloadSrvc/files/shelter/2026/05/202605151505788.jpg
447510202600295,믹스견,검정&황갈색,어린개체 순한편,F,금호 호남리,경상북도 영천시,보호중,http://openapi.animal.go.kr/openapi/service/rest/fileDownloadSrvc/files/shelter/2026/05/20260515150548[1].jpg
447510202600294,믹스견,검정&황갈색,"어린개체, 순한편",F,금호 호남리,경상북도 영천시,보호중,http://openapi.animal.go.kr/openapi/service/rest/fileDownloadSrvc/files/shelter/2026/05/202605151505203.jpg
447510202600293,믹스견,황갈색,경계심이 있음. 보행이 불편함,M,청통면 청통로 280,경상북도 영천시,보호중,http://openapi.animal.go.kr/openapi/service/rest/fileDownloadSrvc/files/shelter/2026/05/202605151505330.jpg
447510202600292,믹스견,흰색,"순한편, 빨간 하네스가 채워져있음",F,망정주공 ATM,경상북도 영천시,종료(반환),http://openapi.animal.go.kr/openapi/service/rest/fileDownloadSrvc/files/shelter/2026/05/202605151505180[1].jpg
447510202600291,믹스견,황갈색,순한편,F,고경면 거곡로 163,경상북도 영천시,보호중,http://openapi.animal.go.kr/openapi/service/rest/fileDownloadSrvc/files/shelter/2026/05/202605151505621.jpg
447510202600290,믹스견,흰색,순한편,F,북안면 운북로 1641-9,경상북도 영천시,보호중,http://openapi.animal.go.kr/openapi/service/rest/fileDownloadSrvc/files/shelter/2026/05/202605151505548[1].jpg
447510202600289,믹스견,검정색,경계심이 심함,M,대창면 한들길 54-59,경상북도 영천시,보호중,http://openapi.animal.go.kr/openapi/service/rest/fileDownloadSrvc/files/shelter/2026/05/202605151505815[1].jpg
447510202600288,믹스견,흰색,경계심이 심함,M,은해사로 207,경상북도 영천시,보호중,http://openapi.animal.go.kr/openapi/service/rest/fileDownloadSrvc/files/shelter/2026/05/202605151505596.jpg
447509202600130,믹스견,검정&흰색,온순하고 사람 잘 따름,F,영주교 옆,경상북도 영주시,종료(반환),http://openapi.animal.go.kr/openapi/service/rest/fileDownloadSrvc/files/shelter/2026/05/202605150905504.jpg
447509202600129,믹스견,갈색&검정,순하고 사람 잘 따름,M,풍기행정복지센터,경상북도 영주시,종료(반환),http://openapi.animal.go.kr/openapi/service/rest/fileDownloadSrvc/files/shelter/2026/05/202605150905414.jpg
447508202600942,푸들,살구색,온순함/논에 빠져있는 개체였음/왼쪽 앞다리 절음/털 뭉쳐있음,M,선산 119 안전센터(선산읍 봉곡리 124-3),경상북도 구미시,보호중,http://openapi.animal.go.kr/openapi/service/rest/fileDownloadSrvc/files/shelter/2026/05/202605151405748.jpg
447505202600450,믹스견,흰색&황갈색,경계심 있어서 천천히 친해져야함. 입질함.,F,서면 갠버불길 부근,경상북도 경주시,보호중,http://openapi.animal.go.kr/openapi/service/rest/fileDownloadSrvc/files/shelter/2026/05/202605151705201.jpg
447505202600449,믹스견,크림색,"통통한 눈매, 통통한 입술...모든게 통통!! 나는야 통통 튀는 매력의 소유자 통통걸",F,강동면 다산리 부근,경상북도 경주시,보호중,http://openapi.animal.go.kr/openapi/service/rest/fileDownloadSrvc/files/shelter/2026/04/202605151505498.jpg
447505202600448,믹스견,크림색,"곧 흘러내릴 것 같은 입술, 멍한 눈빛, 다소곳한 포즈 삼박자가 어울린다...",F,강동면 다산리 부근,경상북도 경주시,보호중,http://openapi.animal.go.kr/openapi/service/rest/fileDownloadSrvc/files/shelter/2026/04/202605151505468.jpg
447505202600447,믹스견,크림색,펄럭펄럭 움직일 때마다 날리는 콩가루 인절미!! 배도 잘까요~,F,강동면 다산리 부근,경상북도 경주시,보호중,http://openapi.animal.go.kr/openapi/service/rest/fileDownloadSrvc/files/shelter/2026/04/20260515150562.jpg
446500202600152,믹스견,흰색,"목줄있음(핑크바탕에노랑색), 애교가많음",F,군내면 뒷나루길 42,전라남도 진도군,보호중,http://openapi.animal.go.kr/openapi/service/rest/fileDownloadSrvc/files/shelter/2026/05/20260515150550.png
446500202600151,믹스견,흰색&황갈색,"목줄있음(핑크바탕에노랑색), 애교가많음",M,진도읍 공설운동장길 27-10,전라남도 진도군,보호중,http://openapi.animal.go.kr/openapi/service/rest/fileDownloadSrvc/files/shelter/2026/05/202605151505613.png
446498202600125,믹스견,크림색,"어미견과 함께구조, 사람손길을 무서워하지않고 순한편",M,삼계면 신기리산25번지 농장 부근,전라남도 장성군,보호중,http://openapi.animal.go.kr/openapi/service/rest/fileDownloadSrvc/files/shelter/2026/04/202605151605831.jpg
446498202600124,믹스견,크림색,"어미견과 함께 구조, 순한성격",M,삼계면 신기리산25번지 농장 부근,전라남도 장성군,보호중,http://openapi.animal.go.kr/openapi/service/rest/fileDownloadSrvc/files/shelter/2026/04/202605151605173.jpg
446498202600123,믹스견,크림색,"어미견과 함께구조, 사람손길을 무서워하지않음",F,삼계면 신기리산25번지 농장 부근,전라남도 장성군,보호중,http://openapi.animal.go.kr/openapi/service/rest/fileDownloadSrvc/files/shelter/2026/04/202605151605722.jpg
446498202600122,믹스견,검정&흰색,"목덜미 피부발적,염증 및 탈모, 새끼3마리와 함께 구조",F,삼계면 신기리산25번지 농장 부근,전라남도 장성군,보호중,http://openapi.animal.go.kr/openapi/service/rest/fileDownloadSrvc/files/shelter/2026/04/202605151605276.jpg
446496202600178,믹스견,청회색&흰색,경계심,M,학교면 고막천로 419-22,전라남도 함평군,보호중,http://openapi.animal.go.kr/openapi/service/rest/fileDownloadSrvc/files/shelter/2026/05/20260515150513.jpg
446496202600177,믹스견,흰색,경계심,M,학교면 고막천로 419-22,전라남도 함평군,보호중,http://openapi.animal.go.kr/openapi/service/rest/fileDownloadSrvc/files/shelter/2026/05/202605151505230.jpg
446483202600689,믹스견,갈색&흰색,주변에3마리매일출몰 창고에서포획구조,F,나주시삼영1길57,전라남도 나주시,보호중,http://openapi.animal.go.kr/openapi/service/rest/fileDownloadSrvc/files/shelter/2026/04/202605151605135.jpg
446483202600688,믹스견,검정&흰색,축사에서구조 생후2개월정도로보임 온순함,F,나주시남평읍산남로466-8빈축사,전라남도 나주시,보호중,http://openapi.animal.go.kr/openapi/service/rest/fileDownloadSrvc/files/shelter/2026/04/202605151605904.jpg
446483202600687,믹스견,검정색,축사에서구조 생후2개월정도로보임 온순함,F,나주시남평읍산남로466-8빈축사,전라남도 나주시,보호중,http://openapi.animal.go.kr/openapi/service/rest/fileDownloadSrvc/files/shelter/2026/04/202605151605651.jpg
446483202600686,믹스견,흰색,과수원4마리무리지어다님 포획틀에구조,M,나주시봉황면송현원봉길44-9배과수원,전라남도 나주시,보호중,http://openapi.animal.go.kr/openapi/service/rest/fileDownloadSrvc/files/shelter/2026/04/202605151605682.jpg
446483202600685,믹스견,갈색&흰색,석관정입구구조 다리다침치료요함 생후3개월정도로보임,F,나주시다시면동당리석관정입구,전라남도 나주시,보호중,http://openapi.animal.go.kr/openapi/service/rest/fileDownloadSrvc/files/shelter/2026/04/202605151605132.jpg
446481202600429,진도견,흰색,온순한편이며 구조 당시 녹색목띠 착용상태,M,월내동 109-9 묘도 선착장 인근,전라남도 여수시,보호중,http://openapi.animal.go.kr/openapi/service/rest/fileDownloadSrvc/files/shelter/2026/05/202605151305661.jpeg
446480202600451,포메라니안,흰색,"미용이 되어있고 사회성 좋음,주택가를 배회",M,주영광교회부근,전라남도 목포시,종료(반환),http://openapi.animal.go.kr/openapi/service/rest/fileDownloadSrvc/files/shelter/2026/05/202605152105912.jpg
445473202600306,믹스견,검정&황갈색,"칩없음, 새끼3마리",F,섬바위캠핑장,전북특별자치도 진안군,보호중,http://openapi.animal.go.kr/openapi/service/rest/fileDownloadSrvc/files/shelter/2026/05/202605151705492[1].jpg
445473202600305,믹스견,검정&황갈색,칩없음,F,섬바위캠핑장,전북특별자치도 진안군,보호중,http://openapi.animal.go.kr/openapi/service/rest/fileDownloadSrvc/files/shelter/2026/05/202605151705712.jpg
445472202600327,진도견,흰색,목줄착용,F,고산면 명석길 69-28,전북특별자치도 완주군,보호중,http://openapi.animal.go.kr/openapi/service/rest/fileDownloadSrvc/files/shelter/2026/04/202605151605836.jpg
445471202600170,믹스견,흰색,줄무늬 옷을 입고 있음,M,김제시 백구면 학동로 161,전북특별자치도 김제시,보호중,http://openapi.animal.go.kr/openapi/service/rest/fileDownloadSrvc/files/shelter/2026/05/202605151705282.jpg
445470202600659,믹스견,흰색,느긋느긋하고 사람말을 잘 듣는 똑똑한 아이 입니다.,M,사매면,전북특별자치도 남원시,보호중,http://openapi.animal.go.kr/openapi/service/rest/fileDownloadSrvc/files/shelter/2026/05/202605151605848[1].jpg
445470202600658,믹스견,흰색,작고 소심한 사람을 잘따르는 아이 입니다.,F,대강면,전북특별자치도 남원시,보호중,http://openapi.animal.go.kr/openapi/service/rest/fileDownloadSrvc/files/shelter/2026/05/202605151605848.jpg
445468202601192,스탠다드 푸들,회색,"갈색 목테 착용, 내장칩이 없고 아주 순함",F,익산시 망성면 신작리 1135-9,전북특별자치도 익산시,보호중,http://openapi.animal.go.kr/openapi/service/rest/fileDownloadSrvc/files/shelter/2026/04/202605151605685.jpg
445468202601191,믹스견,흰색,목에 목테 자국이 있고 순하고 사람을 좋아함,F,익산시 삼기면 마동길 53-2,전북특별자치도 익산시,보호중,http://openapi.animal.go.kr/openapi/service/rest/fileDownloadSrvc/files/shelter/2026/04/202605151605353.jpg
445468202601190,믹스견,흰색,덩치가 크고 경계심이 있는 편임,M,익산시 삼기면 마동길 53-2,전북특별자치도 익산시,보호중,http://openapi.animal.go.kr/openapi/service/rest/fileDownloadSrvc/files/shelter/2026/04/202605151605467.jpg
445467202601003,믹스견,흰색,2살추정 경계심있음 목줄있음,F,회현119,전북특별자치도 군산시,보호중,http://openapi.animal.go.kr/openapi/service/rest/fileDownloadSrvc/files/shelter/2026/04/202605151505494.jpg
445464202601723,믹스견,갈색&흰색,"순하고 사람 좋아함, 누렁이와 함께 발견",F,건산로 243 ,전북특별자치도 전주시,보호중,http://openapi.animal.go.kr/openapi/service/rest/fileDownloadSrvc/files/shelter/2026/04/202605151405188.jpg
445464202601722,믹스견,갈색&흰색,"귀엽고 활발함, 흰둥이와 같이 발견",F,건산로 243 ,전북특별자치도 전주시,보호중,http://openapi.animal.go.kr/openapi/service/rest/fileDownloadSrvc/files/shelter/2026/04/20260515140567.jpg
444568202600243,믹스견,갈색&검정&흰색,"순함. 코로나, 종합 백신 1차 완료(05/15)",F,당진시 신평면 삽교천길 90-16 인근 풀숲,충청남도 당진시,보호중,http://openapi.animal.go.kr/openapi/service/rest/fileDownloadSrvc/files/shelter/2026/05/202605151005152[1].jpg
444568202600242,믹스견,갈색&검정&흰색,"겁먹음. 턱 상처. 광견병, 종합 백신 완료(05/15)",M,당진시 송악읍 월곡리 153-1,충청남도 당진시,보호중,http://openapi.animal.go.kr/openapi/service/rest/fileDownloadSrvc/files/shelter/2026/05/202605151005949.jpg
444568202600241,말티즈,흰색,"사람 좋아함. 백내장으로 인한 안구 시력저하. 남색 옷과 목줄 착용. 광견병, 종합백신 완료(05/15)",M,당진시 송악읍 중흥1길 51,충청남도 당진시,보호중,http://openapi.animal.go.kr/openapi/service/rest/fileDownloadSrvc/files/shelter/2026/05/202605151005681.jpg
444462202600414,믹스견,흰색,순하고 잘따름,M,안면읍 방포길 48,충청남도 태안군,보호중,http://openapi.animal.go.kr/openapi/service/rest/fileDownloadSrvc/files/shelter/2026/04/202605151805462.jpg
444462202600413,믹스견,흰색&황갈색,순하고 잘따름,F,안면읍 해안관광로 927-48,충청남도 태안군,보호중,http://openapi.animal.go.kr/openapi/service/rest/fileDownloadSrvc/files/shelter/2026/04/202605151805498.jpg
444462202600412,믹스견,검정&흰색,예민하고 경계심이 많음,M,환동로 9-13,충청남도 태안군,보호중,http://openapi.animal.go.kr/openapi/service/rest/fileDownloadSrvc/files/shelter/2026/04/202605151605243.jpg
444453202600681,믹스견,흰색,"순함, 약간 겁 많음, 입소 당시 3개월령 추정",F,문화로 103,충청남도 서산시,보호중,http://openapi.animal.go.kr/openapi/service/rest/fileDownloadSrvc/files/shelter/2026/04/202605151705398.jpg
444453202600680,포메라니안,흰색,순함,M,문화로 103,충청남도 서산시,보호중,http://openapi.animal.go.kr/openapi/service/rest/fileDownloadSrvc/files/shelter/2026/04/202605151605134[1].jpg
444451202600496,믹스견,털끝검정,.,M,오천면 김신길 45-13,충청남도 보령시,보호중,http://openapi.animal.go.kr/openapi/service/rest/fileDownloadSrvc/files/shelter/2026/04/20260515140541.jpg
444451202600495,믹스견,검정&흰색,.,F,오천면 김신길 45-13,충청남도 보령시,보호중,http://openapi.animal.go.kr/openapi/service/rest/fileDownloadSrvc/files/shelter/2026/04/202605151405914.jpg
444451202600494,믹스견,검정&흰색,.,F,오천면 김신길 45-13,충청남도 보령시,보호중,http://openapi.animal.go.kr/openapi/service/rest/fileDownloadSrvc/files/shelter/2026/04/202605151405126.jpg
444451202600493,믹스견,울프그레이,.,M,오천면 김신길 45-13,충청남도 보령시,보호중,http://openapi.animal.go.kr/openapi/service/rest/fileDownloadSrvc/files/shelter/2026/04/202605151405400.jpg
444451202600492,믹스견,겨자색,.,F,오천면 김신길 45-13,충청남도 보령시,보호중,http://openapi.animal.go.kr/openapi/service/rest/fileDownloadSrvc/files/shelter/2026/04/202605151405795.jpg
444451202600491,믹스견,갈색&검정&흰색,.,M,보령시 오천면 김신길 45-13,충청남도 보령시,보호중,http://openapi.animal.go.kr/openapi/service/rest/fileDownloadSrvc/files/shelter/2026/04/202605151405801.jpg
444451202600490,믹스견,금갈색,.,M,오천면 김신길 45-13,충청남도 보령시,보호중,http://openapi.animal.go.kr/openapi/service/rest/fileDownloadSrvc/files/shelter/2026/04/202605151405233.jpg
444451202600489,믹스견,흰색,.,F,보령시 오천면 도미항로 406,충청남도 보령시,보호중,http://openapi.animal.go.kr/openapi/service/rest/fileDownloadSrvc/files/shelter/2026/04/202605151305836.jpg
444451202600488,믹스견,흰색,.,F,보령시 오천면 도미항로 406,충청남도 보령시,보호중,http://openapi.animal.go.kr/openapi/service/rest/fileDownloadSrvc/files/shelter/2026/04/202605151305537.jpg
444449202601162,믹스견,갈색&검정,"목줄 착용, 우측 뒷다리 절음, 좌측 앞 다리/뒷 목 교상, X-ray상 이상 없음",M,동남구 병천면 탑원리45-5,충청남도 천안시,보호중,http://openapi.animal.go.kr/openapi/service/rest/fileDownloadSrvc/files/shelter/2026/05/202605151605297.jpg
444449202601161,믹스견,흰색,"매우 순함, 파란색 목줄 착용 ",M,동남구 성남면 용원1길 91,충청남도 천안시,보호중,http://openapi.animal.go.kr/openapi/service/rest/fileDownloadSrvc/files/shelter/2026/04/202605151105966.jpg
443571202601146,믹스견,흰색,"경계심이 있고 겁이 많음, 피부병이 있으며 적응이 필요함",M,남일면 신송리 242-1,충청북도 청주시,보호중,http://openapi.animal.go.kr/openapi/service/rest/fileDownloadSrvc/files/shelter/2026/05/202605191205395.jpeg
443571202601145,믹스견,흰색,"겁이 많고 경계심이 심함, 피부병이 있고 초록+빨강 목줄 착용",M,내수읍 내수로 162,충청북도 청주시,종료(반환),http://openapi.animal.go.kr/openapi/service/rest/fileDownloadSrvc/files/shelter/2026/05/202605151805136.jpeg
443571202601144,믹스견,검정&흰색,"4개월령의 피부병이 심한 아이, 브라벡토 처방, 순한 성격에 털이 자라면 귀여울듯한 얼굴",M,북이면 석성한천길 35-11,충청북도 청주시,보호중,http://openapi.animal.go.kr/openapi/service/rest/fileDownloadSrvc/files/shelter/2026/05/202605151805162.jpeg
443571202601143,믹스견,흰색,"겁이 많은 아이, 길 생활을 오래한거로 추정되는 외형과 나이와는 다르게 동안인 귀여운 외모",M,오창읍 2산단 부근,충청북도 청주시,종료(반환),http://openapi.animal.go.kr/openapi/service/rest/fileDownloadSrvc/files/shelter/2026/05/202605151805547.jpeg
443440202600196,믹스견,검정색,온순함,F,고명로7가길40-37,충청북도 제천시,보호중,http://openapi.animal.go.kr/openapi/service/rest/fileDownloadSrvc/files/shelter/2026/05/202605151605328.jpg
442430202600070,시츄,검정&흰색,사람을 경계함,F,철원중학교 후문,강원특별자치도 철원군,종료(반환),http://openapi.animal.go.kr/openapi/service/rest/fileDownloadSrvc/files/shelter/2026/05/202605151605965[1].jpg
442425202600070,믹스견,금색&흰색,온순함,M,화촌면 야시대로 429번길 76,강원특별자치도 홍천군,보호중,http://openapi.animal.go.kr/openapi/service/rest/fileDownloadSrvc/files/shelter/2026/05/202605151505722.jpg
441554202601013,믹스견,흰색,"5-45, 칩없음, 떠돌이견의 새끼, 귀여운 테리어믹스, 소심한 성격",M,광주시 퇴촌면 영동리 일대,경기도 광주시,보호중,http://openapi.animal.go.kr/openapi/service/rest/fileDownloadSrvc/files/shelter/2026/04/202605151705351.jpg
441554202601012,믹스견,흰색,"5-44, 칩없음, 떠돌이견의 새끼, 귀여운 테리어믹스, 소심한 성격",F,광주시 퇴촌면 영동리 일대,경기도 광주시,보호중,http://openapi.animal.go.kr/openapi/service/rest/fileDownloadSrvc/files/shelter/2026/04/202605151605131.jpg
441554202601011,믹스견,검정&흰색,"5-43, 칩없음, 귀여운 외모의 믹스아가, 순하고 착한 성격",F,광주시 장지3길 일대,경기도 광주시,종료(반환),http://openapi.animal.go.kr/openapi/service/rest/fileDownloadSrvc/files/shelter/2026/04/202605151605133[1].jpg
441553202601683,믹스견,금갈색,순둥순둥 사람을 좋아하는 아이/궁금증이 많고/온순함,M,송산면 사강리 인근,경기도 화성시,보호중,http://openapi.animal.go.kr/openapi/service/rest/fileDownloadSrvc/files/shelter/2026/05/202605151105648.jpg
441393202600582,믹스견,기타(백),"4개월,순함,빨간목줄",F,사동지구대에서 인수,경기도 안산시,보호중,http://openapi.animal.go.kr/openapi/service/rest/fileDownloadSrvc/files/shelter/2026/04/202605151605951.jpg
441391202600886,믹스견,흰색,진드기 있음 / 귀 찢어짐으로 임보자분께서 병원 갔다 옴,M,지산로 96번길 31,경기도 평택시,보호중,http://openapi.animal.go.kr/openapi/service/rest/fileDownloadSrvc/files/shelter/2026/05/202605151705925.jpg
441391202600880,시바,기타(흰/갈),견주 반환 예정,F,팽성읍 부용로55번길 22,경기도 평택시,종료(반환),http://openapi.animal.go.kr/openapi/service/rest/fileDownloadSrvc/files/shelter/2026/05/202605151405307[1].jpg
441391202600850,믹스견,갈색&검정,2두 동시입소 / 귀가 뾰족하고 눈썹같은 갈색털이 매력,M,포승읍 원석정용소길 66-35,경기도 평택시,보호중,http://openapi.animal.go.kr/openapi/service/rest/fileDownloadSrvc/files/shelter/2026/05/20260515110598.jpg
441391202600849,믹스견,갈색,2두 동시입소 / 코에 까만 마스크,M,포승읍 원석정용소길 66-35,경기도 평택시,보호중,http://openapi.animal.go.kr/openapi/service/rest/fileDownloadSrvc/files/shelter/2026/05/202605151105538.jpg
441386202600645,믹스견,갈색,(입소당시) 가방하네스 착용. 눈물 많음. 결막염. 사람 좋아함.,F,중동 1099-1,경기도 부천시,종료(반환),http://openapi.animal.go.kr/openapi/service/rest/fileDownloadSrvc/files/shelter/2026/04/202605151705365.jpg
441374202600581,골든 리트리버,갈색,파란 목줄 착용,F,장안구 광교산로 374번길(하광교동),경기도 수원시,종료(반환),http://openapi.animal.go.kr/openapi/service/rest/fileDownloadSrvc/files/shelter/2026/05/202605151605882.jpg
441374202600573,포메라니안,갈색,미용흔적 있음,F,팔달구 장다리로283번길 27(인계동),경기도 수원시,종료(반환),http://openapi.animal.go.kr/openapi/service/rest/fileDownloadSrvc/files/shelter/2026/05/202605151405549.jpg
429363202600292,믹스견,흰색,26-0277 우니,M,광산구 첨단동,광주광역시 광산구,보호중,http://openapi.animal.go.kr/openapi/service/rest/fileDownloadSrvc/files/shelter/2026/04/20260515140560[1].jpg
428357202600713,믹스견,갈색,"들개 자견, 겁많음",M,인화리 산 487 부근,인천광역시 강화군,보호중,http://openapi.animal.go.kr/openapi/service/rest/fileDownloadSrvc/files/shelter/2026/05/20260515110548.jpg
428356202600588,포메라니안,흰색,"소유권 포기,폼피츠 추정,겁 많음,귀여움,이쁘게생김,무서워서 침흘림",M,여우재로112번길8-9,인천광역시 서구,보호중,http://openapi.animal.go.kr/openapi/service/rest/fileDownloadSrvc/files/shelter/2026/04/202605151205808.jpg
428356202600587,푸들,크림색,"사람좋아함,얌전함,미용되있음,귀여움,깨끗함,하네스착용",M,가정동604-1,인천광역시 서구,보호중,http://openapi.animal.go.kr/openapi/service/rest/fileDownloadSrvc/files/shelter/2026/04/202605151105452.jpg
428350202600083,푸들,검정색,왼쪽 뒷다리 골절로인해 보행이 불편한 상태,M,새천년로98 도스안경원 근처,인천광역시 동구,종료(반환),http://openapi.animal.go.kr/openapi/service/rest/fileDownloadSrvc/files/shelter/2026/04/202605151405162.jpg
427514202600101,믹스견,갈색&흰색,겁이 많고 경계심이 있음,F,군위읍 정리,대구광역시 군위군,보호중,http://openapi.animal.go.kr/openapi/service/rest/fileDownloadSrvc/files/shelter/2026/04/202605151305857.jpg
427348202600500,믹스견,호반색(호랑이무늬),"공격성 매우 강함, 위생상태 불량",M,다사읍 서재리 4-4,대구광역시 달성군,보호중,http://openapi.animal.go.kr/openapi/service/rest/fileDownloadSrvc/files/shelter/2026/05/202605151505764.jpg
427348202600499,진도견,흰색,등록칩 없음.경계가 심해 진정 후 포획,M,옥포 대성 베르힐 단지 내,대구광역시 달성군,보호중,http://openapi.animal.go.kr/openapi/service/rest/fileDownloadSrvc/files/shelter/2026/04/202605151305617.jpg
427346202600500,믹스견,검정색,어미와 분리 되어 불안 해 하고 겁이 많아요...,M,고모동49-3,대구광역시 수성구,보호중,http://openapi.animal.go.kr/openapi/service/rest/fileDownloadSrvc/files/shelter/2026/04/202605151205730.jpg
427346202600498,믹스견,갈색&흰색,"겁많음,순함,쇠목줄착용",F,대구스포츠단훈련센터화단,대구광역시 수성구,보호중,http://openapi.animal.go.kr/openapi/service/rest/fileDownloadSrvc/files/shelter/2026/04/202605151105455.jpg
411314202600145,믹스견,갈색,온순. 활발. 사람 좋아함. 회색 목줄. 초록색 리드줄. 치석 약간. 꼬리 단미 안됨. 털 상태 양호. ,F,서울 양천구 곰달래로5길 17 (신월동) 앞,서울특별시 양천구,종료(반환),http://openapi.animal.go.kr/openapi/service/rest/fileDownloadSrvc/files/shelter/2026/04/202605151605838.jpg
442433202600393,믹스견,흰색,사나운 견 (사람에게 입질이 심함),M,기린면 진동리,강원특별자치도 인제군,종료(안락사),http://openapi.animal.go.kr/openapi/service/rest/fileDownloadSrvc/files/shelter/2026/05/202605151405681[1].jpg
447513202600533,믹스견,갈색&흰색,"견주 사망으로 보호소 입소, 입질 심함",M,백천동,경상북도 경산시,보호중,http://openapi.animal.go.kr/openapi/service/rest/fileDownloadSrvc/files/shelter/2026/05/20260515140586.jpg
445472202600326,믹스견,갈색&검정,45일령 강아지,M, 봉강구만길32-5,전북특별자치도 완주군,종료(입양),http://openapi.animal.go.kr/openapi/service/rest/fileDownloadSrvc/files/shelter/2026/05/202605151105773.jpg
445472202600325,믹스견,갈색&검정,45일령 강아지,F, 봉강구만길32-5,전북특별자치도 완주군,종료(입양),http://openapi.animal.go.kr/openapi/service/rest/fileDownloadSrvc/files/shelter/2026/05/202605151105477.jpg
447512202600465,믹스견,흰색,보호소에서 107번이 낳은 한달령새끼,F,보호소(율곡),경상북도 문경시,종료(입양),http://openapi.animal.go.kr/openapi/service/rest/fileDownloadSrvc/files/shelter/2026/04/202605151005876[1].jpg
447512202600464,믹스견,검정색,보호소에서 107번이 낳은 한달령새끼,M,보호소(율곡),경상북도 문경시,보호중,http://openapi.animal.go.kr/openapi/service/rest/fileDownloadSrvc/files/shelter/2026/04/202605151005780[1].jpg
447512202600463,믹스견,흰색,보호소에서 107번이 낳은 한달령새끼,M,보호소(율곡),경상북도 문경시,종료(입양),http://openapi.animal.go.kr/openapi/service/rest/fileDownloadSrvc/files/shelter/2026/04/202605151005651.jpg
447512202600462,믹스견,검정색,보호소에서 107번이 낳은 한달령새끼,M,보호소(율곡),경상북도 문경시,종료(입양),http://openapi.animal.go.kr/openapi/service/rest/fileDownloadSrvc/files/shelter/2026/04/202605151005460.jpg
444460202600477,믹스견,흰색,온순함/사람을 잘 따름.,M,은하로 155-38,충청남도 홍성군,보호중,http://openapi.animal.go.kr/openapi/service/rest/fileDownloadSrvc/files/shelter/2026/04/202605151005895.jpg
444460202600476,믹스견,흰색,온순함/사람을 잘 따름.,M,은하로 155-38,충청남도 홍성군,보호중,http://openapi.animal.go.kr/openapi/service/rest/fileDownloadSrvc/files/shelter/2026/04/20260515100595.jpg
444460202600475,믹스견,갈색&흰색,온순함,M,은하로 155-38,충청남도 홍성군,보호중,http://openapi.animal.go.kr/openapi/service/rest/fileDownloadSrvc/files/shelter/2026/04/202605151005832.jpg
442419202600352,믹스견,갈색,"목줄착용, 순둥이",M,알뜰주유소앞,강원특별자치도 원주시,종료(반환),http://openapi.animal.go.kr/openapi/service/rest/fileDownloadSrvc/files/shelter/2026/05/202605212105913.jpg
430367202600319,푸들,붉고 엷은 황갈색,없음,M,봉명동 유성지구대,대전광역시 유성구,종료(반환),http://openapi.animal.go.kr/openapi/service/rest/fileDownloadSrvc/files/shelter/2026/05/20260521140587.png
447523202600335,믹스견,흰색,"우수에 찬 눈빛, 금방이라도 눈물 한방울 또르르 떨어질것같아요",M,예천읍 형호리,경상북도 예천군,보호중,http://openapi.animal.go.kr/openapi/service/rest/fileDownloadSrvc/files/shelter/2026/04/202605190905703.jpeg
446485202600383,푸들,흰색,"온순함,사람좋아함,뒷다리 안좋음,전신 삭모,진드기약+심장사상충예방약복용",M,봉산면 독서골길 41,전라남도 담양군,보호중,http://openapi.animal.go.kr/openapi/service/rest/fileDownloadSrvc/files/shelter/2026/05/202605191405259.jpg
445478202600320,믹스견,갈색,들개무리,M,아산면 탑정마을,전북특별자치도 고창군,보호중,http://openapi.animal.go.kr/openapi/service/rest/fileDownloadSrvc/files/shelter/2026/05/202605191405754.jpg
445478202600312,믹스견,엷은 황갈색&흰색,들개 새끼,M,흥덕면 남당길,전북특별자치도 고창군,보호중,http://openapi.animal.go.kr/openapi/service/rest/fileDownloadSrvc/files/shelter/2026/05/202605191305229.jpg
445478202600311,믹스견,검정 황갈색&흰색,들개 새끼,M,흥덕면 남당길,전북특별자치도 고창군,보호중,http://openapi.animal.go.kr/openapi/service/rest/fileDownloadSrvc/files/shelter/2026/05/202605191305647.jpg
442426202600052,믹스견,호반색(호랑이무늬),파란색목줄. 목-겨드랑이 찢어져 봉합수술. 미니호구(호구+치와와믹스),F,"공근면 영서로 680, 일진산업",강원특별자치도 횡성군,보호중,http://openapi.animal.go.kr/openapi/service/rest/fileDownloadSrvc/files/shelter/2026/04/202605181505848.jpg
447516202600064,믹스견,금갈색,얌전하나 경계심 있음,F,경북 청송군 진보면 고현리 385,경상북도 청송군,보호중,http://openapi.animal.go.kr/openapi/service/rest/fileDownloadSrvc/files/shelter/2026/05/202605181605381.jpg
444461202600192,믹스견,흰색,3주령 추정. 73번의 자견. 수유중,F,봉산면 당곡옥전길 105-10,충청남도 예산군,보호중,http://openapi.animal.go.kr/openapi/service/rest/fileDownloadSrvc/files/shelter/2026/05/202605181105519.jpg
444461202600191,믹스견,흰색,3주령 추정. 73번의 자견. 수유중,F,봉산면 당곡옥전길 105-10,충청남도 예산군,보호중,http://openapi.animal.go.kr/openapi/service/rest/fileDownloadSrvc/files/shelter/2026/05/202605181105948.jpg
444461202600190,믹스견,흰색,3주령 추정. 73번의 자견. 수유중,F,봉산면 당곡옥전길 105-10,충청남도 예산군,보호중,http://openapi.animal.go.kr/openapi/service/rest/fileDownloadSrvc/files/shelter/2026/05/202605181105836.jpg
444461202600189,믹스견,흰색,3주령 추정. 73번의 자견. 수유중,F,봉산면 당곡옥전길 105-10,충청남도 예산군,보호중,http://openapi.animal.go.kr/openapi/service/rest/fileDownloadSrvc/files/shelter/2026/05/202605181105122.jpg
444461202600188,믹스견,흰색,3주령 추정. 73번의 자견. 수유중,M,봉산면 당곡옥전길 105-10,충청남도 예산군,보호중,http://openapi.animal.go.kr/openapi/service/rest/fileDownloadSrvc/files/shelter/2026/05/202605181105335.jpg
444461202600187,믹스견,흰색,3주령 추정. 73번의 자견. 수유중,M,봉산면 당곡옥전길 105-10,충청남도 예산군,보호중,http://openapi.animal.go.kr/openapi/service/rest/fileDownloadSrvc/files/shelter/2026/05/202605181005523.jpg
444461202600186,믹스견,흰색,3주령 추정. 73번의 자견. 수유중,F,봉산면 당곡옥전길 105-10,충청남도 예산군,보호중,http://openapi.animal.go.kr/openapi/service/rest/fileDownloadSrvc/files/shelter/2026/05/202605151505477.jpg
444461202600185,믹스견,흰색,3주령 추정. 73번의 자견. 수유중,F,봉산면 당곡옥전길 105-10,충청남도 예산군,보호중,http://openapi.animal.go.kr/openapi/service/rest/fileDownloadSrvc/files/shelter/2026/05/202605151505119.jpg
444461202600184,믹스견,흰색,6개월 이상 동네 배회하던 유기견. 비닐하우스에 출산함. 겁이 많으나 조심히 만지면 손길 허락함,F,봉산면 당곡옥전길 105-10,충청남도 예산군,보호중,http://openapi.animal.go.kr/openapi/service/rest/fileDownloadSrvc/files/shelter/2026/05/202605151005231.jpg
441559202600671,믹스견,흰색,겁. 경계. 방어적 입질. 사나움. 꼬리단미안됨. 털 상태 양호.,F,경기 양주시 은현면 운암리 75-1 인근,경기도 양주시,보호중,http://openapi.animal.go.kr/openapi/service/rest/fileDownloadSrvc/files/shelter/2026/04/202605151605240.jpg
441559202600670,믹스견,흰색,겁. 경계. 꼬리단미안됨. 털 상태 양호.,F,경기 양주시 장흥면 부곡리 24 인근,경기도 양주시,보호중,http://openapi.animal.go.kr/openapi/service/rest/fileDownloadSrvc/files/shelter/2026/04/202605151505418.jpg
441559202600669,포메라니안,기타(갈/흰),항문 구더기 오염. 기력없음. 식욕없음. 꼬리단미안됨. 털이 젖고 때탐.,F,경기 양주시 광적면 현석로 438,경기도 양주시,종료(자연사),http://openapi.animal.go.kr/openapi/service/rest/fileDownloadSrvc/files/shelter/2026/04/20260515150532.jpg
428356202600598,믹스견,갈색,없음,F,대곡동 612-1,인천광역시 서구,보호중,http://openapi.animal.go.kr/openapi/service/rest/fileDownloadSrvc/files/shelter/2026/04/20260518090546.jpg
448537202601079,믹스견,갈색&검정,4마리 같이 발견,F,송정1길71-16,경상남도 거제시,보호중,http://openapi.animal.go.kr/openapi/service/rest/fileDownloadSrvc/files/shelter/2026/04/202605171105924.jpg
447522202600254,믹스견,흰색,용천사 절에버려진아이들 두마리 살이빠진상태,M,북삼읍숭산로 용천사,경상북도 칠곡군,보호중,http://openapi.animal.go.kr/openapi/service/rest/fileDownloadSrvc/files/shelter/2026/04/202605161205431.jpg
450650202601164,믹스견,흰색,개체관리번호 1003 - 6개월/빨파목줄,M,서귀포시 대정읍 보성리 1433,제주특별자치도,보호중,http://openapi.animal.go.kr/openapi/service/rest/fileDownloadSrvc/files/shelter/2026/05/202605150905533.jpg
450650202601163,믹스견,검정색,개체관리번호 1002 - 2개월,M,제주시 한경면 두신로 84 한경면사무소,제주특별자치도,보호중,http://openapi.animal.go.kr/openapi/service/rest/fileDownloadSrvc/files/shelter/2026/05/202605150905501.jpg
450650202601162,믹스견,흰색,개체관리번호 1001 - 3주차,M,제주시 오라이동 오라교차로 인근,제주특별자치도,보호중,http://openapi.animal.go.kr/openapi/service/rest/fileDownloadSrvc/files/shelter/2026/05/20260515090536.jpg
450650202601161,믹스견,흰색,개체관리번호 1000 - 3주차,F,제주시 오라이동 오라교차로 인근,제주특별자치도,보호중,http://openapi.animal.go.kr/openapi/service/rest/fileDownloadSrvc/files/shelter/2026/05/202605150905692.jpg
450650202601160,믹스견,흰색,개체관리번호 0999 - 3주차,F,제주시 오라이동 오라교차로 인근,제주특별자치도,보호중,http://openapi.animal.go.kr/openapi/service/rest/fileDownloadSrvc/files/shelter/2026/05/20260515090502.jpg
450650202601159,믹스견,흰색,개체관리번호 0998 - 검정목줄/심장사상충,M,제주시 한경면 판포중길 44-1,제주특별자치도,보호중,http://openapi.animal.go.kr/openapi/service/rest/fileDownloadSrvc/files/shelter/2026/05/202605150905363.jpg
450650202601158,믹스견,갈색&검정,개체관리번호 0997 - 파빨목줄/심장사상충,M,제주시 한경면 판포중길 44-1,제주특별자치도,보호중,http://openapi.animal.go.kr/openapi/service/rest/fileDownloadSrvc/files/shelter/2026/05/20260515090556.jpg
448567202600663,푸들,흰색,"매너벨트 착용, 이?한지 한달정도 된거 같음",F,마산회원구 양덕동 89-19,경상남도 창원시 의창성산구,종료(반환),http://openapi.animal.go.kr/openapi/service/rest/fileDownloadSrvc/files/shelter/2026/04/202605150705643.jpg
448567202600662,믹스견,흰색,"내장칩 있음, 포획 업체 현장 반환",M,마산합포구 진북면 덕곡천길 101 주변,경상남도 창원시 의창성산구,종료(반환),http://openapi.animal.go.kr/openapi/service/rest/fileDownloadSrvc/files/shelter/2026/04/202605150705970.jpg
447525202600162,믹스견,흰색,친근하고 온순함,F,울진읍,경상북도 울진군,보호중,http://openapi.animal.go.kr/openapi/service/rest/fileDownloadSrvc/files/shelter/2026/04/202605151005747.jpg
447525202600161,믹스견,흰색,친근하고 온순함,M,울진읍,경상북도 울진군,보호중,http://openapi.animal.go.kr/openapi/service/rest/fileDownloadSrvc/files/shelter/2026/04/202605151005429.jpg
447508202600941,프렌치 불독,검정&흰색,온순하고 활발함,M,인동18길 26-5,경상북도 구미시,종료(반환),http://openapi.animal.go.kr/openapi/service/rest/fileDownloadSrvc/files/shelter/2026/05/202605151305422.jpg
446498202600121,믹스견,검정&흰색,"유아견,발끝,가슴쪽 흰털, 호기심이 많고 손길을 피하지않음",M,진원면 고산길17,전라남도 장성군,보호중,http://openapi.animal.go.kr/openapi/service/rest/fileDownloadSrvc/files/shelter/2026/04/202605151305354.jpg
446494202600223,믹스견,검정&황갈색,건강하게보이고사람잘따름,M,군서면동계길27-4,전라남도 영암군,보호중,http://openapi.animal.go.kr/openapi/service/rest/fileDownloadSrvc/files/shelter/2026/05/202605151005408.png
445464202601724,믹스견,검정&황갈색,순하고 착함,M,덕진구 초포로 17-4,전북특별자치도 전주시,보호중,http://openapi.animal.go.kr/openapi/service/rest/fileDownloadSrvc/files/shelter/2026/04/202605151705985[1].jpg
441560202600452,믹스견,갈색&흰색,줄 싫어함. 겁. 경계. 꼬리단미안됨. 털 상태 양호.,M,경기 포천시 이동면 노곡리 일대,경기도 포천시,보호중,http://openapi.animal.go.kr/openapi/service/rest/fileDownloadSrvc/files/shelter/2026/04/202605151605402.jpg
441560202600451,믹스견,흰색,교통 사고. 기력 없음. 빨강 바탕 파란 줄무늬 목줄. 사상충 양성. 겁. 방어적입질. 꼬리단미안됨.,M,경기 포천시 가산면 마정로 24 인근,경기도 포천시,보호중,http://openapi.animal.go.kr/openapi/service/rest/fileDownloadSrvc/files/shelter/2026/04/202605151605392.jpg
441553202601682,믹스견,갈색&검정,겁이 많아보임/경계심 있음/ 잘생긴 외모,M,우정읍 구슬1길인근,경기도 화성시,보호중,http://openapi.animal.go.kr/openapi/service/rest/fileDownloadSrvc/files/shelter/2026/05/202605151105821.jpg
441553202601681,믹스견,갈색&흰색,겁은 있어보이지만 사람에대한 호기심이 있어보임/ 순함,M,우정읍 구슬1길인근,경기도 화성시,보호중,http://openapi.animal.go.kr/openapi/service/rest/fileDownloadSrvc/files/shelter/2026/05/202605151105360.jpg
441553202601680,믹스견,갈색,겁이 매우많아보임/ 뒷다리가 불편해보임,F,우정읍 구슬1길인근,경기도 화성시,보호중,http://openapi.animal.go.kr/openapi/service/rest/fileDownloadSrvc/files/shelter/2026/05/202605151105643.jpg
441553202601679,믹스견,금갈색,겁이 있어보이나 사람에대한 호기심이 있어보임/ 귀여운외모,M,우정읍 구슬1길인근,경기도 화성시,보호중,http://openapi.animal.go.kr/openapi/service/rest/fileDownloadSrvc/files/shelter/2026/05/202605151105501.jpg
441553202601678,믹스견,갈색&흰색,바둑이 무늬/ 얌전하고 늠름함/ 억울한 눈매를 가지고 있음,M,향남읍 갈천리인근,경기도 화성시,보호중,http://openapi.animal.go.kr/openapi/service/rest/fileDownloadSrvc/files/shelter/2026/05/202605151105903.jpg
441414202600335,믹스견,기타(검/갈),활발. 친화적. 꼬리 단미 안됨. 털 때탐. ,F,경기 연천군 연천읍 동막리 655-15,경기도 연천군,종료(반환),http://openapi.animal.go.kr/openapi/service/rest/fileDownloadSrvc/files/shelter/2026/04/202605151705255.jpg
441409202600435,말티즈,흰색,온순. 얌전. 사람 좋아함. 분홍색 원피스. 양 눈 백내장. 유선종양. 피부질환. 칩 있음.,F,"경기 김포시 봉화로181번길 31-15 (감정동, 효성아파트)",경기도 김포시,보호중,http://openapi.animal.go.kr/openapi/service/rest/fileDownloadSrvc/files/shelter/2026/04/202605151705618.jpg
441409202600434,말티즈,흰색,온순. 얌전. 양 눈 백내장. 양 귀 외이염. 치석 약간. 피부질환. 하늘색 케이프. 초록 눈곱. ,F,"경기 김포시 봉화로181번길 31-15 (감정동, 효성아파트)",경기도 김포시,보호중,http://openapi.animal.go.kr/openapi/service/rest/fileDownloadSrvc/files/shelter/2026/04/202605151705862[1].jpg
441404202600191,믹스견,흰색,겁. 방어적입질. 코분홍. 목부위 피부질환. 다리곳곳 상처. 꼬리단미안됨. 털 때탐.,M,경기 하남시 대성로99번길 20 (춘궁동) 인근,경기도 하남시,보호중,http://openapi.animal.go.kr/openapi/service/rest/fileDownloadSrvc/files/shelter/2026/04/202605151605869.jpg
441393202600581,믹스견,기타(갈흑),"보행기립불가,탈수심함,기력없음,예후불량",F,대부119안전센터에서 인수,경기도 안산시,종료(자연사),http://openapi.animal.go.kr/openapi/service/rest/fileDownloadSrvc/files/shelter/2026/04/202605151505726.jpg
441392202600096,알라스칸 말라뮤트,검정&흰색,온순. 활발. 사람 좋아함. 꼬리 단미 안됨. 털 상태 양호. ,F,경기 동두천시 방죽로 23 (생연동),경기도 동두천시,종료(반환),http://openapi.animal.go.kr/openapi/service/rest/fileDownloadSrvc/files/shelter/2026/04/202605151605948.jpg
431373202600747,믹스견,검정색,1개월반 추정,M,온양읍 마근길,울산광역시 울주군,보호중,http://openapi.animal.go.kr/openapi/service/rest/fileDownloadSrvc/files/shelter/2026/04/202605151405389.jpg
431373202600746,믹스견,흰색,"1개월반 추정,인절미같음",F,온양읍 마근길,울산광역시 울주군,보호중,http://openapi.animal.go.kr/openapi/service/rest/fileDownloadSrvc/files/shelter/2026/04/202605151205474.jpg
431373202600745,믹스견,검정&흰색,1개월반 추정,M,온양읍 마근길,울산광역시 울주군,보호중,http://openapi.animal.go.kr/openapi/service/rest/fileDownloadSrvc/files/shelter/2026/04/202605151205485.jpg
431373202600744,믹스견,기타(회색/검정),"1개월반 추정, 탈장",M,온양읍 마근길,울산광역시 울주군,보호중,http://openapi.animal.go.kr/openapi/service/rest/fileDownloadSrvc/files/shelter/2026/04/202605151205483.jpg
431370202600339,믹스견,검정&흰색,4개월령 추정,M,남구 장생포고래로,울산광역시 남구,보호중,http://openapi.animal.go.kr/openapi/service/rest/fileDownloadSrvc/files/shelter/2026/04/202605151205206.jpg
430366202600245,믹스견,흰색,주인반환,M,은하수 a 인근,대전광역시 서구,종료(반환),http://openapi.animal.go.kr/openapi/service/rest/fileDownloadSrvc/files/shelter/2026/05/202605151105110.png
430366202600244,믹스견,흰색,.,M,평촌동 563-1 인근,대전광역시 서구,종료(반환),http://openapi.animal.go.kr/openapi/service/rest/fileDownloadSrvc/files/shelter/2026/05/202605151105965.png
430366202600243,치와와,갈색,사건접수,F,가장동 56-6 인근,대전광역시 서구,보호중,http://openapi.animal.go.kr/openapi/service/rest/fileDownloadSrvc/files/shelter/2026/05/202605151105996.png
428357202600712,믹스견,갈색&검정,"들개 자견, 겁많음",F,인화리 산 487 부근,인천광역시 강화군,보호중,http://openapi.animal.go.kr/openapi/service/rest/fileDownloadSrvc/files/shelter/2026/05/202605151105718.jpg
428355202600205,푸들,갈색,갈색 하네스착용,M,임학동 포석정 음삭점,인천광역시 계양구,보호중,http://openapi.animal.go.kr/openapi/service/rest/fileDownloadSrvc/files/shelter/2026/05/202605142205277.jpg
428349202600308,푸들,검정색,"구조시 목줄 없는 상태로 구조, 순함",M,을왕리 300도씨 식당 앞,인천광역시 중구,보호중,http://openapi.animal.go.kr/openapi/service/rest/fileDownloadSrvc/files/shelter/2026/04/202605151305215.jpg
426335202600261,믹스견,갈색&흰색,"주인 연락됨, 순함",M,수림로71번길 2,부산광역시 금정구,종료(반환),http://openapi.animal.go.kr/openapi/service/rest/fileDownloadSrvc/files/shelter/2026/05/202605151305807.jpg
411320202600203,믹스견,흰색,방어적입질 유선발달 진드기감염,F,서울대학교 폐기물처리장 인근,서울특별시 관악구,보호중,http://openapi.animal.go.kr/openapi/service/rest/fileDownloadSrvc/files/shelter/2026/04/202605151605402[1].jpg
411320202600202,믹스견,흰색,방어적입질 피부질환 진드기감염,M,서울대학교 폐기물처리장 인근,서울특별시 관악구,보호중,http://openapi.animal.go.kr/openapi/service/rest/fileDownloadSrvc/files/shelter/2026/04/20260515160568.jpg
411315202600368,시츄,갈색&흰색,온순. 얌전. 눈곱. 피부 질환. 양 눈 결막염. 결막궤양. 꼬리 단미 안됨. 털 상태 양호. ,M,서울 강서구 초원로4길 36 (방화동) 인근,서울특별시 강서구,보호중,http://openapi.animal.go.kr/openapi/service/rest/fileDownloadSrvc/files/shelter/2026/04/202605151605630.jpg
411309202600200,스탠다드 닥스훈트,검정&황갈색,온순. 활발. 양 귀 외이염. 양 눈 혼탁. 사람 좋아함. 치석. 꼬리 단미 안됨. 털 상태 양호. ,F,서울 도봉구 도당로 85-7 (방학동) 도깨비시장,서울특별시 도봉구,보호중,http://openapi.animal.go.kr/openapi/service/rest/fileDownloadSrvc/files/shelter/2026/04/202605151705306.jpg
448541202600799,믹스견,흰색,들개 포획,M,창녕읍 여초길,경상남도 창녕군,보호중,http://openapi.animal.go.kr/openapi/service/rest/fileDownloadSrvc/files/shelter/2026/04/202605142105805.jpg
448541202600798,믹스견,갈색,차량상해,M,영산면 서리,경상남도 창녕군,보호중,http://openapi.animal.go.kr/openapi/service/rest/fileDownloadSrvc/files/shelter/2026/04/202605142105567.jpg
448538202600390,믹스견,기타(황색흰색),"황색흰색,순함,척추골반골절 (로드킬)",M,상북면소토리544-2,경상남도 양산시,종료(자연사),http://openapi.animal.go.kr/openapi/service/rest/fileDownloadSrvc/files/shelter/2026/05/202605141705676.jpg
448537202601055,믹스견,갈색&흰색,"노란목줄착용,경계심있음",F,연초 소오비 도로,경상남도 거제시,종료(반환),http://openapi.animal.go.kr/openapi/service/rest/fileDownloadSrvc/files/shelter/2026/04/202605141505412.jpg
448537202601043,믹스견,검정 황갈색&흰색,새끼4마리 함께 입소,M,송정1길 71-16,경상남도 거제시,보호중,http://openapi.animal.go.kr/openapi/service/rest/fileDownloadSrvc/files/shelter/2026/05/202605151705542.jpg
448537202601042,믹스견,갈색&검정&흰색,새끼4마리 함께 입소,M,송정1길 71-16,경상남도 거제시,보호중,http://openapi.animal.go.kr/openapi/service/rest/fileDownloadSrvc/files/shelter/2026/05/202605151705253.jpg
448537202601041,믹스견,갈색&검정&흰색,새끼4마리 함께 입소,M,송정1길 71-16,경상남도 거제시,보호중,http://openapi.animal.go.kr/openapi/service/rest/fileDownloadSrvc/files/shelter/2026/05/20260515170549.jpg
448531202600872,믹스견,갈색&검정&흰색,순하고 착함,F,진주시 사봉면 사군로 707,경상남도 진주시,보호중,http://openapi.animal.go.kr/openapi/service/rest/fileDownloadSrvc/files/shelter/2026/04/202605141705716.jpg
448531202600871,믹스견,갈색&검정&흰색,순하고 착함,M,진주시 사봉면 사군로 707,경상남도 진주시,보호중,http://openapi.animal.go.kr/openapi/service/rest/fileDownloadSrvc/files/shelter/2026/04/202605141705574.jpg
448531202600870,믹스견,갈색&검정&흰색,순하고 착함,M,진주시 사봉면 사군로 707,경상남도 진주시,보호중,http://openapi.animal.go.kr/openapi/service/rest/fileDownloadSrvc/files/shelter/2026/04/202605141705646.jpg
448531202600869,믹스견,흰색,순하고 착함 ,M,진주시 진성면 상촌리 426,경상남도 진주시,종료(반환),http://openapi.animal.go.kr/openapi/service/rest/fileDownloadSrvc/files/shelter/2026/04/202605141705634.jpg
448531202600867,믹스견,갈색&흰색,방어적이며 공격성입질,M,진주시 상봉동 1109,경상남도 진주시,보호중,http://openapi.animal.go.kr/openapi/service/rest/fileDownloadSrvc/files/shelter/2026/04/20260514110514.jpg
447520202600118,포메라니안,검정색,사람좋아함,F,대가야읍 신리 저수지,경상북도 고령군,종료(반환),http://openapi.animal.go.kr/openapi/service/rest/fileDownloadSrvc/files/shelter/2026/05/202605141305787.jpg
447520202600117,포메라니안,흰색,사람좋아함,F,대가야읍 신리 저수지,경상북도 고령군,종료(반환),http://openapi.animal.go.kr/openapi/service/rest/fileDownloadSrvc/files/shelter/2026/05/20260514130590.jpg
447506202600172,믹스견,검정&흰색,매우 사납고 입질 엄청나게 심함,F,농소면 봉곡리,경상북도 김천시,보호중,http://openapi.animal.go.kr/openapi/service/rest/fileDownloadSrvc/files/shelter/2026/05/202605141605619.jpg
446496202600176,믹스견,갈색&검정,경계심,F,나산면 사산길 70,전라남도 함평군,보호중,http://openapi.animal.go.kr/openapi/service/rest/fileDownloadSrvc/files/shelter/2026/04/202605140905900.jpg
446495202600081,믹스견,황갈색,순하며 활발함.,M,운남면 연동길 41,전라남도 무안군,보호중,http://openapi.animal.go.kr/openapi/service/rest/fileDownloadSrvc/files/shelter/2026/04/202605141505832.jpg
446495202600080,믹스견,검정색,순하며 활발함.,M,삼향읍 삼향로 127,전라남도 무안군,보호중,http://openapi.animal.go.kr/openapi/service/rest/fileDownloadSrvc/files/shelter/2026/04/20260514150558.jpg
446495202600079,믹스견,겨자색,순하며 활발함.,F,몽탄면 성당,전라남도 무안군,보호중,http://openapi.animal.go.kr/openapi/service/rest/fileDownloadSrvc/files/shelter/2026/04/202605141505529.jpg
446495202600078,믹스견,갈색&검정,순하며 활발함.,F,망운면 동암리,전라남도 무안군,보호중,http://openapi.animal.go.kr/openapi/service/rest/fileDownloadSrvc/files/shelter/2026/04/202605141505137.jpg
446483202600683,믹스견,흰색,과수원4마리무리지어다님 포획틀에구조,F,나주시봉황면송현원봉길44-9배과수원,전라남도 나주시,보호중,http://openapi.animal.go.kr/openapi/service/rest/fileDownloadSrvc/files/shelter/2026/04/202605141705454.jpg
446483202600682,믹스견,흰색,빈축사에서구조,M,나주시남평읍산남로466-8빈축사,전라남도 나주시,보호중,http://openapi.animal.go.kr/openapi/service/rest/fileDownloadSrvc/files/shelter/2026/04/202605141705386.jpg
446481202600415,말티즈,흰색,죽림 양우내안애 아파트 109동 배회 중 구조,M,죽림 양우내안애109동 앞 ,전라남도 여수시,종료(반환),http://openapi.animal.go.kr/openapi/service/rest/fileDownloadSrvc/files/shelter/2026/05/202605141405146.jpeg
446480202600446,푸들,검정색,"털이 짧고 귀가 아래로 늘어짐, 오랜시간 단지내를 배회",M,연산주공@,전라남도 목포시,종료(반환),http://openapi.animal.go.kr/openapi/service/rest/fileDownloadSrvc/files/shelter/2026/05/202605142005337.jpg
445479202600502,믹스견,갈색&흰색, 경계심 있어보임.,F, 부안읍 봉덕길 5,전북특별자치도 부안군,보호중,http://openapi.animal.go.kr/openapi/service/rest/fileDownloadSrvc/files/shelter/2026/04/202605141705174.jpg
445479202600501,믹스견,갈색, 새끼 강아지.,M, 동진면 증산리 산11,전북특별자치도 부안군,보호중,http://openapi.animal.go.kr/openapi/service/rest/fileDownloadSrvc/files/shelter/2026/04/202605141705678.jpg
445479202600500,믹스견,갈색&검정, 새끼 강아지.,M, 동진면 증산리 산11,전북특별자치도 부안군,보호중,http://openapi.animal.go.kr/openapi/service/rest/fileDownloadSrvc/files/shelter/2026/04/202605141705283.jpg
445479202600499,믹스견,크림색, 새끼 강아지.,M, 동진면 증산리 산11,전북특별자치도 부안군,보호중,http://openapi.animal.go.kr/openapi/service/rest/fileDownloadSrvc/files/shelter/2026/04/202605141705730.jpg
445479202600498,믹스견,갈색&흰색, 새끼 강아지.,M, 동진면 증산리 산11,전북특별자치도 부안군,보호중,http://openapi.animal.go.kr/openapi/service/rest/fileDownloadSrvc/files/shelter/2026/04/20260514160531.jpg
445479202600497,믹스견,흰색, 새끼 강아지.,M, 동진면 증산리 산11,전북특별자치도 부안군,보호중,http://openapi.animal.go.kr/openapi/service/rest/fileDownloadSrvc/files/shelter/2026/04/202605141605380[1].jpg
445479202600496,믹스견,흰색, 새끼 강아지.,M, 동진면 증산리 산11,전북특별자치도 부안군,보호중,http://openapi.animal.go.kr/openapi/service/rest/fileDownloadSrvc/files/shelter/2026/04/20260514160545[1].jpg
445471202600168,믹스견,검정&흰색,얼굴은 검은색 몸통은 점박이 ,M,소방서,전북특별자치도 김제시,보호중,http://openapi.animal.go.kr/openapi/service/rest/fileDownloadSrvc/files/shelter/2026/05/202605141305747.jpg
445471202600167,믹스견,흰색,털이 지저분함,M,순백3길,전북특별자치도 김제시,보호중,http://openapi.animal.go.kr/openapi/service/rest/fileDownloadSrvc/files/shelter/2026/05/202605141305998[1].jpg
445470202600656,믹스견,기타(믹스),성격이 활발해 활동력이 많은 아이 입니다.,M,덕과면,전북특별자치도 남원시,보호중,http://openapi.animal.go.kr/openapi/service/rest/fileDownloadSrvc/files/shelter/2026/05/202605141105102[1].jpg
445470202600655,믹스견,흰색,성격이 순해 사람을 잘 따르고 애교가 많은 아이 입니다.,F,덕과면,전북특별자치도 남원시,보호중,http://openapi.animal.go.kr/openapi/service/rest/fileDownloadSrvc/files/shelter/2026/05/202605141105737.jpg
445469202600614,믹스견,흰색,"약 5개월추정, 약간의 경계심있음",F,중앙로 258,전북특별자치도 정읍시,보호중,http://openapi.animal.go.kr/openapi/service/rest/fileDownloadSrvc/files/shelter/2026/05/202605140905348.jpg
445469202600613,믹스견,흰색,"약 4개월추정, 약간의 경계심있음",M,북면 연지길 13,전북특별자치도 정읍시,보호중,http://openapi.animal.go.kr/openapi/service/rest/fileDownloadSrvc/files/shelter/2026/05/202605140905329.jpg
445469202600612,믹스견,흰색,"약 5개월추정, 피부병이 매우심함",F,현암마을모정 인근,전북특별자치도 정읍시,보호중,http://openapi.animal.go.kr/openapi/service/rest/fileDownloadSrvc/files/shelter/2026/05/202605140905750.jpg
445468202601179,믹스견,흑갈색,생후 30일이 조금넘어보이며 진도믹스로 순하면서 사람경계심이 없음,F,전북 익산시 어양동 52,전북특별자치도 익산시,보호중,http://openapi.animal.go.kr/openapi/service/rest/fileDownloadSrvc/files/shelter/2026/04/202605141605207.jpg
445468202601178,믹스견,흑갈색,생후 30일이 조금넘어보이며 진도믹스로 순하면서 사람경계심이 없음,F,전북 익산시 어양동 52,전북특별자치도 익산시,보호중,http://openapi.animal.go.kr/openapi/service/rest/fileDownloadSrvc/files/shelter/2026/04/202605141605624.jpg
445468202601177,믹스견,흑갈색,생후 30일이 조금넘어보이며 진도믹스로 순하면서 사람경계심이 없음,M,전북 익산시 어양동 52,전북특별자치도 익산시,보호중,http://openapi.animal.go.kr/openapi/service/rest/fileDownloadSrvc/files/shelter/2026/04/202605141605787[1].jpg
445468202601176,믹스견,흑갈색,생후 30일이 조금넘어보이며 진도믹스로 순하면서 사람경계심이 없음,M,전북 익산시 어양동 52,전북특별자치도 익산시,보호중,http://openapi.animal.go.kr/openapi/service/rest/fileDownloadSrvc/files/shelter/2026/04/202605141605178[1].jpg
445468202601175,믹스견,흰색,생후50일정도이며 순하고 겁이 많음,F,익산시 신용동 석하길 대로변,전북특별자치도 익산시,보호중,http://openapi.animal.go.kr/openapi/service/rest/fileDownloadSrvc/files/shelter/2026/04/202605141205513.jpg
445468202601174,믹스견,흰색,생후50일정도이며 순하고 겁이 많음,F,익산시 신용동 석하길 대로변,전북특별자치도 익산시,보호중,http://openapi.animal.go.kr/openapi/service/rest/fileDownloadSrvc/files/shelter/2026/04/202605141205817.jpg
445468202601173,믹스견,흰색,생후 50일정도 되어보이며 순하고 겁이 많음,M,익산시 신용동 석하길 대로변,전북특별자치도 익산시,보호중,http://openapi.animal.go.kr/openapi/service/rest/fileDownloadSrvc/files/shelter/2026/04/20260514120521.jpg
445468202601172,믹스견,흰색,생후 50일정도 되어보이며 순하고 겁이 많음,M,익산시 신용동 석하길 대로변,전북특별자치도 익산시,보호중,http://openapi.animal.go.kr/openapi/service/rest/fileDownloadSrvc/files/shelter/2026/04/202605141205303.jpg
445467202600993,푸들,흰색,"6살추정 순함 칩x  옷, 하네스 착용중",F,동군산로 122,전북특별자치도 군산시,보호중,http://openapi.animal.go.kr/openapi/service/rest/fileDownloadSrvc/files/shelter/2026/05/202605141005941.jpg
445464202601719,믹스견,노란색,온순함,M,초포로17-4,전북특별자치도 전주시,보호중,http://openapi.animal.go.kr/openapi/service/rest/fileDownloadSrvc/files/shelter/2026/04/202605142305484.jpg
445464202601718,믹스견,검정&황갈색,모낭충성 피부염,F,초포로17-4,전북특별자치도 전주시,보호중,http://openapi.animal.go.kr/openapi/service/rest/fileDownloadSrvc/files/shelter/2026/04/202605142305279.jpg
445464202601717,믹스견,흰색,들개자견,F,팔복동2가 517-1,전북특별자치도 전주시,보호중,http://openapi.animal.go.kr/openapi/service/rest/fileDownloadSrvc/files/shelter/2026/04/202605142305879.jpg
445464202601716,믹스견,갈색&검정,들개자견,F,팔복동2가 517-1,전북특별자치도 전주시,보호중,http://openapi.animal.go.kr/openapi/service/rest/fileDownloadSrvc/files/shelter/2026/04/202605142305741.jpg
445464202601715,믹스견,검정 황갈색&흰색,들개/마취포획,F,팔복동2가 517-1,전북특별자치도 전주시,보호중,http://openapi.animal.go.kr/openapi/service/rest/fileDownloadSrvc/files/shelter/2026/04/202605142305784.jpg
445464202601714,말티즈,흰색,"검정색줄,빨강색 목줄착용",M,동부대로 1015,전북특별자치도 전주시,종료(반환),http://openapi.animal.go.kr/openapi/service/rest/fileDownloadSrvc/files/shelter/2026/05/202605142105334.jpg
444568202600240,믹스견,검정&흰색,"3개월,피부병심함,경계함,코로나 종합백신1차완료(2026/05/14)",M,당진시 원우두실로 130-10,충청남도 당진시,보호중,http://openapi.animal.go.kr/openapi/service/rest/fileDownloadSrvc/files/shelter/2026/05/202605141705774.jpg
444568202600239,믹스견,"기타(흰,갈)","2개월,피부병심함,코로나,종합백신1차완료(2026/05/14)",M,당진시 송악읍 대섬길 70-6,충청남도 당진시,보호중,http://openapi.animal.go.kr/openapi/service/rest/fileDownloadSrvc/files/shelter/2026/05/20260514170552.jpg
444457202600258,믹스견,흰색&황갈색,.,F,규암면 부여소방서 포획,충청남도 부여군,보호중,http://openapi.animal.go.kr/openapi/service/rest/fileDownloadSrvc/files/shelter/2026/05/202605141505140.jpg
444452202601182,믹스견,검정&흰색,26-1182호(관리)163호(공고)/35일령 추정,F,염치읍 곡교천 야영장,충청남도 아산시,보호중,http://openapi.animal.go.kr/openapi/service/rest/fileDownloadSrvc/files/shelter/2026/05/202605141605133.jpg
444449202601159,믹스견,기타(미색),"순함, 사람 좋아함 ",M,동남구 신방동 67-4 304호,충청남도 천안시,보호중,http://openapi.animal.go.kr/openapi/service/rest/fileDownloadSrvc/files/shelter/2026/04/202605141105418.jpg
443571202601141,기타,갈색,"귀엽고 얌전한 말티푸아이, 중성화가 되어있고 겁이 있지만 사납지 않은 착한아이",M,남이면 남석로 151-26,충청북도 청주시,보호중,http://openapi.animal.go.kr/openapi/service/rest/fileDownloadSrvc/files/shelter/2026/05/202605141605926.jpeg
443557202600043,믹스견,갈색&검정,대체적으로 건강한 상태임,M,증평소방서,충청북도 증평군,종료(반환),http://openapi.animal.go.kr/openapi/service/rest/fileDownloadSrvc/files/shelter/2026/04/202605142005424.jpg
442418202600606,믹스견,기타(연갈색),"빨간목줄착용, 온순",M,남면 충효로 1121-1,강원특별자치도 춘천시,보호중,http://openapi.animal.go.kr/openapi/service/rest/fileDownloadSrvc/files/shelter/2026/05/202605141405746.jpg
441554202601006,믹스견,갈색,"5-42, 칩없음, 예민함",M,광주시 퇴촌면 영동리 일대,경기도 광주시,보호중,http://openapi.animal.go.kr/openapi/service/rest/fileDownloadSrvc/files/shelter/2026/05/202605141705595.jpg
441553202601672,믹스견,갈색,겁 많고 많이 주눅들어 있는 믹스견/사회성 낮음/사람 손길을 무서워함,F,향남읍 갈천길 인근,경기도 화성시,보호중,http://openapi.animal.go.kr/openapi/service/rest/fileDownloadSrvc/files/shelter/2026/04/202605141605448[1].jpg
441553202601671,믹스견,흰색,수로에 빠져구출된 아이/ 사람에대한 경계없어보임/ 쓰다듬어주면 가만히 있고 온순함,M,우정읍 물미길인근,경기도 화성시,종료(안락사),http://openapi.animal.go.kr/openapi/service/rest/fileDownloadSrvc/files/shelter/2026/04/202605141605135.jpg
441553202601670,믹스견,옅은 황색,사회성 낮은편/이쁘게 생김/사람 손길을 타본적 없는듯함/겁 많음,F,향남읍 갈천길 인근,경기도 화성시,보호중,http://openapi.animal.go.kr/openapi/service/rest/fileDownloadSrvc/files/shelter/2026/04/20260514160598.jpg
441553202601669,믹스견,옅은 황색,겁 많고 살짝 경계심이 있음/사회성이 낮음/사람의 손길을 탄적이 없는듯함,F,향남읍 갈천길 인근,경기도 화성시,보호중,http://openapi.animal.go.kr/openapi/service/rest/fileDownloadSrvc/files/shelter/2026/04/202605141605642[1].jpg
441553202601668,믹스견,금색,경계심이 있음/ 겁도 많아보임/ 억울한 눈매/칩 없음,M,장안면 화곡로인근,경기도 화성시,보호중,http://openapi.animal.go.kr/openapi/service/rest/fileDownloadSrvc/files/shelter/2026/04/20260514130565.jpg
441553202601667,시베리안 허스키,검정&흰색,너무순둥하고 / 사람을 잘따름/ 뒷다리가 절룩거림/ 착함,F,우정읍 인근,경기도 화성시,보호중,http://openapi.animal.go.kr/openapi/service/rest/fileDownloadSrvc/files/shelter/2026/04/202605141305113.jpg
441416202600341,믹스견,갈색&검정&흰색,"청평면 대성리역 앞 도로변/목걸이,목줄 없음",M,청평면 대성리역 앞 도로변,경기도 가평군,보호중,http://openapi.animal.go.kr/openapi/service/rest/fileDownloadSrvc/files/shelter/2026/04/202605141005472.jpg
441407202600523,믹스견,기타(회갈색흰색),"사람을 좋아하며, 매우온순함",F,마장면 덕평리,경기도 이천시,보호중,http://openapi.animal.go.kr/openapi/service/rest/fileDownloadSrvc/files/shelter/2026/05/202605142205294.jpg
441407202600522,말티즈,흰색,"목띠착용, 매우온순함",M,창전동 영창로,경기도 이천시,보호중,http://openapi.animal.go.kr/openapi/service/rest/fileDownloadSrvc/files/shelter/2026/05/202605142205778.jpg
441404202600190,푸들,크림색,"크림색 푸들 수컷(2019년생), 곱슬모, 동물등록 내장칩 확인",M,하남경찰서,경기도 하남시,종료(반환),http://openapi.animal.go.kr/openapi/service/rest/fileDownloadSrvc/files/shelter/2026/05/202605141705924.png
441401202600495,푸들,갈색,"약간 겁이 있지만 사람 손길에 익숙하며 털 관리가 잘되어 있음, 옷 입은 채 발견",M,조남동 709-1,경기도 시흥시,종료(반환),http://openapi.animal.go.kr/openapi/service/rest/fileDownloadSrvc/files/shelter/2026/05/202605141505602.jpg
441401202600494,포메라니안,갈색,"앉아서 손주는 똑똑이, 1초만에 친해지는 발랄한 댕댕이",F,서해안로 1587,경기도 시흥시,보호중,http://openapi.animal.go.kr/openapi/service/rest/fileDownloadSrvc/files/shelter/2026/05/202605140905768.jpg
441400202600189,라브라도 리트리버,검정색,소방서 포획,F,경기대로742,경기도 오산시,종료(반환),http://openapi.animal.go.kr/openapi/service/rest/fileDownloadSrvc/files/shelter/2026/05/20260514150555.jpg
441399202600814,진도견,기타(갈색),경계가 있으며 공격성을 보임,F,일패동673-1,경기도 남양주시,보호중,http://openapi.animal.go.kr/openapi/service/rest/fileDownloadSrvc/files/shelter/2026/04/202605141605177.png
441378202600615,알라스칸 말라뮤트,검정&흰색,치석심함,M,달래내로343번길,경기도 성남시,종료(반환),http://openapi.animal.go.kr/openapi/service/rest/fileDownloadSrvc/files/shelter/2026/04/20260514180571.jpg
429363202600262,믹스견,흰색,"26-0276 보리, 피부병 있음",F,광산구 하남동,광주광역시 광산구,보호중,http://openapi.animal.go.kr/openapi/service/rest/fileDownloadSrvc/files/shelter/2026/04/202605141605938[1].jpg
429363202600261,믹스견,흰색,26-0275 멍돌,M,광산구 왕버들로252번길 10,광주광역시 광산구,보호중,http://openapi.animal.go.kr/openapi/service/rest/fileDownloadSrvc/files/shelter/2026/04/202605141605916.jpg
429362202600293,푸들,갈색,26-0274 짹슨 내장칩 있음,M,북구 매곡동,광주광역시 북구,종료(반환),http://openapi.animal.go.kr/openapi/service/rest/fileDownloadSrvc/files/shelter/2026/04/202605141405301.jpg
429359202600280,믹스견,검정&흰색,26-0273 레오,M,동구 무등로 301,광주광역시 동구,종료(반환),http://openapi.animal.go.kr/openapi/service/rest/fileDownloadSrvc/files/shelter/2026/04/202605141405962.jpg
429359202600279,푸들,크림색,26-0272 밀크,F,동구 준법로25번길 12,광주광역시 동구,보호중,http://openapi.animal.go.kr/openapi/service/rest/fileDownloadSrvc/files/shelter/2026/04/202605141405115.jpg
428356202600585,말티즈,흰색,"사람 잘 따름, 치아가 몇개안남음, 눈에 살짝 백태, 예쁘고 사랑스러움",F,승학로 217,인천광역시 서구,보호중,http://openapi.animal.go.kr/openapi/service/rest/fileDownloadSrvc/files/shelter/2026/04/202605141205709.jpg
428351202600292,푸들,회색,"발견 당시 카키색하네스를 입고 있었음(사진첨부), 약간의 콧물증상 ",M,숙골로112번길 청운대학교 정문 근처,인천광역시 미추홀구,종료(반환),http://openapi.animal.go.kr/openapi/service/rest/fileDownloadSrvc/files/shelter/2026/05/202605141405566[1].jpg
427514202600100,믹스견,금색&흰색,겁이 많고 사나움,F,우보면 두북리,대구광역시 군위군,보호중,http://openapi.animal.go.kr/openapi/service/rest/fileDownloadSrvc/files/shelter/2026/05/202605141605745.jpg
427514202600099,믹스견,금색&흰색,입질이 심하고 경계심이 높음,M,우보면 두북리,대구광역시 군위군,보호중,http://openapi.animal.go.kr/openapi/service/rest/fileDownloadSrvc/files/shelter/2026/05/202605141605271.jpg
427514202600098,믹스견,갈색&흰색,입질이 심하고 경계심이 높음,M,우보면 두북리,대구광역시 군위군,보호중,http://openapi.animal.go.kr/openapi/service/rest/fileDownloadSrvc/files/shelter/2026/05/20260514160575.jpg
411312202600332,푸들,갈색,"치아 파열, 칩 있음",M,홍은벽산아파트 앞 파리바게트,서울특별시 서대문구,종료(반환),http://openapi.animal.go.kr/openapi/service/rest/fileDownloadSrvc/files/shelter/2026/05/202605141605189.jpg
443445202600318,믹스견,기타(황색),삽살개 믹스인듯함/마이크로칩 없음/전반적인 건강상태 양호,M,진천군 진천읍 덕금로 186,충청북도 진천군,보호중,http://openapi.animal.go.kr/openapi/service/rest/fileDownloadSrvc/files/shelter/2026/05/202605220805501.jpg
442419202600349,시츄,갈색&흰색,"노환, 거동불편",F,한지문화공원,강원특별자치도 원주시,종료(반환),http://openapi.animal.go.kr/openapi/service/rest/fileDownloadSrvc/files/shelter/2026/05/20260521210550.jpg
442426202600051,믹스견,울프그레이,"파란색 목줄 착용, 사람에게 호의적이진 않으나 순종적임. 재구+라이카 믹",F,우천면 내용둔길 275-1,강원특별자치도 횡성군,보호중,http://openapi.animal.go.kr/openapi/service/rest/fileDownloadSrvc/files/shelter/2026/04/202605181405566.jpg
426328202600119,말티즈,흰색,"체크무늬 옷 착용, 미용상태 양호, 온순함",M,영도구 태종로 761 김치찌개 집 ,부산광역시 영도구,보호중,http://openapi.animal.go.kr/openapi/service/rest/fileDownloadSrvc/files/shelter/2026/04/202605181005615.jpg
450650202601155,믹스견,갈색,개체관리번호 0996,F,제주시 한림읍 광산로 782-76,제주특별자치도,보호중,http://openapi.animal.go.kr/openapi/service/rest/fileDownloadSrvc/files/shelter/2026/05/202605140905672.jpg
450650202601154,믹스견,흰색,개체관리번호 0995 - 3개월,F,서귀포시 상예동 중산간서로 1300한라친환경집하장,제주특별자치도,보호중,http://openapi.animal.go.kr/openapi/service/rest/fileDownloadSrvc/files/shelter/2026/05/202605150805925.jpg
450650202601153,믹스견,갈색,개체관리번호 0994 ,F,서귀포시 상예동 중산간서로 1300한라친환경집하장,제주특별자치도,보호중,http://openapi.animal.go.kr/openapi/service/rest/fileDownloadSrvc/files/shelter/2026/05/202605140905538.jpg
450650202601152,믹스견,흰색,개체관리번호 0993 - 3개월,F,서귀포시 표선면 일주동로 5900-101,제주특별자치도,보호중,http://openapi.animal.go.kr/openapi/service/rest/fileDownloadSrvc/files/shelter/2026/05/202605140905121.jpg
450650202601151,믹스견,흰색,개체관리번호 0992 - 3개월,F,서귀포시 표선면 일주동로 5900-101,제주특별자치도,보호중,http://openapi.animal.go.kr/openapi/service/rest/fileDownloadSrvc/files/shelter/2026/05/202605140805459.jpg
450650202601150,믹스견,흰색,개체관리번호 0991 - 3개월,F,서귀포시 표선면 일주동로 5900-101,제주특별자치도,보호중,http://openapi.animal.go.kr/openapi/service/rest/fileDownloadSrvc/files/shelter/2026/05/202605140805413.jpg
450650202601149,믹스견,흰색,개체관리번호 0990 - 3개월,F,서귀포시 표선면 일주동로 5900-101,제주특별자치도,보호중,http://openapi.animal.go.kr/openapi/service/rest/fileDownloadSrvc/files/shelter/2026/05/20260514080510.jpg
450650202601148,믹스견,흰색,개체관리번호 0989 - 3개월,F,서귀포시 표선면 일주동로 5900-101,제주특별자치도,보호중,http://openapi.animal.go.kr/openapi/service/rest/fileDownloadSrvc/files/shelter/2026/05/202605140805499.jpg
450650202601147,믹스견,흰색,개체관리번호 0988 - 3개월,M,서귀포시 표선면 일주동로 5900-101,제주특별자치도,보호중,http://openapi.animal.go.kr/openapi/service/rest/fileDownloadSrvc/files/shelter/2026/05/202605140805835.jpg
450650202601146,믹스견,흰색,개체관리번호 0987 - 3개월,M,서귀포시 표선면 일주동로 5900-101,제주특별자치도,보호중,http://openapi.animal.go.kr/openapi/service/rest/fileDownloadSrvc/files/shelter/2026/05/202605140805740.jpg
450650202601145,믹스견,흰색,개체관리번호 0986 - 3개월,M,서귀포시 표선면 일주동로 5900-101,제주특별자치도,보호중,http://openapi.animal.go.kr/openapi/service/rest/fileDownloadSrvc/files/shelter/2026/05/202605140805642.jpg
450650202601144,믹스견,흰색,개체관리번호 0985 - 3개월,M,서귀포시 표선면 일주동로 5900-101,제주특별자치도,보호중,http://openapi.animal.go.kr/openapi/service/rest/fileDownloadSrvc/files/shelter/2026/05/202605140805382.jpg
450650202601143,믹스견,흰색,개체관리번호 0984 - 3개월,M,서귀포시 표선면 일주동로 5900-101,제주특별자치도,보호중,http://openapi.animal.go.kr/openapi/service/rest/fileDownloadSrvc/files/shelter/2026/05/202605140805645.jpg
450650202601142,믹스견,흰색,개체관리번호 0983 - 5개월,M,서귀포시 동홍동 일주동로 8621 캣츠앤독스,제주특별자치도,보호중,http://openapi.animal.go.kr/openapi/service/rest/fileDownloadSrvc/files/shelter/2026/05/202605150805868.jpg
450650202601141,믹스견,흰색,개체관리번호 0982 - 빨간징목줄,M,서귀포시 색달동 2244-4,제주특별자치도,종료(반환),http://openapi.animal.go.kr/openapi/service/rest/fileDownloadSrvc/files/shelter/2026/05/202605140805446.jpg
450650202601140,믹스견,흰색,개체관리번호 0981 - 3개월,F,서귀포시 남원읍 하례리 1229-11,제주특별자치도,보호중,http://openapi.animal.go.kr/openapi/service/rest/fileDownloadSrvc/files/shelter/2026/05/202605140805304.jpg
450650202601139,믹스견,흰색,개체관리번호 0980 - 3개월,F,서귀포시 남원읍 하례리 1229-11,제주특별자치도,보호중,http://openapi.animal.go.kr/openapi/service/rest/fileDownloadSrvc/files/shelter/2026/05/202605140805404.jpg
450650202601138,믹스견,갈색&검정,개체관리번호 0979 - 7개월/빨녹목줄,M,서귀포시 중문동 1100로 506 탐라대 인근,제주특별자치도,종료(안락사),http://openapi.animal.go.kr/openapi/service/rest/fileDownloadSrvc/files/shelter/2026/05/202605140805556.jpg
450650202601137,믹스견,갈색,개체관리번호 0978 - 6개월/검정목줄,M,서귀포시 남원읍 위미리 4514,제주특별자치도,보호중,http://openapi.animal.go.kr/openapi/service/rest/fileDownloadSrvc/files/shelter/2026/05/202605140805713.jpg
447523202600334,믹스견,갈색,덩치는 산만한 애인데 아직 1살짜리 애기랍니다(반환됨),M,예천읍 통명리,경상북도 예천군,종료(반환),http://openapi.animal.go.kr/openapi/service/rest/fileDownloadSrvc/files/shelter/2026/05/202605151005369.jpeg
446497202600167,믹스견,흰색,홍곡저수지 근처에서 구조된 흰색 암컷 믹스 강아지,F,홍곡저수지 근처,전라남도 영광군,보호중,http://openapi.animal.go.kr/openapi/service/rest/fileDownloadSrvc/files/shelter/2026/05/202605151105327.jpg
442424202600269,믹스견,갈색&검정,인수제로 입소,M,근덕면 맹방해변로1길 141-8,강원특별자치도 삼척시,보호중,http://openapi.animal.go.kr/openapi/service/rest/fileDownloadSrvc/files/shelter/2026/05/20260514110559.jpg
442424202600268,믹스견,갈색&검정,인수제로 입소,M,근덕면 맹방해변로1길 141-8,강원특별자치도 삼척시,보호중,http://openapi.animal.go.kr/openapi/service/rest/fileDownloadSrvc/files/shelter/2026/05/202605141105721.jpg
442424202600267,믹스견,갈색&흰색,인수제로 입소,F,근덕면 맹방해변로1길 141-8,강원특별자치도 삼척시,보호중,http://openapi.animal.go.kr/openapi/service/rest/fileDownloadSrvc/files/shelter/2026/05/202605141105367.jpg
442424202600266,믹스견,갈색&흰색,인수제로 입소,F,근덕면 맹방해변로1길 141-8,강원특별자치도 삼척시,보호중,http://openapi.animal.go.kr/openapi/service/rest/fileDownloadSrvc/files/shelter/2026/05/202605141105609.jpg
442424202600265,믹스견,갈색&검정,인수제로 입소,F,근덕면 맹방해변로1길 141-8,강원특별자치도 삼척시,보호중,http://openapi.animal.go.kr/openapi/service/rest/fileDownloadSrvc/files/shelter/2026/05/202605141105863.jpg
442424202600264,믹스견,갈색&검정&흰색,인수제로 입소,F,근덕면 맹방해변로1길 141-8,강원특별자치도 삼척시,보호중,http://openapi.animal.go.kr/openapi/service/rest/fileDownloadSrvc/files/shelter/2026/05/202605141105116.jpg
442424202600263,믹스견,갈색&검정&흰색,인수제로 입소,M,근덕면 맹방해변로1길 141-8,강원특별자치도 삼척시,보호중,http://openapi.animal.go.kr/openapi/service/rest/fileDownloadSrvc/files/shelter/2026/05/202605141105114.jpg
431371202600277,푸들,흰색,겁 많고 온순함,M,남목초등학교 인근,울산광역시 동구,종료(반환),http://openapi.animal.go.kr/openapi/service/rest/fileDownloadSrvc/files/shelter/2026/04/202605150905801.jpg
448541202600797,믹스견,흰색, 최근 유실,M,창녕읍 여초길,경상남도 창녕군,보호중,http://openapi.animal.go.kr/openapi/service/rest/fileDownloadSrvc/files/shelter/2026/04/202605142105286.jpg
448541202600796,믹스견,흰색, 최근 유실,M,창녕읍 여초길,경상남도 창녕군,보호중,http://openapi.animal.go.kr/openapi/service/rest/fileDownloadSrvc/files/shelter/2026/04/202605142105982.jpg
448541202600795,믹스견,검정색, 최근 유실,F,남지읍 남지중앙길,경상남도 창녕군,보호중,http://openapi.animal.go.kr/openapi/service/rest/fileDownloadSrvc/files/shelter/2026/04/202605142105802.png
448535202600345,믹스견,갈색,"김해시-329, 기력소진, 기력저하",F,김해시 서김해  산단안길 141,경상남도 김해시,보호중,http://openapi.animal.go.kr/openapi/service/rest/fileDownloadSrvc/files/shelter/2026/04/202605140905440.png
448535202600344,믹스견,기타(연갈색),김해시-328,F, 김해시 구산동 308,경상남도 김해시,보호중,http://openapi.animal.go.kr/openapi/service/rest/fileDownloadSrvc/files/shelter/2026/04/202605140905972.png
447525202600160,믹스견,흰색,친근하고 온순함,M,울진읍,경상북도 울진군,보호중,http://openapi.animal.go.kr/openapi/service/rest/fileDownloadSrvc/files/shelter/2026/05/202605141605340.jpg
447525202600159,믹스견,흰색,친근하고 온순함,F,울진읍,경상북도 울진군,보호중,http://openapi.animal.go.kr/openapi/service/rest/fileDownloadSrvc/files/shelter/2026/05/202605141605357.jpg
447525202600158,믹스견,금색&흰색,친근하고 온순함,F,울진읍,경상북도 울진군,보호중,http://openapi.animal.go.kr/openapi/service/rest/fileDownloadSrvc/files/shelter/2026/05/202605141105421.jpg
447516202600057,믹스견,금색&흰색,얌전하나 경계심 있음,M,경북 청송군 안덕면 명당1길 30,경상북도 청송군,보호중,http://openapi.animal.go.kr/openapi/service/rest/fileDownloadSrvc/files/shelter/2026/04/202605141505787.jpg
446499202600093,그레이 하운드,갈색&검정,갈색&검정,M,완도읍 대야이구길77,전라남도 완도군,보호중,http://openapi.animal.go.kr/openapi/service/rest/fileDownloadSrvc/files/shelter/2026/04/202605141005828.jpg
446493202600112,믹스견,갈색&흰색,사람을 경계함.,F,황산면 이목리,전라남도 해남군,보호중,http://openapi.animal.go.kr/openapi/service/rest/fileDownloadSrvc/files/shelter/2026/04/202605131605124[1].jpg
446493202600111,믹스견,갈색&흰색,사람을 경계함.,F,해남읍 송용리,전라남도 해남군,보호중,http://openapi.animal.go.kr/openapi/service/rest/fileDownloadSrvc/files/shelter/2026/04/202605131605501.jpg
446485202600335,믹스견,흰색,온순하며 사람  좋아함,F,가사문학면 연천길 면사무소앞,전라남도 담양군,보호중,http://openapi.animal.go.kr/openapi/service/rest/fileDownloadSrvc/files/shelter/2026/04/202605140905977.jpg
446485202600333,믹스견,갈색&흰색,온순함,F,금성면 시암골로 180-21,전라남도 담양군,보호중,http://openapi.animal.go.kr/openapi/service/rest/fileDownloadSrvc/files/shelter/2026/04/202605140905272.jpg
446485202600331,믹스견,갈색&흰색,온순함,F,금성면 시암골로 180-21,전라남도 담양군,보호중,http://openapi.animal.go.kr/openapi/service/rest/fileDownloadSrvc/files/shelter/2026/04/202605140905912.jpg
446481202600389,비숑 프리제,흰색,온순함,F,연등8길 37,전라남도 여수시,보호중,http://openapi.animal.go.kr/openapi/service/rest/fileDownloadSrvc/files/shelter/2026/05/20260514100543.jpeg
444457202600257,믹스견,흰색,.,F,임천면 위덕로47번길 108,충청남도 부여군,보호중,http://openapi.animal.go.kr/openapi/service/rest/fileDownloadSrvc/files/shelter/2026/05/202605141505671.jpg
444455202600344,믹스견,갈색,전체갈색털에 발은 흰색털임,F,금산읍 진악로953,충청남도 금산군,보호중,http://openapi.animal.go.kr/openapi/service/rest/fileDownloadSrvc/files/shelter/2026/05/202605140905597.png
444455202600343,믹스견,갈색,양쪽 귀가 처져있음,F,추부면 장대길 19,충청남도 금산군,종료(자연사),http://openapi.animal.go.kr/openapi/service/rest/fileDownloadSrvc/files/shelter/2026/05/202605140905253.png
444454202600735,믹스견,갈색&검정&흰색,주황색목줄,F,연무읍,충청남도 논산시,보호중,http://openapi.animal.go.kr/openapi/service/rest/fileDownloadSrvc/files/shelter/2026/04/202605141605118.jpg
443448202600014,믹스견,흰색,공격성이 강해 마취상태에서 인계됨,M,단성면 벌천로 52-1,충청북도 단양군,보호중,http://openapi.animal.go.kr/openapi/service/rest/fileDownloadSrvc/files/shelter/2026/05/202605141005913.jpg
443439202600303,믹스견,갈색,"길거리배회,초록목줄착용,사상충양성",F,수회리 경찰학교 인근,충청북도 충주시,보호중,http://openapi.animal.go.kr/openapi/service/rest/fileDownloadSrvc/files/shelter/2026/05/202605141105679.jpg
441560202600443,믹스견,기타(흰색),온순. 얌전. 배 부분 털 젖음. 꼬리 단미 안됨. 털 상태 양호.  ,F,경기 포천시 군내면 유교로 175-1 인근,경기도 포천시,보호중,http://openapi.animal.go.kr/openapi/service/rest/fileDownloadSrvc/files/shelter/2026/04/202605141605758.jpg
441559202600666,믹스견,기타(흰색),온순. 얌전. 전신 피부질환. 기력없음. 꼬리 단미 안됨. 털 약간 때탐. ,F,경기 양주시 광적면 석우리 129-12 인근,경기도 양주시,보호중,http://openapi.animal.go.kr/openapi/service/rest/fileDownloadSrvc/files/shelter/2026/04/202605141605827.jpg
441559202600665,보더 콜리,기타(갈/검/흰),하네스 착용. 온순. 활발. 사람 좋아함. 꼬리 단미 안됨. 털 상태 양호. 칩 있음. ,F,경기 양주시 남면 감악산로 107 인근,경기도 양주시,보호중,http://openapi.animal.go.kr/openapi/service/rest/fileDownloadSrvc/files/shelter/2026/04/202605141605150.jpg
441409202600433,믹스견,기타(흰색),빨간색 목줄 착용. 온순. 사람 잘 따름. 겁 있음. 꼬리 단미 안됨. 털 상태 양호. ,F,경기 김포시 양촌읍 대곶남로 718 인근,경기도 김포시,보호중,http://openapi.animal.go.kr/openapi/service/rest/fileDownloadSrvc/files/shelter/2026/04/202605141605557.jpg
441406202600495,믹스견,기타(검/흰),겁 있음. 온순. 꼬리 단미 안됨. 털 상태 양호. ,F,경기 파주시 광탄면 마장리 430-32 인근,경기도 파주시,보호중,http://openapi.animal.go.kr/openapi/service/rest/fileDownloadSrvc/files/shelter/2026/05/20260514160518.jpg
441406202600494,믹스견,기타(검/갈/흰),겁 있음. 온순. 꼬리 단미 안됨. 털 상태 양호. ,F,경기 파주시 광탄면 마장리 430-32 인근,경기도 파주시,보호중,http://openapi.animal.go.kr/openapi/service/rest/fileDownloadSrvc/files/shelter/2026/05/20260514160595.jpg
441406202600493,믹스견,기타(흰.갈.검),겁. 온순. 꼬리단미안됨. 털 상태 양호.,F,경기 파주시 광탄면 마장리 430-32,경기도 파주시,보호중,http://openapi.animal.go.kr/openapi/service/rest/fileDownloadSrvc/files/shelter/2026/05/202605141605117.jpg
441406202600492,믹스견,검정색,겁. 온순. 꼬리단미안됨. 털 상태 양호.,M,경기 파주시 광탄면 마장리 430-32 인근,경기도 파주시,보호중,http://openapi.animal.go.kr/openapi/service/rest/fileDownloadSrvc/files/shelter/2026/05/202605141605671.jpg
441406202600491,믹스견,검정&흰색,겁약간. 온순. 초록색바탕 가운데 노란줄 있는 목줄 착용. 꼬리단미안됨. 털 상태 양호.,F,경기 파주시 광탄면 마장리 430-32 인근,경기도 파주시,보호중,http://openapi.animal.go.kr/openapi/service/rest/fileDownloadSrvc/files/shelter/2026/05/202605141605733.jpg
441406202600486,믹스견,검정&흰색,카모색 하네스 착용. 양눈 혼탁. 안으려하면으르렁거림. 방어적입질. 몸통/우후지 탈모추정.,M,경기 파주시 월롱면 누현길 82 인근,경기도 파주시,보호중,http://openapi.animal.go.kr/openapi/service/rest/fileDownloadSrvc/files/shelter/2026/05/202605141505491.jpg
441406202600485,믹스견,흰색,온순.친화적.분홍 코. 눈곱. 눈물자국. 좌 복부 및 사타구니쪽 피부상처 및 손상.,F,경기 파주시 법원읍 갈곡리 일대,경기도 파주시,보호중,http://openapi.animal.go.kr/openapi/service/rest/fileDownloadSrvc/files/shelter/2026/05/202605141505334.jpg
441406202600483,믹스견,흰색,겁 있음. 온순. 코 분홍. 꼬리 단미 안됨. 털 약간 때탐. ,M,경기 파주시 조리읍 능안리 1627 인근,경기도 파주시,보호중,http://openapi.animal.go.kr/openapi/service/rest/fileDownloadSrvc/files/shelter/2026/05/202605141505988.jpg
441393202600574,믹스견,기타(백),"말티푸,순함,노란방울목줄,4개월추정",M,구룡동길68 부근,경기도 안산시,보호중,http://openapi.animal.go.kr/openapi/service/rest/fileDownloadSrvc/files/shelter/2026/05/202605141705826[1].jpg
441374202600547,말티즈,흰색,눈밑 및 사지말단 착색,M,권선구 탑동로57번길 38(탑동),경기도 수원시,보호중,http://openapi.animal.go.kr/openapi/service/rest/fileDownloadSrvc/files/shelter/2026/04/202605140905799.jpg
430364202600342,풍산견,흰색,초록 목태 . 농장 피해(닭 28마리 폐사),M,이사동 258-5,대전광역시 동구,종료(반환),http://openapi.animal.go.kr/openapi/service/rest/fileDownloadSrvc/files/shelter/2026/04/202605141405178.png
411306202600325,믹스견,갈색&검정,온순. 얌전. 꼬리 단미 안됨. 털 상태 양호. ,M,서울 중랑구 면목동 용마산,서울특별시 중랑구,종료(반환),http://openapi.animal.go.kr/openapi/service/rest/fileDownloadSrvc/files/shelter/2026/04/202605141605994.jpg
411300202600346,믹스견,갈색&검정&흰색,온순. 얌전. 꼬리 단미 안됨. 털 상태 양호. ,F,서울 종로구 평창문화로 70 (평창동),서울특별시 종로구,보호중,http://openapi.animal.go.kr/openapi/service/rest/fileDownloadSrvc/files/shelter/2026/04/202605141605919.jpg
411300202600345,믹스견,갈색&검정,온순. 얌전. 꼬리 단미 안됨. 털 상태 양호.,M,서울 종로구 평창문화로 70 (평창동),서울특별시 종로구,보호중,http://openapi.animal.go.kr/openapi/service/rest/fileDownloadSrvc/files/shelter/2026/04/202605141605875.jpg
411300202600344,믹스견,갈색&검정,온순. 얌전. 꼬리 단미 안됨. 털 상태 양호.,F,서울 종로구 평창문화로 70 (평창동),서울특별시 종로구,보호중,http://openapi.animal.go.kr/openapi/service/rest/fileDownloadSrvc/files/shelter/2026/04/202605141605168.jpg
411300202600343,믹스견,갈색&검정,온순. 얌전. 꼬리 단미 안됨. 털 상태 양호.,F,서울 종로구 평창문화로 70 (평창동),서울특별시 종로구,보호중,http://openapi.animal.go.kr/openapi/service/rest/fileDownloadSrvc/files/shelter/2026/04/202605141605342[1].jpg
411300202600342,믹스견,갈색&검정,온순. 얌전. 꼬리 단미 안됨. 털 상태 양호.,F,서울 종로구 평창문화로 70 (평창동),서울특별시 종로구,보호중,http://openapi.animal.go.kr/openapi/service/rest/fileDownloadSrvc/files/shelter/2026/04/202605141605873[1].jpg
448567202600650,믹스견,검정&흰색,"26년 2월생 추정, 4남매 입소, 남매들 중 가장 큼, 손길 거부감 없음",M,마산합포구 구산면 옥계리 562,경상남도 창원시 의창성산구,보호중,http://openapi.animal.go.kr/openapi/service/rest/fileDownloadSrvc/files/shelter/2026/04/202605131705996.jpg
448567202600649,믹스견,갈색&검정&흰색,"26년 2월생 추정, 4남매 입소, 남매들 중 유일한 갈색, 손길 거부감 없음",M,마산합포구 구산면 옥계리 562,경상남도 창원시 의창성산구,보호중,http://openapi.animal.go.kr/openapi/service/rest/fileDownloadSrvc/files/shelter/2026/04/20260513170587.jpg
448567202600648,믹스견,검정&흰색,"26년 2월생 추정, 4남매 입소, 남자 아이들 중 가장 작음, 손길 거부감 없음",M,마산합포구 구산면 옥계리 562,경상남도 창원시 의창성산구,보호중,http://openapi.animal.go.kr/openapi/service/rest/fileDownloadSrvc/files/shelter/2026/04/202605131705801[1].jpg
448567202600647,믹스견,검정&흰색,"26년 2월생 추정, 4남매 입소, 남매들 중 가장 작음, 손길 거부감 없음",F,마산합포구 구산면 옥계리 562,경상남도 창원시 의창성산구,보호중,http://openapi.animal.go.kr/openapi/service/rest/fileDownloadSrvc/files/shelter/2026/04/202605131705525[2].jpg
448567202600646,믹스견,흰색&황갈색,"빨간 목줄 착용, 기본 교육되어 있음, 보호자와 연락됨",F,진해구 자은동 청룡사 약수터,경상남도 창원시 의창성산구,종료(반환),http://openapi.animal.go.kr/openapi/service/rest/fileDownloadSrvc/files/shelter/2026/04/202605131605535.jpg
448567202600638,스피츠,흰색,"내장칩 있음, 보호자와 연락 중, 목줄+리드줄 착용",F,마산회원구 내서읍 중리 트라이얼마트 내서점,경상남도 창원시 의창성산구,종료(반환),http://openapi.animal.go.kr/openapi/service/rest/fileDownloadSrvc/files/shelter/2026/04/202605130705582.jpg
448548202600473,믹스견,검정&흰색,마을배회 ,M,야로면,경상남도 합천군,보호중,http://openapi.animal.go.kr/openapi/service/rest/fileDownloadSrvc/files/shelter/2026/04/202605131905621.jpg
448548202600472,믹스견,갈색&검정,마을배회 ,F,야로면,경상남도 합천군,보호중,http://openapi.animal.go.kr/openapi/service/rest/fileDownloadSrvc/files/shelter/2026/04/202605131905541.jpg
448548202600471,믹스견,흰색,마을에 발견 ,M,쌍백면,경상남도 합천군,보호중,http://openapi.animal.go.kr/openapi/service/rest/fileDownloadSrvc/files/shelter/2026/04/202605131905566.jpg
448542202600555,믹스견,크림색,관리번호 6-061,M,마암면 화산4길 204-16,경상남도 고성군,보호중,http://openapi.animal.go.kr/openapi/service/rest/fileDownloadSrvc/files/shelter/2026/04/202605131505328.jpeg
448542202600554,믹스견,갈색,관리번호 6-060,F,개천면 나선리 975,경상남도 고성군,보호중,http://openapi.animal.go.kr/openapi/service/rest/fileDownloadSrvc/files/shelter/2026/04/202605131505591.jpeg
448542202600553,믹스견,크림색,관리번호 6-059,M,마암면 성전리 310,경상남도 고성군,보호중,http://openapi.animal.go.kr/openapi/service/rest/fileDownloadSrvc/files/shelter/2026/04/202605131505601.jpeg
448536202600367,말티즈,흰색,"내장칩 있음, 반환 예정",M,상남면,경상남도 밀양시,종료(반환),http://openapi.animal.go.kr/openapi/service/rest/fileDownloadSrvc/files/shelter/2026/04/202605131005623.jpg
448534202600507,골든 리트리버,크림색,리트리버 믹스,F,곤양면 만지 인근,경상남도 사천시,보호중,http://openapi.animal.go.kr/openapi/service/rest/fileDownloadSrvc/files/shelter/2026/05/202605131105866.jpg
448534202600506,골든 리트리버,크림색,리트리버 믹스,F,곤양면 만지 인근,경상남도 사천시,보호중,http://openapi.animal.go.kr/openapi/service/rest/fileDownloadSrvc/files/shelter/2026/05/202605131005885.jpg
448531202600866,믹스견,갈색&흰색,착하고 순함 (GPS 착용중),F,진주시 지수면 청담리 166,경상남도 진주시,종료(반환),http://openapi.animal.go.kr/openapi/service/rest/fileDownloadSrvc/files/shelter/2026/05/202605131505677.jpg
447520202600116,믹스견,갈색&검정,병원 주자창에 돌아다니다 포획,M,대가야읍 헌문리 부근,경상북도 고령군,보호중,http://openapi.animal.go.kr/openapi/service/rest/fileDownloadSrvc/files/shelter/2026/04/202605131305605.jpg
447520202600115,믹스견,갈색,길에 돌아다니다 포획,M,대가야읍 벽화길33,경상북도 고령군,보호중,http://openapi.animal.go.kr/openapi/service/rest/fileDownloadSrvc/files/shelter/2026/04/202605131305461.jpg
447520202600114,믹스견,갈색&검정,소방서 근처 배회하다 포획,M,대가야읍 고령소방서,경상북도 고령군,보호중,http://openapi.animal.go.kr/openapi/service/rest/fileDownloadSrvc/files/shelter/2026/04/202605131305349.jpg
447513202600528,믹스견,갈색&검정,"페키니즈 믹스, 인근 동네에서 발견하여 구조",F,압량 부적리,경상북도 경산시,보호중,http://openapi.animal.go.kr/openapi/service/rest/fileDownloadSrvc/files/shelter/2026/05/202605132005183[1].jpg
447513202600527,믹스견,갈색&검정,"블랙탄, 생후 4개월령 추정, 인근 동네에서 배회하여 구조",M,압량 당음리,경상북도 경산시,보호중,http://openapi.animal.go.kr/openapi/service/rest/fileDownloadSrvc/files/shelter/2026/05/202605132005178.jpg
447513202600526,믹스견,크림색,"생후 80일령 추정, 인근 동네에서 발견하여 구조",M,압량 부적리,경상북도 경산시,보호중,http://openapi.animal.go.kr/openapi/service/rest/fileDownloadSrvc/files/shelter/2026/05/202605132005674.jpg
447513202600525,믹스견,갈색&흰색,"생후 40일령 추정, 인근 마을에서 발견하여 구조",F,진량 금박로,경상북도 경산시,보호중,http://openapi.animal.go.kr/openapi/service/rest/fileDownloadSrvc/files/shelter/2026/05/202605132005762.jpg
447513202600524,믹스견,크림색,"생후 40일령 추정, 인근 마을에서 발견하여 구조",M,진량 금박로,경상북도 경산시,보호중,http://openapi.animal.go.kr/openapi/service/rest/fileDownloadSrvc/files/shelter/2026/05/202605132005399.jpg
447513202600523,믹스견,흰색,"생후 40일령 추정, 인근 마을에서 발견하여 구조",M,진량 금박로,경상북도 경산시,보호중,http://openapi.animal.go.kr/openapi/service/rest/fileDownloadSrvc/files/shelter/2026/05/202605132005683.jpg
447513202600522,믹스견,흰색,"생후 40일령 추정, 인근 마을에서 발견하여 구조",F,진량 금박로,경상북도 경산시,보호중,http://openapi.animal.go.kr/openapi/service/rest/fileDownloadSrvc/files/shelter/2026/05/202605132005310.jpg
447513202600521,믹스견,갈색&검정,"생후 40일령 추정, 인근 마을에서 발견하여 구조",M,진량 평사리,경상북도 경산시,보호중,http://openapi.animal.go.kr/openapi/service/rest/fileDownloadSrvc/files/shelter/2026/05/202605132005318.jpg
447513202600520,믹스견,갈색&검정,"생후 40일령 추정, 인근 마을에서 발견하여 구조",F,진량 평사리,경상북도 경산시,보호중,http://openapi.animal.go.kr/openapi/service/rest/fileDownloadSrvc/files/shelter/2026/05/202605132005166.jpg
447513202600519,믹스견,갈색&검정,"생후 50일령 추정, 인근 마을에서 발견하여 구조",F,진량 평사리,경상북도 경산시,보호중,http://openapi.animal.go.kr/openapi/service/rest/fileDownloadSrvc/files/shelter/2026/05/202605132005410.jpg
447513202600518,믹스견,갈색&검정&흰색,인근 마을에서 발견하여 구조,F,진량 평사리,경상북도 경산시,종료(자연사),http://openapi.animal.go.kr/openapi/service/rest/fileDownloadSrvc/files/shelter/2026/05/202605131005601.jpg
447513202600517,믹스견,갈색&검정,인근 마을에서 발견하여 구조,F,진량 평사리,경상북도 경산시,보호중,http://openapi.animal.go.kr/openapi/service/rest/fileDownloadSrvc/files/shelter/2026/05/202605131005840.jpg
447511202600626,믹스견,갈색&검정&흰색,맨몸상태 온순함 ,M,상주시 낙동면 비룡4길 일대,경상북도 상주시,보호중,http://openapi.animal.go.kr/openapi/service/rest/fileDownloadSrvc/files/shelter/2026/05/202605131405432.jpg
447511202600625,믹스견,갈색&흰색,맨몸상태 온순함,F,상주시 낙동면 비룡4길 일대,경상북도 상주시,보호중,http://openapi.animal.go.kr/openapi/service/rest/fileDownloadSrvc/files/shelter/2026/05/202605131405589.jpg
447506202600168,믹스견,검정색,어리고 순함,F,직지사 중암,경상북도 김천시,보호중,http://openapi.animal.go.kr/openapi/service/rest/fileDownloadSrvc/files/shelter/2026/04/202605131605108.jpg
447506202600167,믹스견,흰색,어리고 순함,F,직지사 중암,경상북도 김천시,보호중,http://openapi.animal.go.kr/openapi/service/rest/fileDownloadSrvc/files/shelter/2026/04/202605131605952.jpg
447506202600166,믹스견,검정&황갈색,어리고 순함,M,직지사 중암,경상북도 김천시,보호중,http://openapi.animal.go.kr/openapi/service/rest/fileDownloadSrvc/files/shelter/2026/04/202605131605668.jpg
447506202600165,믹스견,갈색&흰색,"야생성 매우 강하고 엄청 공격적임, 자견 3마리",F,직지사 중암,경상북도 김천시,보호중,http://openapi.animal.go.kr/openapi/service/rest/fileDownloadSrvc/files/shelter/2026/04/202605131605686.jpg
447505202600435,믹스견,검정색,"앉아,엎드려,손 못하는게 없고 사람좋은 천재 똑똑강아지!!!",M,서면 119,경상북도 경주시,보호중,http://openapi.animal.go.kr/openapi/service/rest/fileDownloadSrvc/files/shelter/2026/05/202605131505200.jpg
446496202600175,믹스견,갈색,피부병치료요함,F,월야면 용머리길 174,전라남도 함평군,보호중,http://openapi.animal.go.kr/openapi/service/rest/fileDownloadSrvc/files/shelter/2026/04/202605131505231.jpg
446496202600174,믹스견,흰색,경계심,M,함평군119동물구조대,전라남도 함평군,보호중,http://openapi.animal.go.kr/openapi/service/rest/fileDownloadSrvc/files/shelter/2026/04/202605131505196.jpg
446492202600032,웰시 코기 펨브로크,갈색&흰색,기질이 온순하여 사람을 잘 따르고 얌전함,F,전남 강진군 강진읍 주앙로207 주변,전라남도 강진군,종료(반환),http://openapi.animal.go.kr/openapi/service/rest/fileDownloadSrvc/files/shelter/2026/04/202605131405673.jpg
446488202600104,믹스견,황갈색,연한 갈색의 풍성한 장모와 처진 얼굴 털이 특징인 믹스견,M,도양읍,전라남도 고흥군,보호중,http://openapi.animal.go.kr/openapi/service/rest/fileDownloadSrvc/files/shelter/2026/05/202605131805357.jpeg
446488202600103,믹스견,황갈색,갈색 곱슬 털에 얼굴 털이 풍성하고 작은 체형의 어린 믹스견,F,도양읍,전라남도 고흥군,보호중,http://openapi.animal.go.kr/openapi/service/rest/fileDownloadSrvc/files/shelter/2026/05/202605131805185.jpeg
446488202600102,믹스견,황갈색,연한 갈색 털에 수염처럼 긴 얼굴 털과 처진 귀를 가진 어린 믹스견,F,도양읍,전라남도 고흥군,보호중,http://openapi.animal.go.kr/openapi/service/rest/fileDownloadSrvc/files/shelter/2026/05/202605131705124.jpeg
446488202600101,믹스견,황갈색,연갈색 털에 처진 귀와 흰 발끝 무늬가 있는 중형 믹스견,F,도양읍,전라남도 고흥군,보호중,http://openapi.animal.go.kr/openapi/service/rest/fileDownloadSrvc/files/shelter/2026/05/20260513170552.jpeg
446488202600100,믹스견,갈색&흰색,연갈색 털에 흰 가슴무늬와 한쪽 접힌 귀를 가진 어린 믹스견,F,봉래면,전라남도 고흥군,보호중,http://openapi.animal.go.kr/openapi/service/rest/fileDownloadSrvc/files/shelter/2026/05/202605131705220.jpeg
446488202600099,믹스견,검정&흰색,검정·갈색·흰색 혼합 털에 흰 수염 모양 얼굴무늬가 있는 어린 믹스견,F,영남면,전라남도 고흥군,보호중,http://openapi.animal.go.kr/openapi/service/rest/fileDownloadSrvc/files/shelter/2026/05/202605131705709.jpeg
446486202600070,믹스견,갈색,들개 신고로 포획,F,곡성읍 묘천리,전라남도 곡성군,보호중,http://openapi.animal.go.kr/openapi/service/rest/fileDownloadSrvc/files/shelter/2026/04/202605131905829.jpg
446486202600069,믹스견,검정색,새끼만 입소. 체리아이,M,죽곡면 대황강로,전라남도 곡성군,보호중,http://openapi.animal.go.kr/openapi/service/rest/fileDownloadSrvc/files/shelter/2026/04/202605131805256[1].jpg
446483202600679,믹스견,흰색,하우스주변매일출몰 포획틀에구조,F,나주시봉황면송현리1065,전라남도 나주시,보호중,http://openapi.animal.go.kr/openapi/service/rest/fileDownloadSrvc/files/shelter/2026/04/202605131705239.jpg
446483202600678,믹스견,검정색,남평한우촌주변매일출몰 포획구조,F,나주시남평1로82-10남평한우촌주변,전라남도 나주시,보호중,http://openapi.animal.go.kr/openapi/service/rest/fileDownloadSrvc/files/shelter/2026/04/202605131705593.jpg
446481202600387,믹스견,흰색,온순함 /  동물인수제로 인한 입소,M,신월5길 80,전라남도 여수시,보호중,http://openapi.animal.go.kr/openapi/service/rest/fileDownloadSrvc/files/shelter/2026/05/202605131505961.jpeg
446481202600385,믹스견,갈색,온순함,M,무선 화산로 94 인도변,전라남도 여수시,보호중,http://openapi.animal.go.kr/openapi/service/rest/fileDownloadSrvc/files/shelter/2026/05/202605131105905.jpeg
445479202600485,믹스견,갈색&흰색,목줄착용.,M, 줄포면 신정로 9-3,전북특별자치도 부안군,보호중,http://openapi.animal.go.kr/openapi/service/rest/fileDownloadSrvc/files/shelter/2026/05/202605131505624.jpg
445471202600166,믹스견,갈색,순하다,F,소방서,전북특별자치도 김제시,보호중,http://openapi.animal.go.kr/openapi/service/rest/fileDownloadSrvc/files/shelter/2026/05/202605131505732.jpg
445471202600165,믹스견,흰색,목이 다침,M,소방서,전북특별자치도 김제시,보호중,http://openapi.animal.go.kr/openapi/service/rest/fileDownloadSrvc/files/shelter/2026/05/202605131505785.jpg
445468202601169,믹스견,갈색&흰색,"들개 생활을 해, 경계심이 심한 편임",F,익산시 금마면 산북리 공수부대 훈련장 주변,전북특별자치도 익산시,보호중,http://openapi.animal.go.kr/openapi/service/rest/fileDownloadSrvc/files/shelter/2026/05/20260513160547.jpg
445468202601168,믹스견,갈색&흰색,"들개 생활을 해, 경계심이 심한 편이며 젖이 불어있음",F,익산시 금마면 산북리 공수부대 훈련장 주변,전북특별자치도 익산시,보호중,http://openapi.animal.go.kr/openapi/service/rest/fileDownloadSrvc/files/shelter/2026/05/202605131505245.jpg
445468202601167,믹스견,검정&흰색,"들개 생활을 해, 경계심이 심한 편임",M,익산시 금마면 산북리 공수부대 훈련장 주변,전북특별자치도 익산시,보호중,http://openapi.animal.go.kr/openapi/service/rest/fileDownloadSrvc/files/shelter/2026/05/20260513150595.jpg
445468202601162,믹스견,갈색&검정&흰색,생후 2개월이 조금 넘어보이며 순하고 사람을 좋아함,F,익산시 함열읍 두라길 57-11,전북특별자치도 익산시,보호중,http://openapi.animal.go.kr/openapi/service/rest/fileDownloadSrvc/files/shelter/2026/05/202605131305115.jpg
445467202600989,푸들,흰색,6살추정 순함 칩o,M,사정동 금호1차,전북특별자치도 군산시,종료(반환),http://openapi.animal.go.kr/openapi/service/rest/fileDownloadSrvc/files/shelter/2026/05/202605131705808.jpg
445464202601694,진도견,흰색,젖이 불어있음,F,삼천우성 2차,전북특별자치도 전주시,종료(반환),http://openapi.animal.go.kr/openapi/service/rest/fileDownloadSrvc/files/shelter/2026/05/202605131605734.jpg
444568202600238,믹스견,"기타(갈,흰,검)","3개월, 순함, 코로나 종합백신 1차 완료(2026/05/13)",M,당진시 송산면 삼월리 53-4,충청남도 당진시,보호중,http://openapi.animal.go.kr/openapi/service/rest/fileDownloadSrvc/files/shelter/2026/04/202605131305190.jpg
444568202600237,믹스견,갈색&검정,"3개월, 순함, 코로나 종합백신 1차 완료(2026/05/13)",M,당진시 송산면 삼월리 53-4,충청남도 당진시,보호중,http://openapi.animal.go.kr/openapi/service/rest/fileDownloadSrvc/files/shelter/2026/04/202605131305305.jpg
444568202600236,믹스견,검정 황갈색&흰색,"경계함. 심장사상충 양성. 광견병, 종합백신 완료(05/13)",F,당진시 순성면 대촌2길 84-4,충청남도 당진시,보호중,http://openapi.animal.go.kr/openapi/service/rest/fileDownloadSrvc/files/shelter/2026/05/20260513130560.jpg
444462202600411,믹스견,흰색,"예민함,목 하부 교상심함",F,옥파로 1216,충청남도 태안군,보호중,http://openapi.animal.go.kr/openapi/service/rest/fileDownloadSrvc/files/shelter/2026/04/202605131705656.jpg
444451202600487,믹스견,갈색&검정,.,M,천북119안전센터,충청남도 보령시,종료(반환),http://openapi.animal.go.kr/openapi/service/rest/fileDownloadSrvc/files/shelter/2026/05/202605131005177.jpg
444451202600486,믹스견,흰색,.,F,주포119안전센터,충청남도 보령시,보호중,http://openapi.animal.go.kr/openapi/service/rest/fileDownloadSrvc/files/shelter/2026/05/202605131005233.jpg
444449202601158,믹스견,갈색&흰색,"6마리 함께 구조, 순함, 2개월 추정",M,서북구 직산읍 삼은리 1-8 땅콩 밭 인근,충청남도 천안시,보호중,http://openapi.animal.go.kr/openapi/service/rest/fileDownloadSrvc/files/shelter/2026/05/202605131305456.jpg
444449202601157,믹스견,갈색&흰색,"6마리 함께 구조, 순함, 2개월 추정",M,서북구 직산읍 삼은리 1-8 땅콩 밭 인근,충청남도 천안시,보호중,http://openapi.animal.go.kr/openapi/service/rest/fileDownloadSrvc/files/shelter/2026/05/20260513130562[1].jpg
444449202601156,믹스견,갈색&흰색,"6마리 함께 구조, 순함, 2개월 추정 ",M,서북구 직산읍 삼은리 1-8 땅콩 밭 인근,충청남도 천안시,보호중,http://openapi.animal.go.kr/openapi/service/rest/fileDownloadSrvc/files/shelter/2026/05/202605131305804.jpg
444449202601155,믹스견,검정&흰색,"6마리 함께 구조, 순함, 2개월 추정 ",M,서북구 직산읍 삼은리 1-8 땅콩 밭 인근,충청남도 천안시,보호중,http://openapi.animal.go.kr/openapi/service/rest/fileDownloadSrvc/files/shelter/2026/05/202605131305946.jpg
443571202601139,믹스견,갈색&검정&흰색,"2개월령 추정, 자견 6마리와 모견 함께 입소",F,현도면 중산리,충청북도 청주시,보호중,http://openapi.animal.go.kr/openapi/service/rest/fileDownloadSrvc/files/shelter/2026/05/202605131705586.jpeg
443571202601138,믹스견,갈색&검정&흰색,"2개월령 추정, 자견 6마리와 모견 함께 입소",F,현도면 중산리,충청북도 청주시,보호중,http://openapi.animal.go.kr/openapi/service/rest/fileDownloadSrvc/files/shelter/2026/05/202605131705344.jpeg
443571202601137,믹스견,검정&은색,"2개월령 추정, 자견 6마리와 모견 함께 입소",F,현도면 중산리,충청북도 청주시,보호중,http://openapi.animal.go.kr/openapi/service/rest/fileDownloadSrvc/files/shelter/2026/05/202605131705957.jpeg
443571202601136,믹스견,검정&은색,"2개월령 추정, 자견 6마리와 모견 함께 입소",M,현도면 중산리,충청북도 청주시,보호중,http://openapi.animal.go.kr/openapi/service/rest/fileDownloadSrvc/files/shelter/2026/05/202605131705862.jpeg
443571202601135,믹스견,검정&흰색,"2개월령 추정, 자견 6마리와 모견 함께 입소",M,현도면 중산리,충청북도 청주시,보호중,http://openapi.animal.go.kr/openapi/service/rest/fileDownloadSrvc/files/shelter/2026/05/202605131705105.jpeg
443571202601134,믹스견,검정&흰색,"2개월령 추정, 자견 6마리와 모견 함께 입소",M,현도면 중산리,충청북도 청주시,보호중,http://openapi.animal.go.kr/openapi/service/rest/fileDownloadSrvc/files/shelter/2026/05/202605131705720.jpeg
443571202601133,믹스견,갈색&검정,"자견 여섯마리의 모견, 순한성격 사람이 다가오면 발라당해줌",F,현도면 중산리,충청북도 청주시,보호중,http://openapi.animal.go.kr/openapi/service/rest/fileDownloadSrvc/files/shelter/2026/04/202605171205578.jpeg
443571202601132,믹스견,갈색&흰색,"피부병 있어 치료약 급여, 순한성격",F,청원구 상리로 29번길 부근,충청북도 청주시,보호중,http://openapi.animal.go.kr/openapi/service/rest/fileDownloadSrvc/files/shelter/2026/05/202605131705517.jpeg
443571202601131,믹스견,흰색,순하며 사람을 좋아하는 성격(입양 전제 임시보호 중),F,서원구 남이면 남석로 151번지 부근,충청북도 청주시,보호중,http://openapi.animal.go.kr/openapi/service/rest/fileDownloadSrvc/files/shelter/2026/05/202605131705191.jpeg
443439202600302,믹스견,갈색&흰색,"106번 자견, 107~109번과 함께 구조/사상충 음성",M,연수초등학교 인근,충청북도 충주시,보호중,http://openapi.animal.go.kr/openapi/service/rest/fileDownloadSrvc/files/shelter/2026/05/202605131605538.jpg
443439202600301,믹스견,갈색,"106번 자견, 107~109번과 함께 구조/사상충 음성",M,연수초등학교 인근,충청북도 충주시,보호중,http://openapi.animal.go.kr/openapi/service/rest/fileDownloadSrvc/files/shelter/2026/05/202605131605274.jpg
443439202600300,믹스견,갈색,"106번 자견, 107~109번과 함께 구조/사상충 음성",M,연수초등학교 인근,충청북도 충주시,보호중,http://openapi.animal.go.kr/openapi/service/rest/fileDownloadSrvc/files/shelter/2026/05/202605131605187.jpg
443439202600298,믹스견,갈색&흰색,"자견들과 함께구조(107,108,109번)/사상충 음성",F,연수초등학교 인근,충청북도 충주시,보호중,http://openapi.animal.go.kr/openapi/service/rest/fileDownloadSrvc/files/shelter/2026/05/202605131605997.jpg
442429202600197,푸들,갈색,온순함,F,북평면 남평리 마을회관 부근,강원특별자치도 정선군,보호중,http://openapi.animal.go.kr/openapi/service/rest/fileDownloadSrvc/files/shelter/2026/04/202605131305401.jpg
441570202600211,믹스견,기타(흰색흑갈색),"사람을 좋아하며, 매우온순함",F,대신면 당산리,경기도 여주시,보호중,http://openapi.animal.go.kr/openapi/service/rest/fileDownloadSrvc/files/shelter/2026/04/202605131205923.jpg
441570202600210,믹스견,기타(흰색흑갈색),"사람을 좋아하며, 매우온순함",M,대신면 당산리,경기도 여주시,보호중,http://openapi.animal.go.kr/openapi/service/rest/fileDownloadSrvc/files/shelter/2026/04/202605131205185[1].jpg
441570202600209,사모예드,흰색,"사람을 좋아하며, 매우온순함",M,홍문동 세종로,경기도 여주시,보호중,http://openapi.animal.go.kr/openapi/service/rest/fileDownloadSrvc/files/shelter/2026/04/202605131205253.jpg
441554202600996,푸들,갈색,"5-40, 칩없음, 방치견으로 인수제도로 입소, 털엉킴 심한 상태, 온순함",M,광주시 도척로 일대,경기도 광주시,보호중,http://openapi.animal.go.kr/openapi/service/rest/fileDownloadSrvc/files/shelter/2026/04/202605131805107.jpg
441554202600995,미니어쳐 닥스훈트,흑갈색,"5-39, 칩없음, 방치견으로 인수제도로 입소, 온순한성격에 귀여운 외모",M,광주시 도척로 일대,경기도 광주시,보호중,http://openapi.animal.go.kr/openapi/service/rest/fileDownloadSrvc/files/shelter/2026/04/202605131805961.jpg
441554202600994,믹스견,흰색,"5-38, 칩없음, 동네 배회견, 소심한 성격",Q,광주시 퇴촌면 영동리 일대,경기도 광주시,보호중,http://openapi.animal.go.kr/openapi/service/rest/fileDownloadSrvc/files/shelter/2026/04/202605131805889.jpg
441553202601648,골든 리트리버,크림색,"순하고 사람을 잘따름/ 청색,회색줄무늬 목줄을 하고 있음",F,포승 장안로인근,경기도 화성시,보호중,http://openapi.animal.go.kr/openapi/service/rest/fileDownloadSrvc/files/shelter/2026/05/20260513130585.jpg
441407202600521,믹스견,흰색&황갈색,"사람을 좋아하며, 매우온순함",F,모가면 서경리,경기도 이천시,보호중,http://openapi.animal.go.kr/openapi/service/rest/fileDownloadSrvc/files/shelter/2026/04/202605131205484.jpg
441407202600520,믹스견,흰색&황갈색,"사람을 좋아하며, 매우온순함",F,모가면 서경리,경기도 이천시,보호중,http://openapi.animal.go.kr/openapi/service/rest/fileDownloadSrvc/files/shelter/2026/04/202605131205635.jpg
441407202600519,믹스견,흰색&황갈색,"사람을 좋아하며, 매우온순함",F,모가면 서경리,경기도 이천시,보호중,http://openapi.animal.go.kr/openapi/service/rest/fileDownloadSrvc/files/shelter/2026/04/202605131205782[1].jpg
441407202600518,믹스견,흰색&황갈색,"사람을 좋아하며, 매우온순함",F,모가면 서경리,경기도 이천시,보호중,http://openapi.animal.go.kr/openapi/service/rest/fileDownloadSrvc/files/shelter/2026/04/202605131205623.jpg
441406202600473,믹스견,흰색&황갈색,"온순하고 사람 손을 탐(간식 받아먹음), 현재 파주시 명예동물보호관이 보호중(한국동물구조협회 보호x)",F,경기도 파주시 파평면 금마루4길 인근,경기도 파주시,보호중,http://openapi.animal.go.kr/openapi/service/rest/fileDownloadSrvc/files/shelter/2026/04/202605131005503.jpg
441405202601215,믹스견,검정색,활발하고 귀여운 아이,M,수지구 신봉1로347번길 56-1,경기도 용인시,종료(반환),http://openapi.animal.go.kr/openapi/service/rest/fileDownloadSrvc/files/shelter/2026/04/202605131605104.jpg
441405202601213,믹스견,검정색,"빨간색 목줄 착용, 순하고 귀여운 아이",F,처인구 호동로38번길 11,경기도 용인시,보호중,http://openapi.animal.go.kr/openapi/service/rest/fileDownloadSrvc/files/shelter/2026/04/202605131505487.jpg
441405202601212,믹스견,크림색,"빨간색 목줄 착용, 짧은 꼬리, 얌전하고 귀여운 아이",F,처인구 원삼면 문촌로 148,경기도 용인시,보호중,http://openapi.animal.go.kr/openapi/service/rest/fileDownloadSrvc/files/shelter/2026/04/202605131505460.jpg
441405202601211,프렌치 불독,"기타(갈, 흰색)",귀여운 아이,F,수지구 수지로 41(광교 현대프레미오APT),경기도 용인시,종료(반환),http://openapi.animal.go.kr/openapi/service/rest/fileDownloadSrvc/files/shelter/2026/04/20260513140588.jpg
441394202600931,믹스견,황갈색,없음,M,용두동 221 부근,경기도 고양시,보호중,http://openapi.animal.go.kr/openapi/service/rest/fileDownloadSrvc/files/shelter/2026/05/202605131505635.jpg
441394202600930,말티즈,흰색,민트색 옷 착용,M,마두동 1004 부근,경기도 고양시,종료(반환),http://openapi.animal.go.kr/openapi/service/rest/fileDownloadSrvc/files/shelter/2026/05/202605131505289[2].jpg
441394202600923,믹스견,옅은 황색,부상견,M,용두동 426-1 부근,경기도 고양시,보호중,http://openapi.animal.go.kr/openapi/service/rest/fileDownloadSrvc/files/shelter/2026/05/202605131305433.jpg
441393202600569,믹스견,기타(백갈),"겁많음,나이미상,성별미상,얼굴다리피부병심함,빨강파랑목줄착용",Q,장상동 537-10 부근,경기도 안산시,보호중,http://openapi.animal.go.kr/openapi/service/rest/fileDownloadSrvc/files/shelter/2026/04/202605131705662.jpg
441390202600175,푸들,기타(갈),"털엉킴심함,순함",M,광명시청에서 인수,경기도 광명시,종료(반환),http://openapi.animal.go.kr/openapi/service/rest/fileDownloadSrvc/files/shelter/2026/04/202605131805444.jpg
441383202600193,믹스견,기타(흑갈백),"나이미상,순함",M,박달동 616-9 부근,경기도 안양시,보호중,http://openapi.animal.go.kr/openapi/service/rest/fileDownloadSrvc/files/shelter/2026/04/202605131705393.jpg
431370202600254,말티즈,흰색,"구조시 눈까지 털 덮여있었고 파란색기저귀착용, 말랐음, 신고자분이 데려다줌",M,남구 달동 일대,울산광역시 남구,종료(반환),http://openapi.animal.go.kr/openapi/service/rest/fileDownloadSrvc/files/shelter/2026/04/202605131605933.jpg
428358202600104,믹스견,노란색,"약간의콧물, 온순하고 사람을 잘 따르는 편임",M,옹진군 백령면 사무소,인천광역시 옹진군,보호중,http://openapi.animal.go.kr/openapi/service/rest/fileDownloadSrvc/files/shelter/2026/04/202605131205439.jpg
428357202600706,믹스견,갈색,교통사고로 병원 이송.,F,강화우체국앞 도로변,인천광역시 강화군,종료(자연사),http://openapi.animal.go.kr/openapi/service/rest/fileDownloadSrvc/files/shelter/2026/05/202605131105175.jpg
428356202600581,비숑 프리제,흰색,"푸숑 추정, 턱 주변과 발이 거뭇거뭇함, 털엉킴, 귀엽고 활발함, 사랑스러움",M,가좌1동 143-15,인천광역시 서구,보호중,http://openapi.animal.go.kr/openapi/service/rest/fileDownloadSrvc/files/shelter/2026/04/202605131305892.jpg
428351202600291,포메라니안,하얀바탕에 한가지색 또는 두가지색의 명확한 반점,"구조당시 노란색 하네스 착용, 긴장했지만 사람을 잘 따르는 편임, 콧물",F,경인로452 투썸플레이스 인천석바위시장역점 근처,인천광역시 미추홀구,종료(반환),http://openapi.animal.go.kr/openapi/service/rest/fileDownloadSrvc/files/shelter/2026/04/202605131705654.jpg
427514202600096,믹스견,검정&흰색,"아기강아지, 순하나 힘이 조금 없음.",F,군위읍 정리,대구광역시 군위군,보호중,http://openapi.animal.go.kr/openapi/service/rest/fileDownloadSrvc/files/shelter/2026/05/202605131605250.jpg
427514202600095,믹스견,갈색&검정,"아기강아지, 순하나 힘이 조금 없음.",M,군위읍 정리,대구광역시 군위군,보호중,http://openapi.animal.go.kr/openapi/service/rest/fileDownloadSrvc/files/shelter/2026/05/202605131605811.jpg
427514202600094,믹스견,갈색&흰색,입질이 심하고 경계심이 높음,F,우보면 두북리,대구광역시 군위군,보호중,http://openapi.animal.go.kr/openapi/service/rest/fileDownloadSrvc/files/shelter/2026/05/202605131205225.jpg
427343202600390,시츄,갈색&흰색, 성격온순,M,원대1가23-1,대구광역시 서구,보호중,http://openapi.animal.go.kr/openapi/service/rest/fileDownloadSrvc/files/shelter/2026/05/202605131305503.jpg
445468202601166,믹스견,흰색,생후 5일정도 되었음.,F,익산시 삼기면 황금로 342-17,전북특별자치도 익산시,보호중,http://openapi.animal.go.kr/openapi/service/rest/fileDownloadSrvc/files/shelter/2026/05/202605131405980.jpg
445468202601165,믹스견,흰색,생후 5일정도 되었음.,F,익산시 삼기면 황금로 342-17,전북특별자치도 익산시,보호중,http://openapi.animal.go.kr/openapi/service/rest/fileDownloadSrvc/files/shelter/2026/05/20260513140503.jpg
445468202601164,믹스견,흰색,생후 5일정도 되었음.,F,익산시 삼기면 황금로 342-17,전북특별자치도 익산시,보호중,http://openapi.animal.go.kr/openapi/service/rest/fileDownloadSrvc/files/shelter/2026/05/20260513140517.jpg
445468202601163,믹스견,흰색,생후 5일정도 되었음.,M,익산시 삼기면 황금로 342-17,전북특별자치도 익산시,보호중,http://openapi.animal.go.kr/openapi/service/rest/fileDownloadSrvc/files/shelter/2026/05/202605131405373.jpg
441559202600662,믹스견,검정색,겁. 입질은없으나 으르렁거림. 꼬리단미안됨. 털상태양호.,M,경기 양주시 남면 신산리 70-2 인근,경기도 양주시,보호중,http://openapi.animal.go.kr/openapi/service/rest/fileDownloadSrvc/files/shelter/2026/05/202605131605560.jpg
441559202600661,믹스견,검정&흰색,겁. 온순. 얌전. 꼬리단미안됨. 털 상태 양호.,F,경기 양주시 남면 신산리 70-2 인근,경기도 양주시,보호중,http://openapi.animal.go.kr/openapi/service/rest/fileDownloadSrvc/files/shelter/2026/05/202605131605308.jpg
441559202600660,믹스견,검정&흰색,겁. 온순. 얌전. 꼬리단미안됨. 털 상태 양호.,F,경기 양주시 남면 신산리 70-2 인근,경기도 양주시,보호중,http://openapi.animal.go.kr/openapi/service/rest/fileDownloadSrvc/files/shelter/2026/05/202605131605230.jpg
441559202600659,믹스견,갈색&흰색,겁. 온순. 얌전. 꼬리단미안됨. 털 상태 양호.,F,경기 양주시 남면 신산리 70-2 인근,경기도 양주시,보호중,http://openapi.animal.go.kr/openapi/service/rest/fileDownloadSrvc/files/shelter/2026/05/202605131605201.jpg
441559202600658,믹스견,갈색&흰색,겁. 온순. 얌전. 꼬리단미안됨. 털 상태 양호.,M,경기 양주시 남면 신산리 70-2 인근,경기도 양주시,보호중,http://openapi.animal.go.kr/openapi/service/rest/fileDownloadSrvc/files/shelter/2026/05/202605131605635.jpg
441559202600657,믹스견,기타(회/갈),겁. 온순. 얌전. 꼬리단미안됨. 털 상태 양호.,F,경기 양주시 남면 신산리 70-2 인근,경기도 양주시,보호중,http://openapi.animal.go.kr/openapi/service/rest/fileDownloadSrvc/files/shelter/2026/05/202605131605153.jpg
441559202600656,믹스견,갈색,겁. 온순. 얌전. 털상태 양호. 꼬리단미안됨.,F,경기 양주시 남면 신산리 70-2 인근,경기도 양주시,보호중,http://openapi.animal.go.kr/openapi/service/rest/fileDownloadSrvc/files/shelter/2026/05/202605131605738.jpg
441559202600655,믹스견,흰색,온순. 얌전. 겁 있음. 꼬리 단미 안됨. 털 상태 양호. ,F,경기 양주시 남면 신산리 70-2 인근,경기도 양주시,보호중,http://openapi.animal.go.kr/openapi/service/rest/fileDownloadSrvc/files/shelter/2026/05/202605131605599.jpg
441559202600654,믹스견,기타(흰/연갈),겁 있음. 온순. 얌전. 꼬리 단미 안됨. 털 상태 양호. ,M,경기 양주시 남면 신산리 70-2 인근,경기도 양주시,보호중,http://openapi.animal.go.kr/openapi/service/rest/fileDownloadSrvc/files/shelter/2026/05/20260513160550.jpg
441559202600653,믹스견,흰색,겁 있음. 온순. 얌전. 꼬리 단미 안됨. 털 상태 양호. ,M,경기 양주시 남면 신산리 70-2 인근,경기도 양주시,보호중,http://openapi.animal.go.kr/openapi/service/rest/fileDownloadSrvc/files/shelter/2026/05/202605131605877.jpg
441559202600652,믹스견,갈색,겁 있음. 온순. 얌전. 꼬리 단미 안됨. 털 상태 양호. ,F,경기 양주시 남면 신산리 70-2 인근,경기도 양주시,보호중,http://openapi.animal.go.kr/openapi/service/rest/fileDownloadSrvc/files/shelter/2026/05/202605131505727.jpg
441559202600651,믹스견,흰색,겁 있음. 온순. 얌전. 꼬리 단미 안됨. 털 상태 양호. ,F,경기 양주시 남면 신산리 70-2 인근,경기도 양주시,보호중,http://openapi.animal.go.kr/openapi/service/rest/fileDownloadSrvc/files/shelter/2026/05/202605131505627.jpg
441559202600650,믹스견,흰색&갈색&탄,겁 있음. 온순. 얌전. 꼬리 단미 안됨. 털 상태 양호. ,M,경기 양주시 남면 신산리 70-2 인근,경기도 양주시,보호중,http://openapi.animal.go.kr/openapi/service/rest/fileDownloadSrvc/files/shelter/2026/05/202605131505630.jpg
441559202600649,도사,황갈색,겁 있음. 온순. 얌전. 꼬리 단미 안됨. 털 상태 양호. ,F,경기 양주시 남면 신산리 70-2 인근,경기도 양주시,보호중,http://openapi.animal.go.kr/openapi/service/rest/fileDownloadSrvc/files/shelter/2026/05/202605131505472.jpg
441559202600648,믹스견,크림색,겁 있음. 온순. 활발. 꼬리 단미 안됨. 털 상태 양호. ,M,경기 양주시 남면 신산리 70-2 인근,경기도 양주시,보호중,http://openapi.animal.go.kr/openapi/service/rest/fileDownloadSrvc/files/shelter/2026/05/202605131505895.jpg
441559202600647,믹스견,갈색,온순. 얌전. 겁 있음. 꼬리 단미 안됨. 털 상태 양호. ,M,경기 양주시 남면 신산리 70-2 인근,경기도 양주시,보호중,http://openapi.animal.go.kr/openapi/service/rest/fileDownloadSrvc/files/shelter/2026/05/202605131505104[1].jpg
441559202600646,믹스견,흰색&황갈색,온순. 얌전. 겁 있음. 꼬리 단미 안됨. 털 상태 양호. ,F,경기 양주시 남면 신산리 70-2 인근,경기도 양주시,보호중,http://openapi.animal.go.kr/openapi/service/rest/fileDownloadSrvc/files/shelter/2026/05/20260513150552[1].jpg
441559202600645,믹스견,검정색,온순. 얌전. 겁 있음. 꼬리 단미 안됨. 털 상태 양호. ,F,경기 양주시 남면 신산리 70-2 인근,경기도 양주시,보호중,http://openapi.animal.go.kr/openapi/service/rest/fileDownloadSrvc/files/shelter/2026/05/202605131505703.jpg
441559202600644,믹스견,검정 황갈색&흰색,온순. 활발. 겁 있음. 꼬리 단미 안됨. 털 상태 양호. ,F,경기 양주시 남면 신산리 70-2 인근,경기도 양주시,보호중,http://openapi.animal.go.kr/openapi/service/rest/fileDownloadSrvc/files/shelter/2026/05/202605131505405[1].jpg
441559202600643,믹스견,갈색&흰색,온순. 얌전. 겁 있음. 꼬리 단미 안됨. 털 때탐. ,M,경기 양주시 남면 신산리 70-2 인근,경기도 양주시,보호중,http://openapi.animal.go.kr/openapi/service/rest/fileDownloadSrvc/files/shelter/2026/05/202605131505996.jpg
441559202600642,믹스견,갈색&흰색,귀 시작점에 흰털 자람. 온순. 얌전. 겁 있음. 꼬리 단미 안됨. 털 때탐.,M,경기 양주시 남면 신산리 70-2 인근,경기도 양주시,보호중,http://openapi.animal.go.kr/openapi/service/rest/fileDownloadSrvc/files/shelter/2026/05/202605131505130.jpg
441559202600641,믹스견,흰색&황갈색,겁 있음. 온순. 경계. 얌전. 눈곱. 꼬리 단미 안됨. 털 때탐. ,M,경기 양주시 남면 신산리 70-2 인근,경기도 양주시,보호중,http://openapi.animal.go.kr/openapi/service/rest/fileDownloadSrvc/files/shelter/2026/05/202605131505158[1].jpg
441559202600640,믹스견,갈색&검정&흰색,겁 있음. 온순. 얌전. 호기심 많음. 꼬리 단미 안됨. 털 때탐. ,M,경기 양주시 남면 신산리 70-2 인근,경기도 양주시,보호중,http://openapi.animal.go.kr/openapi/service/rest/fileDownloadSrvc/files/shelter/2026/05/202605131505809.jpg
441559202600639,믹스견,흰색&황갈색,겁 많음. 점박이 무늬. 온순. 얌전. 호기심 많음. 꼬리 단미 안됨. 털 때탐.,F,경기 양주시 남면 신산리 70-2 인근,경기도 양주시,보호중,http://openapi.animal.go.kr/openapi/service/rest/fileDownloadSrvc/files/shelter/2026/05/202605131505722.jpg
441559202600637,믹스견,갈색&흰색,겁 있음. 경계. 온순. 얌전. 꼬리 단미 안됨. 털 때탐. ,M,경기 양주시 남면 신산리 70-2 인근,경기도 양주시,보호중,http://openapi.animal.go.kr/openapi/service/rest/fileDownloadSrvc/files/shelter/2026/05/202605131505889.jpg
441559202600636,믹스견,갈색&흰색,겁 있음. 온순. 얌전. 경계. 꼬리 단미 안됨. 털 때탐. ,F,경기 양주시 남면 신산리 70-2 인근,경기도 양주시,보호중,http://openapi.animal.go.kr/openapi/service/rest/fileDownloadSrvc/files/shelter/2026/05/202605131505218.jpg
441559202600634,믹스견,검정&흰색,리트리버 믹스 추정. 온순. 활발. 사람 좋아함. 꼬리 단미 안됨. 털 때탐. ,F,경기 양주시 남면 신산리 70-2 인근,경기도 양주시,보호중,http://openapi.animal.go.kr/openapi/service/rest/fileDownloadSrvc/files/shelter/2026/05/202605131505742.jpg
441559202600632,믹스견,흰색&황갈색,온순. 얌전. 겁 있음. 눈곱. 꼬리 단미 안됨. 털 때탐. ,M,경기 양주시 남면 신산리 70-2 인근,경기도 양주시,보호중,http://openapi.animal.go.kr/openapi/service/rest/fileDownloadSrvc/files/shelter/2026/05/202605131505603.jpg
441559202600630,믹스견,검정&흰색,겁 있음. 방어적 입질. 눈곱. 꼬리 단미 안됨. 털 때탐. ,M,경기 양주시 남면 신산리 70-2 인근,경기도 양주시,보호중,http://openapi.animal.go.kr/openapi/service/rest/fileDownloadSrvc/files/shelter/2026/05/202605131505894[1].jpg
441559202600629,믹스견,흰색&황갈색,온순. 활발. 약간 겁. 귀 진갈. 콧등 점박이. 친화적. 꼬리단미안됨. 털때탐.,F,경기 양주시 남면 신산리 70-2 인근,경기도 양주시,보호중,http://openapi.animal.go.kr/openapi/service/rest/fileDownloadSrvc/files/shelter/2026/05/202605131505145.jpg
441559202600628,믹스견,흰색&황갈색,눈 주위 흰색. 그 외 진한갈색. 귀 흰색. 온순. 얌전. 꼬리 단미 안됨. 털 때탐.,M,경기 양주시 남면 신산리 70-2 인근,경기도 양주시,보호중,http://openapi.animal.go.kr/openapi/service/rest/fileDownloadSrvc/files/shelter/2026/05/202605131505989.jpg
441559202600626,믹스견,흰색&황갈색,겁. 경계. 온순. 꼬리단미안됨. 털 때탐.,M,경기 양주시 남면 신산리 70-2 인근,경기도 양주시,보호중,http://openapi.animal.go.kr/openapi/service/rest/fileDownloadSrvc/files/shelter/2026/05/202605131505310.jpg
441559202600625,도사,황갈색,온순. 얌전. 눈곱. 겁. 꼬리단미 안됨. 털 약간 때탐.,F,경기 양주시 남면 신산리 70-2 인근,경기도 양주시,보호중,http://openapi.animal.go.kr/openapi/service/rest/fileDownloadSrvc/files/shelter/2026/05/202605131505434.jpg
441559202600623,도사,황갈색,머즐 흰. 눈곱. 온순. 얌전. 겁. 꼬리단미안됨. 털 약간 때탐. ,M,경기 양주시 남면 신산리 70-2 인근,경기도 양주시,보호중,http://openapi.animal.go.kr/openapi/service/rest/fileDownloadSrvc/files/shelter/2026/05/20260513150504.jpg
441559202600622,믹스견,갈색&검정&흰색,온순. 얌전. 겁. 만지는거 싫어함. 꼬리단미안됨. 털 약간 때탐.,F,경기 양주시 남면 신산리 70-2 인근,경기도 양주시,보호중,http://openapi.animal.go.kr/openapi/service/rest/fileDownloadSrvc/files/shelter/2026/05/202605131505256.jpg
441559202600620,믹스견,흰색&황갈색,온순. 얌전. 겁. 꼬리단미안됨. 털 약간 때탐.,F,경기 양주시 남면 신산리 70-2 인근,경기도 양주시,보호중,http://openapi.animal.go.kr/openapi/service/rest/fileDownloadSrvc/files/shelter/2026/05/202605131505589.jpg
441559202600619,믹스견,갈색&흰색,"콧등 점박이. 온순. 얌전. 사람 좋아함. 꼬리단미안됨, 털 약간 때탐.",F,경기 양주시 남면 신산리 70-2 인근,경기도 양주시,보호중,http://openapi.animal.go.kr/openapi/service/rest/fileDownloadSrvc/files/shelter/2026/05/202605131505369.jpg
441559202600617,믹스견,흰색&황갈색,온순. 얌전. 겁 있음. 꼬리 단미 안됨. 털 약간 때탐. ,F,경기 양주시 남면 신산리 70-2 인근,경기도 양주시,보호중,http://openapi.animal.go.kr/openapi/service/rest/fileDownloadSrvc/files/shelter/2026/05/202605131505582.jpg
441559202600616,도사,황갈색,온순. 얌전. 겁 있음. 꼬리 단미 안됨. 털 약간 때탐. ,F,경기 양주시 남면 신산리 70-2 인근,경기도 양주시,보호중,http://openapi.animal.go.kr/openapi/service/rest/fileDownloadSrvc/files/shelter/2026/05/202605131505276.jpg
441559202600614,도사,황갈색,온순. 얌전. 겁 있음. 꼬리 단미 안됨. 털 약간 때탐. ,F,경기 양주시 남면 신산리 70-2 인근,경기도 양주시,보호중,http://openapi.animal.go.kr/openapi/service/rest/fileDownloadSrvc/files/shelter/2026/05/202605131505344.jpg
441559202600613,믹스견,기타(회/흰/갈),온순. 얌전. 겁 있음. 꼬리 단미 안됨. 털 약간 때탐. ,M,경기 양주시 남면 신산리 70-2 인근,경기도 양주시,보호중,http://openapi.animal.go.kr/openapi/service/rest/fileDownloadSrvc/files/shelter/2026/05/202605131505178.jpg
441559202600612,믹스견,갈색&검정&흰색,온순. 얌전. 겁 있음. 꼬리 단미 안됨. 털 약간 때탐. ,F,경기 양주시 남면 신산리 70-2 인근,경기도 양주시,보호중,http://openapi.animal.go.kr/openapi/service/rest/fileDownloadSrvc/files/shelter/2026/05/202605131505309.jpg
441559202600611,믹스견,갈색&흰색,온순. 얌전. 겁 있음. 털 약간 때탐. ,F,경기 양주시 남면 신산리 70-2 인근,경기도 양주시,보호중,http://openapi.animal.go.kr/openapi/service/rest/fileDownloadSrvc/files/shelter/2026/05/202605131505870.jpg
441559202600610,믹스견,검정 황갈색&흰색,꼬리 끝 흰색. 온순. 활발. 약간의 겁. 꼬리 단미 안됨. 털 상태 양호. ,M,경기 양주시 남면 신산리 70-2 인근,경기도 양주시,보호중,http://openapi.animal.go.kr/openapi/service/rest/fileDownloadSrvc/files/shelter/2026/05/202605131505518.jpg
441559202600608,믹스견,흰색&갈색&탄,온순. 얌전. 약간의 겁. 꼬리 단미 안됨. 털 상태 양호. ,F,경기 양주시 남면 신산리 70-2 인근,경기도 양주시,보호중,http://openapi.animal.go.kr/openapi/service/rest/fileDownloadSrvc/files/shelter/2026/05/202605131405171.jpg
443445202600300,믹스견,검정&흰색,피모상태 양호/목에 '사랑이' 목걸이 있음/2번째 구조(보호자 연락처 010-4400-2817),F,광혜원면 진광로 1382,충청북도 진천군,종료(반환),http://openapi.animal.go.kr/openapi/service/rest/fileDownloadSrvc/files/shelter/2026/04/202605151305102.jpeg
441408202600947,믹스견,흰색,매우소심함,M,숭인동 11,경기도 안성시,보호중,http://openapi.animal.go.kr/openapi/service/rest/fileDownloadSrvc/files/shelter/2026/05/202605151105258[1].jpg
441408202600946,믹스견,흰색,"2마리 같이 들어옴 , 소심함",M,금광면 오산리 89-4,경기도 안성시,보호중,http://openapi.animal.go.kr/openapi/service/rest/fileDownloadSrvc/files/shelter/2026/05/202605151105347.jpg
441408202600945,믹스견,흰색,"2마리 같이 들어옴 , 소심함",F,금광면 오산리 89-4,경기도 안성시,보호중,http://openapi.animal.go.kr/openapi/service/rest/fileDownloadSrvc/files/shelter/2026/05/202605151105206.jpg
431373202600742,믹스견,검정색,폐혈증,F,마근길 일대,울산광역시 울주군,보호중,http://openapi.animal.go.kr/openapi/service/rest/fileDownloadSrvc/files/shelter/2026/04/202605151005808.jpg
428357202600711,믹스견,흰색,"들개, 겁많음",F,인화리 산 487 부근,인천광역시 강화군,보호중,http://openapi.animal.go.kr/openapi/service/rest/fileDownloadSrvc/files/shelter/2026/05/20260515110509.jpg
447519202600203,믹스견,흰색,귀여움,F,화양읍 유등리,경상북도 청도군,보호중,http://openapi.animal.go.kr/openapi/service/rest/fileDownloadSrvc/files/shelter/2026/05/202605121805968.jpg
447519202600202,믹스견,갈색,귀여움,F,금천면  구복길 저수지,경상북도 청도군,보호중,http://openapi.animal.go.kr/openapi/service/rest/fileDownloadSrvc/files/shelter/2026/05/202605121705359.jpg
447519202600201,믹스견,갈색,귀여움,F,금천면  구복길 저수지,경상북도 청도군,보호중,http://openapi.animal.go.kr/openapi/service/rest/fileDownloadSrvc/files/shelter/2026/05/20260512170575.jpg
447516202600062,믹스견,흰색,사나우며 경계심 있음,F,경북 청송군 진보면 고현리 385,경상북도 청송군,보호중,http://openapi.animal.go.kr/openapi/service/rest/fileDownloadSrvc/files/shelter/2026/04/202605141505799.jpg
447516202600061,믹스견,갈색,사나우며 경계심 강함,M,경북 청송군 현서면 청송로 444,경상북도 청송군,보호중,http://openapi.animal.go.kr/openapi/service/rest/fileDownloadSrvc/files/shelter/2026/04/202605141505697.jpg
447516202600060,믹스견,갈색,사나우며 경계심 강함,F,경북 청송군 현서면 청송로 444,경상북도 청송군,보호중,http://openapi.animal.go.kr/openapi/service/rest/fileDownloadSrvc/files/shelter/2026/04/202605141505766.jpg
447516202600059,믹스견,갈색,얌전하나 경계심 있음,M,경북 청송군 진보면 아랫석계길 158,경상북도 청송군,보호중,http://openapi.animal.go.kr/openapi/service/rest/fileDownloadSrvc/files/shelter/2026/04/202605141505625[1].jpg
447516202600058,믹스견,엷은 황갈색&흰색,겁이 많으나 얌전함,F,경북 청송군 진보면 아랫석계길 158,경상북도 청송군,보호중,http://openapi.animal.go.kr/openapi/service/rest/fileDownloadSrvc/files/shelter/2026/04/202605141505855.jpg
446499202600092,믹스견,흰색,흰색,F,고금소방서,전라남도 완도군,보호중,http://openapi.animal.go.kr/openapi/service/rest/fileDownloadSrvc/files/shelter/2026/04/202605141005813.jpg
446494202600222,믹스견,검정&황갈색,사람을잘따르고건강하게보임,F,신북면우체국주변에서발견,전라남도 영암군,보호중,http://openapi.animal.go.kr/openapi/service/rest/fileDownloadSrvc/files/shelter/2026/05/20260514130577.png
441559202600663,믹스견,흰색&황갈색,코 얼룩무늬. 온순. 얌전. 겁 많음. 꼬리 단미 안됨. 털 약간 때탐. ,M,경기 양주시 봉양동 621-1 노상,경기도 양주시,보호중,http://openapi.animal.go.kr/openapi/service/rest/fileDownloadSrvc/files/shelter/2026/05/202605131605280.jpg
450650202601133,믹스견,흰색,"개체관리번호 0977 - 빨녹목줄,쇠사슬/좌후지 개방골절, 심장사상충",F,제주시 아라이동 연북로 632 제주24시숨동물의료센터,제주특별자치도,보호중,http://openapi.animal.go.kr/openapi/service/rest/fileDownloadSrvc/files/shelter/2026/05/202605130805908.jpg
450650202601132,믹스견,흰색,개체관리번호 0976 - 전신 심한피부병,M,제주시 애월읍 월각로 387-131,제주특별자치도,종료(안락사),http://openapi.animal.go.kr/openapi/service/rest/fileDownloadSrvc/files/shelter/2026/05/202605130805733.jpg
448538202600389,믹스견,갈색&흰색,"갈색흰색,순함,심장사상충양성",M,북부동242-3,경상남도 양산시,종료(반환),http://openapi.animal.go.kr/openapi/service/rest/fileDownloadSrvc/files/shelter/2026/05/20260513170576.jpg
448535202600342,푸들,"기타(흰색,회색)","김해시-326, 핫 레드 하네스 착용, 기력저하",F,김해시 활천로 151-52(성덕암),경상남도 김해시,보호중,http://openapi.animal.go.kr/openapi/service/rest/fileDownloadSrvc/files/shelter/2026/05/20260513100501.png
448535202600341,그레이 하운드,갈색&검정,"김해시-325, 기력저하",M,김해시 활천로 151-52(성덕암),경상남도 김해시,보호중,http://openapi.animal.go.kr/openapi/service/rest/fileDownloadSrvc/files/shelter/2026/05/20260513100513.png
448535202600340,말티즈,흰색,"김해시-324, 미용되어 있음",M,김해시 율하6로 18,경상남도 김해시,보호중,http://openapi.animal.go.kr/openapi/service/rest/fileDownloadSrvc/files/shelter/2026/05/202605131005792.png
448533202600309,믹스견,갈색,생후5살 추정 (2026.05.12기준),M,노산리 42,경상남도 통영시,보호중,http://openapi.animal.go.kr/openapi/service/rest/fileDownloadSrvc/files/shelter/2026/05/202605121405507.jpg
447507202600094,진도견,흰색,매우영리함 경계심있으나 친해지면 순함,M,옥동일대,경상북도 안동시,종료(반환),http://openapi.animal.go.kr/openapi/service/rest/fileDownloadSrvc/files/shelter/2026/05/202605131905866.jpg
446493202600110,믹스견,흰색,사람을 잘따름.,F,산이면 노송리,전라남도 해남군,보호중,http://openapi.animal.go.kr/openapi/service/rest/fileDownloadSrvc/files/shelter/2026/05/202605121005135.jpg
446493202600109,믹스견,흰색,사람을 잘따름.,F,산이면 노송리,전라남도 해남군,보호중,http://openapi.animal.go.kr/openapi/service/rest/fileDownloadSrvc/files/shelter/2026/05/202605121005471.jpg
446487202600109,믹스견,검정&흰색,"5월13일 심장사상충,홍역,파보키트검사,광견병,종백,구충제",M,구례읍 봉동길27-1,전라남도 구례군,보호중,http://openapi.animal.go.kr/openapi/service/rest/fileDownloadSrvc/files/shelter/2026/05/202605131405159.jpg
446486202600068,믹스견,크림색,많이 야윔,F,오산초등학교 부근,전라남도 곡성군,보호중,http://openapi.animal.go.kr/openapi/service/rest/fileDownloadSrvc/files/shelter/2026/04/202605131805202.jpg
446486202600067,코카 스파니엘,살구색,"온순, 사람 잘 따름",F,오산면 부들마을,전라남도 곡성군,보호중,http://openapi.animal.go.kr/openapi/service/rest/fileDownloadSrvc/files/shelter/2026/04/202605131805883.jpg
446483202600677,믹스견,갈색&흰색,하우스주변3마리매일출몰 포획틀에구조,F,나주시봉황면송현리1065,전라남도 나주시,보호중,http://openapi.animal.go.kr/openapi/service/rest/fileDownloadSrvc/files/shelter/2026/04/202605131705873.jpg
445473202600299,진도견,흰색,"칩없음, 순함",F,정천면 망화리 559-2,전북특별자치도 진안군,보호중,http://openapi.animal.go.kr/openapi/service/rest/fileDownloadSrvc/files/shelter/2026/04/202605130905785.jpg
445464202601686,시츄,갈색&흰색,얌전한 성격,M,석구동 군자길 113번지,전북특별자치도 전주시,보호중,http://openapi.animal.go.kr/openapi/service/rest/fileDownloadSrvc/files/shelter/2026/04/202605131005608.jpg
445464202601685,치와와,검정&흰색,내장칩 있음,F,석구동 군자길 113번지,전북특별자치도 전주시,보호중,http://openapi.animal.go.kr/openapi/service/rest/fileDownloadSrvc/files/shelter/2026/04/202605131005880.jpg
444461202600183,믹스견,흰색,파랑+빨강 목줄. 잘따름. 신고자 가정에서 보호중,M,예산읍 공주대학교 부근,충청남도 예산군,보호중,http://openapi.animal.go.kr/openapi/service/rest/fileDownloadSrvc/files/shelter/2026/04/202605131305740.jpg
444457202600256,믹스견,흰색,하반신 골절,M,규암면 합송리 127-4,충청남도 부여군,보호중,http://openapi.animal.go.kr/openapi/service/rest/fileDownloadSrvc/files/shelter/2026/05/202605131405111.jpg
442424202600262,라브라도 리트리버,갈색,"인수제로 입소 , 사람을 좋아함",M,오십천로 52-4,강원특별자치도 삼척시,보호중,http://openapi.animal.go.kr/openapi/service/rest/fileDownloadSrvc/files/shelter/2026/04/202605121005997.jpg
441560202600442,믹스견,기타(흰색),겁많음. 경계. 방어적 입질. 눈곱. 털 때탐. 꼬리단미 안됨.,M,경기 포천시 이동면 노곡리 일대,경기도 포천시,보호중,http://openapi.animal.go.kr/openapi/service/rest/fileDownloadSrvc/files/shelter/2026/05/202605131505375.jpg
441560202600441,보스턴 테리어,검정&흰색,온순. 얌전. 눈곱. 때탄 목줄 착용. 부정교합. 귀 쳐져있음. 꼬리 단미. 털 때탐. 칩 있음. ,M,경기 포천시 일동면 벌판마을길 28 일대,경기도 포천시,보호중,http://openapi.animal.go.kr/openapi/service/rest/fileDownloadSrvc/files/shelter/2026/05/202605131505355[1].jpg
441560202600440,믹스견,갈색&흰색,겁있음.온순.얌전하나겁으로약간입질있을수있음.눈곱.좌 전지발부위를타이어에밟힘.개방성골절. ,F,경기 포천시 이동면 연곡3리 일대,경기도 포천시,보호중,http://openapi.animal.go.kr/openapi/service/rest/fileDownloadSrvc/files/shelter/2026/05/202605131505132[1].jpg
441553202601646,믹스견,흰색,늠름한 강아지/ 순함 / 눈물자국이 있음,M,팔탄119안전센터,경기도 화성시,보호중,http://openapi.animal.go.kr/openapi/service/rest/fileDownloadSrvc/files/shelter/2026/05/202605121605301.jpg
441406202600480,믹스견,갈색&흰색,"하늘색니트케이프에""둥이""라고적힌인식표.온순.얌전.약간의눈곱.코 분홍.꼬리단미안됨.털약간때탐.칩있음. ",M,경기 파주시 교하로 421 (동패동) 인근,경기도 파주시,종료(반환),http://openapi.animal.go.kr/openapi/service/rest/fileDownloadSrvc/files/shelter/2026/05/202605131505529.jpg
441406202600479,믹스견,검정색,겁. 경계. 방어적 입질. 양쪽 코 부위 상처. 눈곱. 꼬리 단미 안됨. 털 약간 때탐.,F,경기 파주시 덕천리 1993-1 일대,경기도 파주시,보호중,http://openapi.animal.go.kr/openapi/service/rest/fileDownloadSrvc/files/shelter/2026/05/202605131505316.png
441406202600477,믹스견,갈색&흰색,온순. 얌전. 꼬리 단미 안됨. 털 상태 양호. ,M,경기 파주시 탄현면 만우리 551-2 인근,경기도 파주시,보호중,http://openapi.animal.go.kr/openapi/service/rest/fileDownloadSrvc/files/shelter/2026/05/20260513150540[1].jpg
441406202600476,믹스견,갈색&흰색,배 검정. 온순. 얌전. 꼬리 단미 안됨. 털 상태 양호. ,M,경기 파주시 탄현면 만우리 551-2 인근,경기도 파주시,보호중,http://openapi.animal.go.kr/openapi/service/rest/fileDownloadSrvc/files/shelter/2026/05/202605131505963.jpg
441406202600475,믹스견,갈색&흰색,온순. 얌전. 유치 나는 중. 꼬리 단미 안됨. 털 상태 양호. ,F,경기 파주시 탄현면 만우리 551-2 인근,경기도 파주시,보호중,http://openapi.animal.go.kr/openapi/service/rest/fileDownloadSrvc/files/shelter/2026/05/202605131505786.jpg
441406202600474,믹스견,갈색&흰색,온순. 얌전. 유치 나는 중. 꼬리 단미 안됨. 털 상태 양호. ,M,경기 파주시 탄현면 만우리 551-2 인근,경기도 파주시,보호중,http://openapi.animal.go.kr/openapi/service/rest/fileDownloadSrvc/files/shelter/2026/05/202605131505166.jpg
441394202600922,믹스견,흰색,없음,F,지축동951주변,경기도 고양시,보호중,http://openapi.animal.go.kr/openapi/service/rest/fileDownloadSrvc/files/shelter/2026/04/202605122105266.jpg
441394202600921,믹스견,검정&흰색,없음,M,지축동951주변,경기도 고양시,보호중,http://openapi.animal.go.kr/openapi/service/rest/fileDownloadSrvc/files/shelter/2026/04/202605122105540.jpg
441394202600920,믹스견,황갈색,없음,F,용두동 221 부근,경기도 고양시,보호중,http://openapi.animal.go.kr/openapi/service/rest/fileDownloadSrvc/files/shelter/2026/05/202605121705466.jpg
441394202600918,믹스견,흰색,적색목줄착용,F,성석동 1823,경기도 고양시,보호중,http://openapi.animal.go.kr/openapi/service/rest/fileDownloadSrvc/files/shelter/2026/04/202605121505561.jpg
441382202600403,믹스견,검정색,초록바탕에 노란 테두리 목줄 착용. 겁. 경계심강함. 방어적 입질. 사나움. ,M,경기 의정부시 장암동 428 일대,경기도 의정부시,보호중,http://openapi.animal.go.kr/openapi/service/rest/fileDownloadSrvc/files/shelter/2026/04/202605131505887.jpg
430366202600234,코카 스파니엘,갈색,.,F,정림동 78-14 인근,대전광역시 서구,종료(반환),http://openapi.animal.go.kr/openapi/service/rest/fileDownloadSrvc/files/shelter/2026/05/202605130905386.png
428357202600705,믹스견,흰색,2개월령추정. 온순함. 엄살이 심함. 흰색,F,사기리 443-9,인천광역시 강화군,종료(자연사),http://openapi.animal.go.kr/openapi/service/rest/fileDownloadSrvc/files/shelter/2026/05/202605131105766.jpg
428357202600704,믹스견,흰색,2개월령추정. 온순함. 엄살이 심함. 흰바탕에 옅은갈색.,F,사기리 443-9,인천광역시 강화군,보호중,http://openapi.animal.go.kr/openapi/service/rest/fileDownloadSrvc/files/shelter/2026/05/202605131005410.jpg
428355202600194,골든 리트리버,갈색,순함,F,계양구청 당직실(임학서로14번길),인천광역시 계양구,보호중,http://openapi.animal.go.kr/openapi/service/rest/fileDownloadSrvc/files/shelter/2026/04/202605122305859.jpg
428354202600386,믹스견,갈색&흰색,"엄마잃은 아기강아지, 귀여움",M,부평공원 주차장입구,인천광역시 부평구,보호중,http://openapi.animal.go.kr/openapi/service/rest/fileDownloadSrvc/files/shelter/2026/05/202605121005658.jpg
428354202600385,믹스견,검정&흰색,"엄마잃은 아기강아지, 귀여움",F,부평공원 주차장입구,인천광역시 부평구,보호중,http://openapi.animal.go.kr/openapi/service/rest/fileDownloadSrvc/files/shelter/2026/05/202605120905227.jpg
428351202600289,믹스견,갈색&흰색,"구조 당시 빨간목줄착용, 회음부유선종양, 결막염, 각막혼탁, 털엉킴, 밥을 안 먹음",F,미추홀구 용현동577-63 다채움 빌라 근처 ,인천광역시 미추홀구,보호중,http://openapi.animal.go.kr/openapi/service/rest/fileDownloadSrvc/files/shelter/2026/05/202605121605619.jpg
428350202600075,비숑 프리제,흰색,침흘려 입주변이 변색되어있고 피부가 안좋은 편임,M,송림로터리 부근,인천광역시 동구,보호중,http://openapi.animal.go.kr/openapi/service/rest/fileDownloadSrvc/files/shelter/2026/05/202605121605877.jpg
428349202600303,푸들,검정색,"구조 당시 주황색 하네스 착용, 약간의 콧물증상, 이외에는 비교적 양호한 것으로 사료됨 ",M,참외전로134 1층 인현통닭 근처,인천광역시 중구,종료(반환),http://openapi.animal.go.kr/openapi/service/rest/fileDownloadSrvc/files/shelter/2026/05/202605121905461.jpg
427514202600093,믹스견,갈색&흰색,입질이 있고 사나움,F,우보면 두북리,대구광역시 군위군,보호중,http://openapi.animal.go.kr/openapi/service/rest/fileDownloadSrvc/files/shelter/2026/05/202605121005700[1].jpg
427514202600092,믹스견,갈색&흰색,입질이 있고 사나움,M,우보면 두북리,대구광역시 군위군,보호중,http://openapi.animal.go.kr/openapi/service/rest/fileDownloadSrvc/files/shelter/2026/05/202605121005319.jpg
427344202600170,믹스견,갈색,빨간목줄 착용,F,교대역 부근,대구광역시 남구,보호중,http://openapi.animal.go.kr/openapi/service/rest/fileDownloadSrvc/files/shelter/2026/05/202605131105587.jpg
426340202600226,포메라니안,흰색,"순함, 미용됨, 흰색",M,일광읍 곡천길 371-5,부산광역시 기장군,보호중,http://openapi.animal.go.kr/openapi/service/rest/fileDownloadSrvc/files/shelter/2026/04/202605131705828[1].jpg
426339202600116,믹스견,흰색&황갈색,"줄무늬옷을입음,하울링이심함,온순하고사람을잘따름",F,주례로 45,부산광역시 사상구,보호중,http://openapi.animal.go.kr/openapi/service/rest/fileDownloadSrvc/files/shelter/2026/04/202605131405288.jpg
426333202600414,퍼그,기타(회갈색),"건강 상의 이유로 인한 소유권 포기, 겁 많음, 순함, 회갈색",F,좌동 경남아너스빌,부산광역시 해운대구,보호중,http://openapi.animal.go.kr/openapi/service/rest/fileDownloadSrvc/files/shelter/2026/04/202605131105455.jpg
426333202600413,비숑 프리제,흰색,"건강 상의 이유로 인한 소유권 포기, 겁 많음, 순함, 흰색",M,좌동 경남아너스빌,부산광역시 해운대구,보호중,http://openapi.animal.go.kr/openapi/service/rest/fileDownloadSrvc/files/shelter/2026/04/202605131105255.jpg
426333202600412,웰시 코기 펨브로크,갈색&흰색,"순함, 갈+흰",M,재반로255번길 27,부산광역시 해운대구,보호중,http://openapi.animal.go.kr/openapi/service/rest/fileDownloadSrvc/files/shelter/2026/04/202605131105845.jpg
441398202600217,믹스견,갈색&검정,"흰/녹색 목걸이 및 쇠사슬 리드줄 착용, 코 검정, 사람친화적, 털 상태 양호",F,"경기 구리시 갈매순환로 72 (갈매동, 전수관) 산마루 공원 인근",경기도 구리시,보호중,http://openapi.animal.go.kr/openapi/service/rest/fileDownloadSrvc/files/shelter/2026/05/202605132105831.jpeg
441398202600216,푸들,기타(회/검),"갈색 목줄, 꼬리 단미, 털상태 양호, 온순, 사람친화적",M,경기 구리시 갈매동 392-20,경기도 구리시,보호중,http://openapi.animal.go.kr/openapi/service/rest/fileDownloadSrvc/files/shelter/2026/05/202605132005217.jpeg
448567202600623,웰시 코기 펨브로크,검정 황갈색&흰색,"착용품 없음, 샴푸 냄새 남",F,마산합포구 월영동 월영동아1차@ 108동,경상남도 창원시 의창성산구,종료(반환),http://openapi.animal.go.kr/openapi/service/rest/fileDownloadSrvc/files/shelter/2026/05/202605121205909.jpg
448547202600394,믹스견,검정&흰색,"목줄착용, 순함",M,경상남도 거창군 거창읍 거안로 1173-21 건계정 물레방아 앞,경상남도 거창군,종료(반환),http://openapi.animal.go.kr/openapi/service/rest/fileDownloadSrvc/files/shelter/2026/04/202605122005564.jpg
448547202600393,믹스견,흰색,"어린강아지, 순함",F,경남 거창군 남하면 무릉3길 45-10,경상남도 거창군,보호중,http://openapi.animal.go.kr/openapi/service/rest/fileDownloadSrvc/files/shelter/2026/05/202605121905728.jpg
448547202600392,믹스견,흰색,"순함, 어미견",F,경남 거창군 남하면 무릉3길 45-10,경상남도 거창군,보호중,http://openapi.animal.go.kr/openapi/service/rest/fileDownloadSrvc/files/shelter/2026/05/202605121905861.jpg
448547202600391,믹스견,흰색&황갈색,"순함, 어린강아지",F,경남 거창군 남하면 무릉3길 45-10,경상남도 거창군,종료(자연사),http://openapi.animal.go.kr/openapi/service/rest/fileDownloadSrvc/files/shelter/2026/05/202605121905359.jpg
448536202600361,믹스견,흰색,"두마리 형제로 추정, 복슬복슬, 엄살이 많음",M,삼랑진읍,경상남도 밀양시,보호중,http://openapi.animal.go.kr/openapi/service/rest/fileDownloadSrvc/files/shelter/2026/04/202605121305285[1].jpg
448536202600360,믹스견,갈색&흰색,"두마리 형제로 추정, 복슬복슬, 엄살이 많음",M,삼랑진읍,경상남도 밀양시,보호중,http://openapi.animal.go.kr/openapi/service/rest/fileDownloadSrvc/files/shelter/2026/04/202605121305317.jpg
448536202600359,믹스견,검정&흰색,애교만땅,F,청도면,경상남도 밀양시,보호중,http://openapi.animal.go.kr/openapi/service/rest/fileDownloadSrvc/files/shelter/2026/04/202605121305505.jpg
448536202600358,믹스견,갈색&흰색,"수제비 귀, 매력적인 모, 매우 순함",F,산내면,경상남도 밀양시,보호중,http://openapi.animal.go.kr/openapi/service/rest/fileDownloadSrvc/files/shelter/2026/04/202605121105416.jpg
448536202600357,말티즈,흰색,"양쪽 눈 뿌염, 치아상태 안좋음, 순함, 내장칩 있음",M,교동,경상남도 밀양시,종료(반환),http://openapi.animal.go.kr/openapi/service/rest/fileDownloadSrvc/files/shelter/2026/04/202605121105640.jpg
448534202600504,믹스견,흰색,한쪽눈이 매력적인 아이,F,진삼로 885-9,경상남도 사천시,보호중,http://openapi.animal.go.kr/openapi/service/rest/fileDownloadSrvc/files/shelter/2026/04/202605121505263.jpg
448534202600503,믹스견,황갈색,활달한 성격,M,죽림동 인근,경상남도 사천시,보호중,http://openapi.animal.go.kr/openapi/service/rest/fileDownloadSrvc/files/shelter/2026/04/202605121505739[1].jpg
448531202600864,믹스견,검정&흰색,경계성 있고 공격성보임,F,진주시 미천면 효자리 425,경상남도 진주시,보호중,http://openapi.animal.go.kr/openapi/service/rest/fileDownloadSrvc/files/shelter/2026/04/202605121005989.jpg
447521202600235,기타,크림색,"온순함, 귀여움",M,성주읍 대황4길 ,경상북도 성주군,보호중,http://openapi.animal.go.kr/openapi/service/rest/fileDownloadSrvc/files/shelter/2026/05/202605121105985.jpg
447518202600113,진도견,흰색,들개로추정. 공격성있음.,M,영해면벌영4길56,경상북도 영덕군,보호중,http://openapi.animal.go.kr/openapi/service/rest/fileDownloadSrvc/files/shelter/2026/05/202605121505145.jpg
447518202600112,시바,황갈색,사람에게순응적이고활동성이많음,M,영덕119안전센터근방,경상북도 영덕군,종료(반환),http://openapi.animal.go.kr/openapi/service/rest/fileDownloadSrvc/files/shelter/2026/04/20260512100593.jpg
447515202600101,진도견,흰색,"진도믹스추정, 사람을 경계하고 사나움, 사랑이 필요해요",M,구천면 장국리,경상북도 의성군,보호중,http://openapi.animal.go.kr/openapi/service/rest/fileDownloadSrvc/files/shelter/2026/05/202605121505887.png
447515202600100,믹스견,검정&황갈색,"사람을 좋아하는 순둥한 아이, 엄마아빠가 필요해요",F,단밀면 팔등리,경상북도 의성군,보호중,http://openapi.animal.go.kr/openapi/service/rest/fileDownloadSrvc/files/shelter/2026/05/202605121405127.png
447515202600099,믹스견,흰색,"온순하고 사람을 좋아하는 아이, 엄마아빠를 찾아요",M,의성 119,경상북도 의성군,보호중,http://openapi.animal.go.kr/openapi/service/rest/fileDownloadSrvc/files/shelter/2026/05/202605121405769.png
447513202600515,믹스견,크림색,인근 동네에서 배회하여 포획구조,F,진량 평사리,경상북도 경산시,보호중,http://openapi.animal.go.kr/openapi/service/rest/fileDownloadSrvc/files/shelter/2026/05/202605121605708.jpg
447513202600514,믹스견,갈색&검정,인근 동네에서 배회하여 포획구조,F,와촌 동강리,경상북도 경산시,보호중,http://openapi.animal.go.kr/openapi/service/rest/fileDownloadSrvc/files/shelter/2026/05/202605121605461.jpg
447513202600513,믹스견,갈색&검정,인근 동네에서 발견하여 구조,M,진량 양지리,경상북도 경산시,보호중,http://openapi.animal.go.kr/openapi/service/rest/fileDownloadSrvc/files/shelter/2026/05/202605121605663.jpg
447513202600512,믹스견,흰색,인근 동네에서 발견하여 포획구조,M,자인 북사리,경상북도 경산시,보호중,http://openapi.animal.go.kr/openapi/service/rest/fileDownloadSrvc/files/shelter/2026/05/202605121605681.jpg
447513202600511,믹스견,갈색&검정&흰색,와촌 동강에서 발견하여 구조,F,와촌 동강리,경상북도 경산시,보호중,http://openapi.animal.go.kr/openapi/service/rest/fileDownloadSrvc/files/shelter/2026/05/202605121605643.jpg
447513202600510,믹스견,갈색,"인근 동네에서 구조, 견갑부 상처, 경계심이 있음",F,하양 한사리,경상북도 경산시,보호중,http://openapi.animal.go.kr/openapi/service/rest/fileDownloadSrvc/files/shelter/2026/05/202605121605841.jpg
447513202600509,믹스견,갈색,"생후 2개월령 추정, 인근 농막에서 발견하여 구조",F,진량 다문리,경상북도 경산시,보호중,http://openapi.animal.go.kr/openapi/service/rest/fileDownloadSrvc/files/shelter/2026/05/202605121605945.jpg
447513202600508,믹스견,갈색&검정,"생후 2개월령 추정, 인근 농막에서 발견하여 구조",F,진량 다문리,경상북도 경산시,보호중,http://openapi.animal.go.kr/openapi/service/rest/fileDownloadSrvc/files/shelter/2026/05/202605121605833.jpg
447513202600507,믹스견,검정색,"인근 마을에서 구조, 매우 활발함",M,와촌 대한리,경상북도 경산시,보호중,http://openapi.animal.go.kr/openapi/service/rest/fileDownloadSrvc/files/shelter/2026/05/202605121605972.jpg
447512202600457,푸들,흰색,파랑색옷을 입고 있고 중성화 수술되어있음,M,문경파출소,경상북도 문경시,종료(반환),http://openapi.animal.go.kr/openapi/service/rest/fileDownloadSrvc/files/shelter/2026/04/202605121605452[1].jpg
447511202600624,믹스견,검정 황갈색&흰색,맨몸상태 온순함 ,M,상주시 사벌국면 묵상리일대,경상북도 상주시,보호중,http://openapi.animal.go.kr/openapi/service/rest/fileDownloadSrvc/files/shelter/2026/05/202605121405934.jpg
447511202600623,믹스견,검정 황갈색&흰색,맨몸상태 온순함 ,F,상주시 사벌국면 묵상리일대,경상북도 상주시,보호중,http://openapi.animal.go.kr/openapi/service/rest/fileDownloadSrvc/files/shelter/2026/05/20260512140547.jpg
447509202600128,믹스견,갈색&흰색,온순하고 사람 잘 따름,F,문수면 권선리 358,경상북도 영주시,보호중,http://openapi.animal.go.kr/openapi/service/rest/fileDownloadSrvc/files/shelter/2026/04/202605121005145.jpg
447508202600887,믹스견,갈색&검정&흰색,왼쪽 눈밑 상처/순함/왼쪽만 접힌 귀/5월22일 종합백신및광견병접종,M,선산봉곡6길 38-15,경상북도 구미시,보호중,http://openapi.animal.go.kr/openapi/service/rest/fileDownloadSrvc/files/shelter/2026/05/20260522110540.png
447508202600886,믹스견,갈색&검정&흰색,위생불량 / 5월22일 종합백신및광견병접종,M,선산봉곡6길 38-15,경상북도 구미시,보호중,http://openapi.animal.go.kr/openapi/service/rest/fileDownloadSrvc/files/shelter/2026/04/202605121605736.jpg
447508202600885,포메라니안,흰색,사람을좋아함 ,M,진평초등학교,경상북도 구미시,종료(반환),http://openapi.animal.go.kr/openapi/service/rest/fileDownloadSrvc/files/shelter/2026/04/202605121405574.jpg
447506202600164,믹스견,은색&흰색,어리고 순함,F,봉산로 243-20,경상북도 김천시,종료(입양),http://openapi.animal.go.kr/openapi/service/rest/fileDownloadSrvc/files/shelter/2026/04/20260512170543.jpg
447506202600163,믹스견,흰색,어리고 순함,M,봉산로 243-20,경상북도 김천시,보호중,http://openapi.animal.go.kr/openapi/service/rest/fileDownloadSrvc/files/shelter/2026/04/202605121705214.jpg
447505202600428,보더 콜리,검정&흰색,주인에게 반환 예정,F,영불로 인근,경상북도 경주시,종료(반환),http://openapi.animal.go.kr/openapi/service/rest/fileDownloadSrvc/files/shelter/2026/05/202605121605757.jpg
447505202600427,믹스견,황갈색,심장사상충 양성. 사람 보면 잘 웃고 얌전해요.,M,건포산업도로 부근,경상북도 경주시,종료(반환),http://openapi.animal.go.kr/openapi/service/rest/fileDownloadSrvc/files/shelter/2026/04/202605121305958.jpg
447505202600426,믹스견,황갈색,심장사상충 양성. 순하고 사람 너무 좋아함. 털이 인형 처럼 푹신푹신해요.,M,건포산업도로 부근,경상북도 경주시,종료(반환),http://openapi.animal.go.kr/openapi/service/rest/fileDownloadSrvc/files/shelter/2026/04/202605121305292.jpg
447502202600276,믹스견,갈색&흰색,"3~4개월 추정,얼룩무늬 코가 포인트,벌써부터 짱구의 조짐이 보임,적응 후에 날라다닐듯함",F,경상북도 포항시 북구 기계면 인비리 19-2 이근 도로가,경상북도 포항시,보호중,http://openapi.animal.go.kr/openapi/service/rest/fileDownloadSrvc/files/shelter/2026/05/202605121705324.jpg
447502202600275,믹스견,크림색,"3~4개월 추정,완전 소심이에 겁쟁이,같이 온 동생보다 덩치는 크지만 겁은 많음!",F,경상북도 포항시 북구 기계면 인비리 19-2 이근 도로가,경상북도 포항시,종료(입양),http://openapi.animal.go.kr/openapi/service/rest/fileDownloadSrvc/files/shelter/2026/05/20260512170584.jpg
447502202600273,믹스견,흰색,"3~4개월 추정,왕발에 큰 덩치 보유자,덩치와는 달리 성격은 완전 소심이에 겁쟁이",M,경북 포항시 북구 기계면 현내리 1153-1,경상북도 포항시,보호중,http://openapi.animal.go.kr/openapi/service/rest/fileDownloadSrvc/files/shelter/2026/05/202605121105389.jpg
446484202600449,믹스견,갈색,믹스 갈색 수컷 3개월추정,M,옥룡면 운곡리436-2 주변,전라남도 광양시,보호중,http://openapi.animal.go.kr/openapi/service/rest/fileDownloadSrvc/files/shelter/2026/04/202605121705885.jpg
446484202600448,믹스견,갈색&검정,믹스 갈색+검정 수컷 3개월추정,M,옥룡면 운곡리436-2 주변,전라남도 광양시,보호중,http://openapi.animal.go.kr/openapi/service/rest/fileDownloadSrvc/files/shelter/2026/04/202605121705614.jpg
446484202600447,믹스견,갈색,믹스 갈색 암컷 2살추정,F,옥룡면 운곡리436-2 주변,전라남도 광양시,보호중,http://openapi.animal.go.kr/openapi/service/rest/fileDownloadSrvc/files/shelter/2026/04/202605121705844.jpg
446483202600666,믹스견,흰색,생후2개월정도로보임 온순함,F,나주시세지면오봉리2-35축사,전라남도 나주시,보호중,http://openapi.animal.go.kr/openapi/service/rest/fileDownloadSrvc/files/shelter/2026/04/202605121705744.jpg
446483202600665,믹스견,흰색,생후2개월정도로보임 온순함,F,나주시세지면오봉리2-35축사,전라남도 나주시,보호중,http://openapi.animal.go.kr/openapi/service/rest/fileDownloadSrvc/files/shelter/2026/04/202605121705890.jpg
446483202600664,믹스견,흰색,생후2개월정도로보임 온순함,F,나주시세지면오봉리2-35축사,전라남도 나주시,보호중,http://openapi.animal.go.kr/openapi/service/rest/fileDownloadSrvc/files/shelter/2026/04/202605121705193.jpg
446483202600663,믹스견,흰색,생후2개월정도로보임 온순함,M,나주시세지면오봉리2-35축사,전라남도 나주시,보호중,http://openapi.animal.go.kr/openapi/service/rest/fileDownloadSrvc/files/shelter/2026/04/202605121705461.jpg
446483202600662,믹스견,흰색,생후2개월정도로보임 온순함,M,나주시세지면오봉리2-35축사,전라남도 나주시,보호중,http://openapi.animal.go.kr/openapi/service/rest/fileDownloadSrvc/files/shelter/2026/04/202605121705586.jpg
446483202600661,믹스견,흰색,생후2개월정도로보임 온순함,M,나주시세지면오봉리2-35축사,전라남도 나주시,보호중,http://openapi.animal.go.kr/openapi/service/rest/fileDownloadSrvc/files/shelter/2026/04/202605121705804.jpg
446483202600660,믹스견,기타(연갈색),동네에목줄달고돌아다님 구조 온순함,F,나주시다시면동당리380-1,전라남도 나주시,보호중,http://openapi.animal.go.kr/openapi/service/rest/fileDownloadSrvc/files/shelter/2026/04/202605121705499.jpg
446481202600384,푸들,흰색,온순함,M,산단로 59 (쌍용자동차),전라남도 여수시,보호중,http://openapi.animal.go.kr/openapi/service/rest/fileDownloadSrvc/files/shelter/2026/05/202605121405757.jpeg
445479202600482,믹스견,흰색,활동적으로 보임.,F, 주산면 소산길 25-20,전북특별자치도 부안군,보호중,http://openapi.animal.go.kr/openapi/service/rest/fileDownloadSrvc/files/shelter/2026/04/202605121505766.jpg
445471202600162,믹스견,흰색,순하다,F,금구소방서,전북특별자치도 김제시,종료(자연사),http://openapi.animal.go.kr/openapi/service/rest/fileDownloadSrvc/files/shelter/2026/04/202605121505313.jpg
445467202600985,믹스견,갈색&검정,2주추정,F,내흥119,전북특별자치도 군산시,보호중,http://openapi.animal.go.kr/openapi/service/rest/fileDownloadSrvc/files/shelter/2026/05/202605121005742.jpg
445467202600984,믹스견,갈색&검정,2주추정,F,내흥119,전북특별자치도 군산시,보호중,http://openapi.animal.go.kr/openapi/service/rest/fileDownloadSrvc/files/shelter/2026/05/202605121005992.jpg
445467202600983,믹스견,흰색,2주추정,M,내흥119,전북특별자치도 군산시,보호중,http://openapi.animal.go.kr/openapi/service/rest/fileDownloadSrvc/files/shelter/2026/05/202605121005703.jpg
445467202600982,믹스견,갈색,2주추정,M,내흥119,전북특별자치도 군산시,보호중,http://openapi.animal.go.kr/openapi/service/rest/fileDownloadSrvc/files/shelter/2026/05/202605121005190.jpg
445467202600981,믹스견,흰색,2주추정,M,내흥119,전북특별자치도 군산시,보호중,http://openapi.animal.go.kr/openapi/service/rest/fileDownloadSrvc/files/shelter/2026/05/202605121005157.jpg
444568202600234,믹스견,크림색,"4개월, 경계 심함. 피부병 심함. 코로나, 종합백신 1차 완료(05/12)",M,당진시 정미면 봉성길 84-15,충청남도 당진시,보호중,http://openapi.animal.go.kr/openapi/service/rest/fileDownloadSrvc/files/shelter/2026/05/20260512170545.jpg
444568202600233,믹스견,크림색,"4개월, 경계함. 피부병. 코로나, 종합백신 1차 완료(05/12)",F,당진시 정미면 봉성길 84-15,충청남도 당진시,보호중,http://openapi.animal.go.kr/openapi/service/rest/fileDownloadSrvc/files/shelter/2026/05/202605121705158.jpg
444568202600232,믹스견,크림색,"4개월, 경계함. 피부병. 코로나, 종합백신 1차 완료(05/12)",F,당진시 정미면 봉성길 84-15,충청남도 당진시,보호중,http://openapi.animal.go.kr/openapi/service/rest/fileDownloadSrvc/files/shelter/2026/05/202605121705332[1].jpg
444568202600231,믹스견,검정색,"입양 완료(5/23 전산처리예정)6개월. 순함. 광견병, 종합백신 완료(05/12)",M,당진시 신평면 금천리 51,충청남도 당진시,종료(입양),http://openapi.animal.go.kr/openapi/service/rest/fileDownloadSrvc/files/shelter/2026/05/202605121705923.jpg
444462202600404,믹스견,갈색,순하고 귀여움,F,법산 2리 808,충청남도 태안군,보호중,http://openapi.animal.go.kr/openapi/service/rest/fileDownloadSrvc/files/shelter/2026/04/20260512140557.jpg
444462202600403,믹스견,갈색,순하고 귀여움,F,법산 2리 808,충청남도 태안군,보호중,http://openapi.animal.go.kr/openapi/service/rest/fileDownloadSrvc/files/shelter/2026/04/20260512140523.jpg
444462202600402,믹스견,검정색,순하고 귀여움,F,법산 2리 808,충청남도 태안군,보호중,http://openapi.animal.go.kr/openapi/service/rest/fileDownloadSrvc/files/shelter/2026/04/202605121405952.jpg
444460202600474,믹스견,흰색,온순함,F,홍북읍 이응노로 24,충청남도 홍성군,보호중,http://openapi.animal.go.kr/openapi/service/rest/fileDownloadSrvc/files/shelter/2026/05/202605121005360.jpg
444460202600473,믹스견,흰색,온순함,F,홍북읍 이응노로 24,충청남도 홍성군,보호중,http://openapi.animal.go.kr/openapi/service/rest/fileDownloadSrvc/files/shelter/2026/05/20260512100525.jpg
444460202600472,믹스견,흰색,온순함/사람을 잘 따름.,F,홍북읍 이응노로 24,충청남도 홍성군,보호중,http://openapi.animal.go.kr/openapi/service/rest/fileDownloadSrvc/files/shelter/2026/05/202605121005710.jpg
444453202600674,믹스견,갈색,경계 심함,F,해미면 전천리 1,충청남도 서산시,보호중,http://openapi.animal.go.kr/openapi/service/rest/fileDownloadSrvc/files/shelter/2026/04/202605121705627.jpg
444453202600673,믹스견,갈색,순함 ,M,인지면 둔당로 99 산호옥아파트 ,충청남도 서산시,종료(반환),http://openapi.animal.go.kr/openapi/service/rest/fileDownloadSrvc/files/shelter/2026/04/202605121705622.jpg
444453202600672,믹스견,검정색,"순함, 겁 많음, 입소 당시 방울 달린 녹색 목줄 착용",F,팔봉면 팔봉2로 37,충청남도 서산시,보호중,http://openapi.animal.go.kr/openapi/service/rest/fileDownloadSrvc/files/shelter/2026/04/202605121705616.jpg
444451202600482,믹스견,흰색,.,M,보령시 석서2길47,충청남도 보령시,보호중,http://openapi.animal.go.kr/openapi/service/rest/fileDownloadSrvc/files/shelter/2026/04/202605121605114.jpg
444451202600481,믹스견,흰색,.,M,보령시 웅천읍 소황리 공군부대,충청남도 보령시,보호중,http://openapi.animal.go.kr/openapi/service/rest/fileDownloadSrvc/files/shelter/2026/04/202605121605231.jpg
444451202600480,믹스견,검정&흰색,.,F,보령시 웅천읍 소황리 공군부대,충청남도 보령시,보호중,http://openapi.animal.go.kr/openapi/service/rest/fileDownloadSrvc/files/shelter/2026/04/202605121605916.jpg
444451202600479,도사,황갈색,.,F,보령시 동대동 국민주택 일원,충청남도 보령시,보호중,http://openapi.animal.go.kr/openapi/service/rest/fileDownloadSrvc/files/shelter/2026/04/202605121605485.jpg
444451202600478,믹스견,레몬색&흰색,.,F,보령시 남포면 방목길57-32,충청남도 보령시,보호중,http://openapi.animal.go.kr/openapi/service/rest/fileDownloadSrvc/files/shelter/2026/04/202605121605240.jpg
444451202600477,믹스견,흰색,.,M,천북면 하만리 우유카페,충청남도 보령시,보호중,http://openapi.animal.go.kr/openapi/service/rest/fileDownloadSrvc/files/shelter/2026/04/202605120805161.jpg
444451202600476,믹스견,검정색,피부병 심함,F,보령시 대천5동 내항1통사무소 일원,충청남도 보령시,보호중,http://openapi.animal.go.kr/openapi/service/rest/fileDownloadSrvc/files/shelter/2026/04/202605120805197.jpg
444451202600475,믹스견,흰색,.,M,대천여자고등학교,충청남도 보령시,종료(반환),http://openapi.animal.go.kr/openapi/service/rest/fileDownloadSrvc/files/shelter/2026/04/202605120805444.jpg
444450202600434,믹스견,갈색&검정&흰색,"2마리 구조, 심장사상충&파보 음성, 종합&광견병 백신, 심장사상충약",M,"공주시 백제문화로 2125-9, 노블레스 원룸 주변",충청남도 공주시,보호중,http://openapi.animal.go.kr/openapi/service/rest/fileDownloadSrvc/files/shelter/2026/05/202605121705669.jpg
444450202600433,믹스견,흑갈색,"2마리 구조, 심장사상충&파보 음성, 종합&광견병 백신, 심장사상충약",M,"공주시 백제문화로 2125-9, 노블레스 원룸 주변",충청남도 공주시,종료(자연사),http://openapi.animal.go.kr/openapi/service/rest/fileDownloadSrvc/files/shelter/2026/05/202605121705518.jpg
444449202601154,믹스견,갈색,"6마리 함께 구조, 순함, 2개월 추정",F,서북구 직산읍 삼은리 1-8 땅콩밭 인근,충청남도 천안시,보호중,http://openapi.animal.go.kr/openapi/service/rest/fileDownloadSrvc/files/shelter/2026/05/202605121405151.jpg
444449202601153,믹스견,갈색,"6마리 함께 구조, 순함, 2개월 추정",F,서북구 직산읍 삼은리 1-8 땅콩밭 인근,충청남도 천안시,보호중,http://openapi.animal.go.kr/openapi/service/rest/fileDownloadSrvc/files/shelter/2026/05/202605121405344.jpg
443571202601130,믹스견,황갈색,빨간 목줄 착용 상태로 입소 순합 ,M,송정리 119-2,충청북도 청주시,보호중,http://openapi.animal.go.kr/openapi/service/rest/fileDownloadSrvc/files/shelter/2026/05/202605121705522.jpg
443571202601129,삽살개,회색,"약간 경계심이 있으나 순한 성격, 얼굴쪽 예민함, 쇠목줄 쇠리드줄 착용",M,오창읍 백현리 194,충청북도 청주시,보호중,http://openapi.animal.go.kr/openapi/service/rest/fileDownloadSrvc/files/shelter/2026/05/202605121705620.jpg
443571202601128,믹스견,갈색,빨간 목줄 착용 상태로 입소 순합 ,F,송정리 119-2,충청북도 청주시,보호중,http://openapi.animal.go.kr/openapi/service/rest/fileDownloadSrvc/files/shelter/2026/05/202605121705963.jpg
443571202601127,믹스견,갈색,"파란목줄 착용, 겁이 많음",M,문의면 회남문의로 1968-29,충청북도 청주시,보호중,http://openapi.animal.go.kr/openapi/service/rest/fileDownloadSrvc/files/shelter/2026/05/202605121505591.jpg
443571202601126,푸들,갈색,"노견, 백탁, 기력없음, 부정교합 심함, 순한 아이",M,강내면 다락2리,충청북도 청주시,보호중,http://openapi.animal.go.kr/openapi/service/rest/fileDownloadSrvc/files/shelter/2026/05/20260512150556.jpg
443440202600193,보더 콜리,검정&흰색,온순함,F,자원관리센터 주차장,충청북도 제천시,종료(입양),http://openapi.animal.go.kr/openapi/service/rest/fileDownloadSrvc/files/shelter/2026/05/202605121705767[1].jpg
443440202600192,믹스견,흰색,심장사상충양성,M,천남동 195-1,충청북도 제천시,보호중,http://openapi.animal.go.kr/openapi/service/rest/fileDownloadSrvc/files/shelter/2026/05/202605121405531.jpg
443439202600290,믹스견,흰색,"길거리 배회, 사상충양성,순함",F,엄정 율능리,충청북도 충주시,보호중,http://openapi.animal.go.kr/openapi/service/rest/fileDownloadSrvc/files/shelter/2026/05/202605121605547[1].jpg
442434202600196,믹스견,흰색&검은반점,겁많음. 순함.,M,강원특별자치도 광산1리,강원특별자치도 고성군,종료(입양),http://openapi.animal.go.kr/openapi/service/rest/fileDownloadSrvc/files/shelter/2026/05/202605121405449.jpg
442434202600195,믹스견,흰색&검은반점,겁많음. 순함.,F,강원특별자치도 광산1리,강원특별자치도 고성군,보호중,http://openapi.animal.go.kr/openapi/service/rest/fileDownloadSrvc/files/shelter/2026/05/202605121405101.jpg
442430202600069,믹스견,검정색,사람을 좋아하며 순함,M,노동당사 인근 부대,강원특별자치도 철원군,종료(자연사),http://openapi.animal.go.kr/openapi/service/rest/fileDownloadSrvc/files/shelter/2026/05/202605121605285[1].jpg
442425202600056,믹스견,금색&흰색,온순함,F,홍천읍 희망리 63-2,강원특별자치도 홍천군,보호중,http://openapi.animal.go.kr/openapi/service/rest/fileDownloadSrvc/files/shelter/2026/05/202605121705511[1].jpg
442418202600605,시베리안 허스키,검정&흰색,온순,M,한림성심대 산학관,강원특별자치도 춘천시,종료(반환),http://openapi.animal.go.kr/openapi/service/rest/fileDownloadSrvc/files/shelter/2026/04/202605121405742.jpg
441553202601642,믹스견,갈색&검정,칩없음/사람에 대한 경계심 전혀 없음/ 털상태 좋음/카키색 목줄 하고있음/,M,양감119,경기도 화성시,보호중,http://openapi.animal.go.kr/openapi/service/rest/fileDownloadSrvc/files/shelter/2026/04/202605121405852.jpg
441405202601210,치와와,갈색&흰색,"미용 흔적 있음, 귀여운 아이",F,기흥구 신정로301번길 100-6,경기도 용인시,보호중,http://openapi.animal.go.kr/openapi/service/rest/fileDownloadSrvc/files/shelter/2026/04/202605121505565.jpg
441401202600492,스탠다드 푸들,흰색,"앉아서 손주는 애교쟁이, 엉덩이 부분 터치에 예민함, 미용흔적 있음",M,거모동 612-1,경기도 시흥시,보호중,http://openapi.animal.go.kr/openapi/service/rest/fileDownloadSrvc/files/shelter/2026/05/202605121705666.jpg
441401202600490,시바,"기타(갈,흰)",사람 손길을 좋아하는 호기심 많은 개구쟁이,F,인선길 77,경기도 시흥시,종료(반환),http://openapi.animal.go.kr/openapi/service/rest/fileDownloadSrvc/files/shelter/2026/05/202605120905868.jpg
441400202600185,시바,기타(),"전체미용,좌측앞다리 타박상치료",F,박동길15,경기도 오산시,종료(반환),http://openapi.animal.go.kr/openapi/service/rest/fileDownloadSrvc/files/shelter/2026/04/202605121605496[1].jpg
441397202600099,비숑 프리제,기타(백),"파란목줄,순함,털엉킴,눈물자국심함",M,과천시청에서 인수,경기도 과천시,종료(반환),http://openapi.animal.go.kr/openapi/service/rest/fileDownloadSrvc/files/shelter/2026/05/202605121605833[1].jpg
441394202600914,믹스견,기타(검정황색),없음,F,지축동919,경기도 고양시,종료(반환),http://openapi.animal.go.kr/openapi/service/rest/fileDownloadSrvc/files/shelter/2026/04/202605121105107.jpg
441393202600563,푸들,기타(백),"오른쪽 눈 염증 심함,순함",F,고잔동618-18 부근,경기도 안산시,보호중,http://openapi.animal.go.kr/openapi/service/rest/fileDownloadSrvc/files/shelter/2026/05/202605121805339.jpg
441393202600562,믹스견,기타(갈백),"노란색하네스,겁많음",M,목내로150 부근,경기도 안산시,종료(반환),http://openapi.animal.go.kr/openapi/service/rest/fileDownloadSrvc/files/shelter/2026/05/202605121805131.jpg
441391202600807,믹스견,흰색,7개월령 추정.백곰같이 생긴외모. 귀여움...,M,궁리공원,경기도 평택시,보호중,http://openapi.animal.go.kr/openapi/service/rest/fileDownloadSrvc/files/shelter/2026/04/202605121705493.jpg
441391202600789,믹스견,갈색&흰색,"귀여움/포획틀에 잡힘/밝은색 눈,밝은색 코",M,현덕면 기산2길 1-23,경기도 평택시,보호중,http://openapi.animal.go.kr/openapi/service/rest/fileDownloadSrvc/files/shelter/2026/04/202605121305311.jpg
441391202600788,믹스견,갈색&흰색,"추첨제 당첨자 선발 완료, 26일 방문 예정",M,팽성읍 계양로 cu편의점 근처,경기도 평택시,보호중,http://openapi.animal.go.kr/openapi/service/rest/fileDownloadSrvc/files/shelter/2026/04/202605121305750.jpg
441386202600628,믹스견,갈색,"입소당시 순함, 소유주 연락됨",M,부천시 성주로 70,경기도 부천시,종료(반환),http://openapi.animal.go.kr/openapi/service/rest/fileDownloadSrvc/files/shelter/2026/04/20260512120544.jpg
441383202600192,믹스견,기타(갈백),"겁많음,나이미상,성별미상",Q,안양시청에서 인수,경기도 안양시,보호중,http://openapi.animal.go.kr/openapi/service/rest/fileDownloadSrvc/files/shelter/2026/05/202605121605374.jpg
441383202600191,믹스견,기타(갈),겁많음,F,안양시청에서 인수,경기도 안양시,보호중,http://openapi.animal.go.kr/openapi/service/rest/fileDownloadSrvc/files/shelter/2026/05/202605121605758.jpg
441378202600612,포메라니안,갈색,몸통 미용 완료,F,중원구 순환로 124번길 7,경기도 성남시,종료(반환),http://openapi.animal.go.kr/openapi/service/rest/fileDownloadSrvc/files/shelter/2026/04/20260512170554.jpg
441374202600537,믹스견,기타(갈흑색),내장형무선식별장치 있음,F,팔달구 중부대로183번길 35-1(우만동),경기도 수원시,종료(반환),http://openapi.animal.go.kr/openapi/service/rest/fileDownloadSrvc/files/shelter/2026/05/202605121705557[1].jpg
430368202600181,믹스견,황갈색,.,M,연축동 69-1 번지,대전광역시 대덕구,보호중,http://openapi.animal.go.kr/openapi/service/rest/fileDownloadSrvc/files/shelter/2026/05/202605121705296.png
430368202600180,믹스견,흰색&황갈색,.,M,연축동 69-1 번지,대전광역시 대덕구,보호중,http://openapi.animal.go.kr/openapi/service/rest/fileDownloadSrvc/files/shelter/2026/05/202605121705373.png
427346202600483,믹스견,기타(흰색),"진드기많음,숨소리안좋음,사나움",M,5군수지원사령부,대구광역시 수성구,보호중,http://openapi.animal.go.kr/openapi/service/rest/fileDownloadSrvc/files/shelter/2026/05/202605121205415.jpg
427343202600388,믹스견,갈색,"두마리 같이 구조됨,매우 예민함",F,서대구로3길 74-4,대구광역시 서구,종료(입양),http://openapi.animal.go.kr/openapi/service/rest/fileDownloadSrvc/files/shelter/2026/04/202605121505665.jpg
427343202600387,믹스견,갈색,"두마리 같이 구조됨,매우 예민함",F,서대구로3길 74-4,대구광역시 서구,종료(입양),http://openapi.animal.go.kr/openapi/service/rest/fileDownloadSrvc/files/shelter/2026/04/202605121505839.jpg
411320202600192,믹스견,검정&흰색,온순하며 활발함. 노랑색/빨강색 목줄 착용,M,법원단지 28길 15,서울특별시 관악구,종료(반환),http://openapi.animal.go.kr/openapi/service/rest/fileDownloadSrvc/files/shelter/2026/05/202605121505345.jpg
411317202600235,믹스견,갈색,겁 있음. 온순. 초록색 바탕에 양 끝 노란 줄 있는 낡은 목줄 착용. 꼬리 단미 안됨. 털 약간 때탐. ,F,서울 금천구 시흥동 784-21,서울특별시 금천구,보호중,http://openapi.animal.go.kr/openapi/service/rest/fileDownloadSrvc/files/shelter/2026/04/202605121505322.jpg
411301202600210,포메라니안,기타(갈/흰),온순. 얌전. 좌 전지 다리를 딛지 못함. 우 후지 슬개골에 의한 파행. 청록색 바탕 꽃 그려진 옷 착용. ,M,서울 중구 봉래동2가 122-40 서울역 7번 환승센터 ,서울특별시 중구,보호중,http://openapi.animal.go.kr/openapi/service/rest/fileDownloadSrvc/files/shelter/2026/04/202605121505612.jpg
445468202601145,믹스견,검정색,진도믹스로 생후 12일되었음,F,익산시 삼기면 황금로 342-17,전북특별자치도 익산시,보호중,http://openapi.animal.go.kr/openapi/service/rest/fileDownloadSrvc/files/shelter/2026/05/202605121705816[1].jpg
445468202601144,믹스견,흰색,진도믹스로 생후 10일정도 되었음,F,익산시 삼기면 황금로 342-17,전북특별자치도 익산시,보호중,http://openapi.animal.go.kr/openapi/service/rest/fileDownloadSrvc/files/shelter/2026/05/202605121705771.jpg
445468202601143,믹스견,흰색,진도믹스로 생후 10일정도 되었음,F,익산시 삼기면 황금로 342-17,전북특별자치도 익산시,보호중,http://openapi.animal.go.kr/openapi/service/rest/fileDownloadSrvc/files/shelter/2026/05/202605121705515[1].jpg
445468202601142,믹스견,흰색,진도믹스로 생후 10일정도 되었음,F,익산시 삼기면 황금로 342-17,전북특별자치도 익산시,보호중,http://openapi.animal.go.kr/openapi/service/rest/fileDownloadSrvc/files/shelter/2026/05/202605121705825.jpg
445468202601141,믹스견,흰색,진도믹스로 생후 10일정도 되었음,F,익산시 삼기면 황금로 342-17,전북특별자치도 익산시,보호중,http://openapi.animal.go.kr/openapi/service/rest/fileDownloadSrvc/files/shelter/2026/05/202605121705473.jpg
445468202601140,믹스견,흰색,진도믹스로 생후 10일정도 되었음,F,익산시 삼기면 황금로 342-17,전북특별자치도 익산시,보호중,http://openapi.animal.go.kr/openapi/service/rest/fileDownloadSrvc/files/shelter/2026/05/20260512170506.jpg
445468202601139,믹스견,흰색,진도믹스로 생후 10일정도 되었음,F,익산시 삼기면 황금로 342-17,전북특별자치도 익산시,보호중,http://openapi.animal.go.kr/openapi/service/rest/fileDownloadSrvc/files/shelter/2026/05/202605121705575.jpg
445468202601138,믹스견,흰색,진도믹스로 생후 10일정도 되었음,F,익산시 삼기면 황금로 342-17,전북특별자치도 익산시,보호중,http://openapi.animal.go.kr/openapi/service/rest/fileDownloadSrvc/files/shelter/2026/05/202605121705380.jpg
445468202601137,믹스견,흰색,진도믹스로 생후 10일정도 되었음,F,익산시 삼기면 황금로 342-17,전북특별자치도 익산시,보호중,http://openapi.animal.go.kr/openapi/service/rest/fileDownloadSrvc/files/shelter/2026/05/202605121705104.jpg
445468202601136,믹스견,흰색,생후 10일정도 되었음,M,익산시 삼기면 황금로 342-17,전북특별자치도 익산시,보호중,http://openapi.animal.go.kr/openapi/service/rest/fileDownloadSrvc/files/shelter/2026/05/202605121705793.jpg
446489202600054,믹스견,갈색&흰색,온순함,F,노동면 노동천동길 221,전라남도 보성군,종료(입양),http://openapi.animal.go.kr/openapi/service/rest/fileDownloadSrvc/files/shelter/2026/04/202605121505506.jpg
442433202600392,믹스견,흰색,유기견이 나은 강아지,F,인제군 서화면 서흥리,강원특별자치도 인제군,보호중,http://openapi.animal.go.kr/openapi/service/rest/fileDownloadSrvc/files/shelter/2026/04/202605121005766.jpg
447512202600456,믹스견,검정&흰색,유기된 40일령 새끼2마리 귀엽고 예쁨,M,산양덕암,경상북도 문경시,종료(입양),http://openapi.animal.go.kr/openapi/service/rest/fileDownloadSrvc/files/shelter/2026/04/202605120905150.jpg
447512202600455,믹스견,검정&흰색,유기된 40일령 새끼2마리 귀엽고 예쁨,M,산양덕암,경상북도 문경시,종료(입양),http://openapi.animal.go.kr/openapi/service/rest/fileDownloadSrvc/files/shelter/2026/04/202605120905957.jpg
442419202600361,믹스견,갈색,"털관리안됨, 겁이많음",M,문막중부근,강원특별자치도 원주시,보호중,http://openapi.animal.go.kr/openapi/service/rest/fileDownloadSrvc/files/shelter/2026/05/202605222005953.jpg
445478202600314,믹스견,검정&흰색,들개무리,F,신림면 대강길,전북특별자치도 고창군,보호중,http://openapi.animal.go.kr/openapi/service/rest/fileDownloadSrvc/files/shelter/2026/05/202605191305867.jpg
445478202600310,믹스견,검정&흰색,들개무리,F,신림면 대강길,전북특별자치도 고창군,보호중,http://openapi.animal.go.kr/openapi/service/rest/fileDownloadSrvc/files/shelter/2026/05/202605191305442.jpg
445478202600309,믹스견,엷은 황갈색&흰색,들개무리,F,신림면 대강길,전북특별자치도 고창군,보호중,http://openapi.animal.go.kr/openapi/service/rest/fileDownloadSrvc/files/shelter/2026/05/202605191305441.jpg
445478202600308,믹스견,검정 황갈색&흰색,들개무리,F,신림면 대강길,전북특별자치도 고창군,보호중,http://openapi.animal.go.kr/openapi/service/rest/fileDownloadSrvc/files/shelter/2026/05/202605191305638.jpg
447523202600333,믹스견,검정&흰색,멀리서보면 반달가슴곰~ 용감한 형제입니다(오른쪽),M,풍양면 공덕리,경상북도 예천군,보호중,http://openapi.animal.go.kr/openapi/service/rest/fileDownloadSrvc/files/shelter/2026/05/202605151005230.jpeg
447523202600332,믹스견,검정&흰색,멀리서보면 반달가슴곰~ 용감한 형제입니다(왼쪽),M,풍양면 공덕리,경상북도 예천군,보호중,http://openapi.animal.go.kr/openapi/service/rest/fileDownloadSrvc/files/shelter/2026/05/202605151005497.jpeg
443445202600298,푸들,흰색,피모는 미용된 상태/마으크로칩없음/심장사상충 음성/건강상태 양호,F,"진천읍 장관2길 139, 105동 1305호",충청북도 진천군,보호중,http://openapi.animal.go.kr/openapi/service/rest/fileDownloadSrvc/files/shelter/2026/04/202605151305416.jpeg
446485202600330,보더 콜리,검정&흰색,온순함,M,창평현로612-8,전라남도 담양군,보호중,http://openapi.animal.go.kr/openapi/service/rest/fileDownloadSrvc/files/shelter/2026/04/202605140905535.jpg
441559202600587,믹스견,갈색&흰색,파란색 바탕에 노란띠 그려진 목걸이. 겁 많음. 돌발성 입질. 꼬리 단미 안됨. 털 상태 양호.,F,경기 양주시 덕계동 991-8 일대,경기도 양주시,보호중,http://openapi.animal.go.kr/openapi/service/rest/fileDownloadSrvc/files/shelter/2026/05/20260512150542.jpg
441559202600586,믹스견,갈색&검정,겁많음. 돌발성 입질. 꼬리단미안됨. 털상태양호.,F,경기 양주시 덕계동 산 129 일대,경기도 양주시,보호중,http://openapi.animal.go.kr/openapi/service/rest/fileDownloadSrvc/files/shelter/2026/05/202605121505511.jpg
441559202600585,믹스견,기타(흰색),겁. 방어적 입질. 꼬리단미 안됨. 털 약간 때탐.,F,경기 양주시 장흥면 부곡리 15-1 일대,경기도 양주시,보호중,http://openapi.animal.go.kr/openapi/service/rest/fileDownloadSrvc/files/shelter/2026/05/20260512150557.jpg
441559202600583,셰퍼드,기타(검/갈),온순. 겁 있음. 빨간색 목줄. 검은색 낡은 리드줄. 진드기 오염. 꼬리 단미 안됨. 털 상태 양호. ,F,경기 양주시 옥정동로7길 110 (옥정동),경기도 양주시,보호중,http://openapi.animal.go.kr/openapi/service/rest/fileDownloadSrvc/files/shelter/2026/05/202605121505595.jpg
441559202600582,믹스견,갈색,온순.겁많음.안으면무서워함.초록색바탕가운데빨간줄목줄.쇠사슬리드줄.꼬리단미안됨.털상태양호. ,M,경기 양주시 장흥면 호국로73번길 87-67 (일영리) 인근,경기도 양주시,보호중,http://openapi.animal.go.kr/openapi/service/rest/fileDownloadSrvc/files/shelter/2026/05/20260512150561.jpg
446482202600145,믹스견,갈색,"사상충-음성,접종(종합백신/코로나장염/광견병),데피니트,스팟라인",F,장선배기1길10-33,전라남도 순천시,보호중,http://openapi.animal.go.kr/openapi/service/rest/fileDownloadSrvc/files/shelter/2026/05/202605151405611.jpg
441404202600180,믹스견,크림색,온순하고 사람 경계가 있으나 안정 시 차분한 성향을 보임,M,춘궁동 147 주변,경기도 하남시,보호중,http://openapi.animal.go.kr/openapi/service/rest/fileDownloadSrvc/files/shelter/2026/05/202605120905886.png
430367202600293,믹스견,기타(백황),없음,F,관용로 54,대전광역시 유성구,보호중,http://openapi.animal.go.kr/openapi/service/rest/fileDownloadSrvc/files/shelter/2026/04/202605131605260.png
430367202600287,믹스견,기타(백황),없음,F,관용로 54,대전광역시 유성구,보호중,http://openapi.animal.go.kr/openapi/service/rest/fileDownloadSrvc/files/shelter/2026/04/202605131105250.png
426332202600188,믹스견,흰색&황갈색,"2두,복실복실한털,앙증맞은발,온순하고활발한성격,북구1-37",F,"중리로 85, 동일몰딩",부산광역시 북구,보호중,http://openapi.animal.go.kr/openapi/service/rest/fileDownloadSrvc/files/shelter/2026/04/202605131505526[1].jpg
426332202600187,믹스견,검정&흰색,"2두,복실복실한털,앙증맞은발,온순하고활발한성격,북구1-36",F,"중리로 85, 동일몰딩",부산광역시 북구,보호중,http://openapi.animal.go.kr/openapi/service/rest/fileDownloadSrvc/files/shelter/2026/04/202605131505769.jpg
426328202600118,푸들,흰색,"온순함, 샴푸향이 남, 하울링이 매우 심함",F,영도구 남항새싹길 79,부산광역시 영도구,보호중,http://openapi.animal.go.kr/openapi/service/rest/fileDownloadSrvc/files/shelter/2026/05/202605131105373.jpg
426328202600117,시바,황갈색,"사람을 좋아하고 잘따름, 등부분털이 뭉쳐있음, 발톱이 매우김",F,영도구 하리해안길 6-3,부산광역시 영도구,보호중,http://openapi.animal.go.kr/openapi/service/rest/fileDownloadSrvc/files/shelter/2026/05/202605131105137.jpg
411314202600143,비숑 프리제,흰색,온순. 활발. 사람 좋아함. 꼬리 단미 안됨. 털 상태 양호. ,M,서울 양천구 신월사거리 인근,서울특별시 양천구,보호중,http://openapi.animal.go.kr/openapi/service/rest/fileDownloadSrvc/files/shelter/2026/04/202605121505746.jpg
411313202600182,기타,갈색&흰색,주황바탕에 하네스줄 착용 살짝마름 성격좋음,F,마포구 잔다리로6,서울특별시 마포구,종료(반환),http://openapi.animal.go.kr/openapi/service/rest/fileDownloadSrvc/files/shelter/2026/05/202605111305473.jpg
411302202600238,미니어쳐 핀셔,갈색,온순하고 양호함. 목걸이 장착.,M,우사단로4길 1 주변,서울특별시 용산구,종료(반환),http://openapi.animal.go.kr/openapi/service/rest/fileDownloadSrvc/files/shelter/2026/05/202605111205533.jpg
450650202601123,믹스견,갈색,개체관리번호 0975 - 심장사상충,M,제주시 애월읍 애월로 4길 7,제주특별자치도,보호중,http://openapi.animal.go.kr/openapi/service/rest/fileDownloadSrvc/files/shelter/2026/05/202605120905841.jpg
450650202601122,믹스견,검정&흰색,개체관리번호 0974 - 심장사상충,M,제주시 구좌읍 다랑쉬북로 313-5,제주특별자치도,보호중,http://openapi.animal.go.kr/openapi/service/rest/fileDownloadSrvc/files/shelter/2026/05/202605120905546.jpg
450650202601121,믹스견,흰색,개체관리번호 0973 ,F,제주시 오라이동 오라교차로 인근,제주특별자치도,보호중,http://openapi.animal.go.kr/openapi/service/rest/fileDownloadSrvc/files/shelter/2026/05/202605120905238.jpg
450650202601120,믹스견,기타(브린들),개체관리번호 0972 - 녹빨목줄,M,제주시 애월읍 애월리 2366,제주특별자치도,보호중,http://openapi.animal.go.kr/openapi/service/rest/fileDownloadSrvc/files/shelter/2026/05/202605120905435.jpg
450650202601119,믹스견,갈색,"개체관리번호 0971 - 1개월/항문 파리유충, 쇠약",F,서귀포시 안덕면 광평리 38,제주특별자치도,종료(안락사),http://openapi.animal.go.kr/openapi/service/rest/fileDownloadSrvc/files/shelter/2026/05/20260512090543.jpg
450650202601118,믹스견,갈색,개체관리번호 0970 - 1개월,M,서귀포시 안덕면 광평리 38,제주특별자치도,보호중,http://openapi.animal.go.kr/openapi/service/rest/fileDownloadSrvc/files/shelter/2026/05/202605120905998.jpg
450650202601117,믹스견,갈색,개체관리번호 0969 - 4개월/검정징목줄,F,서귀포시 대정읍 도원남로 133-6 주택 마당,제주특별자치도,보호중,http://openapi.animal.go.kr/openapi/service/rest/fileDownloadSrvc/files/shelter/2026/05/202605120905578.jpg
450650202601116,믹스견,흰색,개체관리번호 0968 - 5개월/검정징목줄,M,서귀포시 남원읍 위미리 4514,제주특별자치도,보호중,http://openapi.animal.go.kr/openapi/service/rest/fileDownloadSrvc/files/shelter/2026/05/202605120905660.jpg
450650202601115,믹스견,갈색,개체관리번호 0967 - 2개월,F,서귀포시 강정동 신월동로 92,제주특별자치도,종료(안락사),http://openapi.animal.go.kr/openapi/service/rest/fileDownloadSrvc/files/shelter/2026/05/202605120905378.jpg
450650202601114,믹스견,갈색,개체관리번호 0966 - 2개월,F,서귀포시 강정동 신월동로 92,제주특별자치도,종료(안락사),http://openapi.animal.go.kr/openapi/service/rest/fileDownloadSrvc/files/shelter/2026/05/202605120905585.jpg
450650202601113,믹스견,갈색,개체관리번호 0965 - 2개월,M,서귀포시 강정동 신월동로 92,제주특별자치도,보호중,http://openapi.animal.go.kr/openapi/service/rest/fileDownloadSrvc/files/shelter/2026/05/202605120905566.jpg
450650202601112,믹스견,갈색,개체관리번호 0964 - 2개월,M,서귀포시 강정동 신월동로 92,제주특별자치도,보호중,http://openapi.animal.go.kr/openapi/service/rest/fileDownloadSrvc/files/shelter/2026/05/202605120805107.jpg
450650202601110,포메라니안,갈색,개체관리번호 0962,M,서귀포시 서귀동 서문서로 43 서귀동어린이공원,제주특별자치도,종료(반환),http://openapi.animal.go.kr/openapi/service/rest/fileDownloadSrvc/files/shelter/2026/05/202605120805263.jpg
450650202601109,믹스견,흰색,개체관리번호 0961 - 빨간징목줄,M,서귀포시 성산읍 온평리 263-1,제주특별자치도,보호중,http://openapi.animal.go.kr/openapi/service/rest/fileDownloadSrvc/files/shelter/2026/05/202605120805413.jpg
448567202600622,시바,황갈색,"검정 목줄+빨간 끈 착용, 기본 교육 되어있음",M,성산구 반림동 반송파출소,경상남도 창원시 의창성산구,종료(반환),http://openapi.animal.go.kr/openapi/service/rest/fileDownloadSrvc/files/shelter/2026/05/202605120705854.jpg
448538202600378,요크셔 테리어,갈색&검정,"검정갈색,순함",M,덕계서로151 (주)상아안료,경상남도 양산시,보호중,http://openapi.animal.go.kr/openapi/service/rest/fileDownloadSrvc/files/shelter/2026/05/20260512160583.jpg
448538202600377,푸들,회색,"회색,순함",M,서남체육공원 (물금읍),경상남도 양산시,보호중,http://openapi.animal.go.kr/openapi/service/rest/fileDownloadSrvc/files/shelter/2026/05/202605121605279.jpg
448538202600376,믹스견,검정색,"검정색,순함,심장사상충양성",M,상북면홍룡로180,경상남도 양산시,보호중,http://openapi.animal.go.kr/openapi/service/rest/fileDownloadSrvc/files/shelter/2026/04/202605121105739.jpg
448538202600375,믹스견,검정색,"검정,순함,빨강목테착용",M,상북면홍룡로180,경상남도 양산시,보호중,http://openapi.animal.go.kr/openapi/service/rest/fileDownloadSrvc/files/shelter/2026/04/202605121105830.jpg
448535202600338,믹스견,흰색,"김해시-322, 기립불능, 허약, 탈진",F,김해시 한림면 명동로122번길 16-50,경상남도 김해시,종료(자연사),http://openapi.animal.go.kr/openapi/service/rest/fileDownloadSrvc/files/shelter/2026/05/202605121005359.png
447525202600153,믹스견,흰색,친근하고 온순함,M,북면,경상북도 울진군,보호중,http://openapi.animal.go.kr/openapi/service/rest/fileDownloadSrvc/files/shelter/2026/05/202605121305694.jpg
447525202600152,믹스견,검정색,친근하고 온순함,M,울진읍,경상북도 울진군,보호중,http://openapi.animal.go.kr/openapi/service/rest/fileDownloadSrvc/files/shelter/2026/04/202605121005491.jpg
446493202600108,믹스견,갈색&검정,사람을 경계함. 꼬리 없음. 공고번호 2026-00107의 자견.,M,삼산면 구림리,전라남도 해남군,종료(자연사),http://openapi.animal.go.kr/openapi/service/rest/fileDownloadSrvc/files/shelter/2026/04/202605111305201.jpg
446493202600107,믹스견,흰색,사람을 경계함. 목걸이 착용. 공고번호 2026-00108의 모견.,F,삼산면 구림리,전라남도 해남군,보호중,http://openapi.animal.go.kr/openapi/service/rest/fileDownloadSrvc/files/shelter/2026/04/202605111305439[1].jpg
446483202600638,믹스견,흰색,축사주변매일출몰 포획틀에구조,M,나주시세지면오봉리2-35축사,전라남도 나주시,보호중,http://openapi.animal.go.kr/openapi/service/rest/fileDownloadSrvc/files/shelter/2026/04/202605121605843.jpeg
446481202600382,믹스견,레몬색&흰색,3-4개월령 새끼강아지 / 1차&광견병 접종 완료 / 온순함,F,서교2길 9-2 시장앞,전라남도 여수시,보호중,http://openapi.animal.go.kr/openapi/service/rest/fileDownloadSrvc/files/shelter/2026/05/202605121305340.jpeg
446481202600381,진도견,흰색,"구조 당시 한쪽눈,목 밑 상처 / 경계심 많음",F,율촌면 서부로 1591,전라남도 여수시,보호중,http://openapi.animal.go.kr/openapi/service/rest/fileDownloadSrvc/files/shelter/2026/05/202605121305566.jpeg
446481202600380,푸들,갈색,구조 당시 엉킨털 상태 구조 후 전신미용진행,M,무선7길 11-1,전라남도 여수시,보호중,http://openapi.animal.go.kr/openapi/service/rest/fileDownloadSrvc/files/shelter/2026/05/202605121305161.jpeg
445479202600475,믹스견,갈색,온순해 보임.,F, 주산면 종유로 251-48,전북특별자치도 부안군,보호중,http://openapi.animal.go.kr/openapi/service/rest/fileDownloadSrvc/files/shelter/2026/04/202605120905328.jpg
445479202600474,믹스견,흰색, 경계심 있어보임.,F, 주산면 종유로 251-48,전북특별자치도 부안군,보호중,http://openapi.animal.go.kr/openapi/service/rest/fileDownloadSrvc/files/shelter/2026/04/202605120905673.jpg
444454202600727,믹스견,갈색&검정&흰색,"소방서구조,사상충양성,경계심",M,양촌면,충청남도 논산시,보호중,http://openapi.animal.go.kr/openapi/service/rest/fileDownloadSrvc/files/shelter/2026/04/202605121605399.jpg
444454202600726,시바,흑갈색,지알디아양성,M,은진면,충청남도 논산시,보호중,http://openapi.animal.go.kr/openapi/service/rest/fileDownloadSrvc/files/shelter/2026/04/202605121605343.jpg
444450202600432,비숑 프리제,흰색,"미용, 심장사상충 양성, 파보 음성, 종합&광견병 백신,혈전치료&혈전용해제 투여",F,"계룡면 중장리 328-5, 갑사주차장에서 공주방향 3키로미터 지점 갓길",충청남도 공주시,보호중,http://openapi.animal.go.kr/openapi/service/rest/fileDownloadSrvc/files/shelter/2026/05/202605121305693.jpg
444450202600431,믹스견,노란색,"4마리 구조, 심장사상충 양성, 파보 음성, 종합&광견병 백신,혈전치료&혈전용해제 투여",F,계룡면 향지리 494-3,충청남도 공주시,보호중,http://openapi.animal.go.kr/openapi/service/rest/fileDownloadSrvc/files/shelter/2026/05/202605121305308.jpg
444450202600430,믹스견,갈색&흰색,"4마리 구조, 심장사상충&파보 음성, 종합&광견병 백신, 심장사상충약",F,계룡면 향지리 494-3,충청남도 공주시,보호중,http://openapi.animal.go.kr/openapi/service/rest/fileDownloadSrvc/files/shelter/2026/05/202605121305633.jpg
444450202600429,믹스견,흰색,"4마리 구조, 심장사상충&파보 음성, 종합&광견병 백신, 심장사상충약",M,계룡면 향지리 494-3,충청남도 공주시,보호중,http://openapi.animal.go.kr/openapi/service/rest/fileDownloadSrvc/files/shelter/2026/05/202605121305930.jpg
444450202600428,믹스견,흰색,"4마리 구조, 심장사상충&파보 음성, 종합&광견병 백신, 심장사상충약",M,계룡면 향지리 494-3,충청남도 공주시,보호중,http://openapi.animal.go.kr/openapi/service/rest/fileDownloadSrvc/files/shelter/2026/05/202605121305375.jpg
442421202600046,믹스견,갈색&검정,겁이 많음,Q,강원특별자치도 동해시 삼화4길 ,강원특별자치도 동해시,보호중,http://openapi.animal.go.kr/openapi/service/rest/fileDownloadSrvc/files/shelter/2026/04/202605120905485.jpg
442419202600339,믹스견,크림색,"겁이 많아 경계, 입주위 색이짖음",M,개운3길 63-3,강원특별자치도 원주시,보호중,http://openapi.animal.go.kr/openapi/service/rest/fileDownloadSrvc/files/shelter/2026/04/202605120705487.jpg
441560202600439,믹스견,흰색,온순. 겁 약간. 코 분홍. 진드기 오염. 꼬리 단미 안됨. 털 약간 때탐. ,M,경기 포천시 이동면 화동로 2530 (도평리) 인근 밭,경기도 포천시,보호중,http://openapi.animal.go.kr/openapi/service/rest/fileDownloadSrvc/files/shelter/2026/05/202605121505495.jpg
441560202600438,믹스견,갈색&검정&흰색,온순. 얌전. 진드기 오염. 양눈 결막염. 좌안 녹내장 의심 및 부음. 우안 사시 추정. ,M,경기 포천시 창수면 창동로 274 (오가리) 인근,경기도 포천시,보호중,http://openapi.animal.go.kr/openapi/service/rest/fileDownloadSrvc/files/shelter/2026/05/202605121505496.jpg
441560202600437,믹스견,흰색,온순. 얌전. 검정색 목줄. 끊어진 밧줄로 된 리드줄. 살구색 바탕 주황색 곰돌이 얼굴 옷. 배 수술 자국.,F,경기 포천시 내촌면 금강로 2482 (내리),경기도 포천시,종료(반환),http://openapi.animal.go.kr/openapi/service/rest/fileDownloadSrvc/files/shelter/2026/05/202605121505372.jpg
441414202600326,믹스견,갈색&검정&흰색,온순.겁 많음.안으면무서워함.빨강색바탕가운데노란줄목줄.쇠사슬리드줄.꼬리단미안됨.털상태양호.,F,경기 연천군 옥산1리 합내로854번길 일원,경기도 연천군,보호중,http://openapi.animal.go.kr/openapi/service/rest/fileDownloadSrvc/files/shelter/2026/05/202605121505565.jpg
441409202600430,믹스견,갈색,겁 많음. 경계. 방어적 입질. 발정. 꼬리 단미 안됨. 털 상태 약간 때탐. ,F,경기 김포시 대곶면 율생리 687-1 ,경기도 김포시,보호중,http://openapi.animal.go.kr/openapi/service/rest/fileDownloadSrvc/files/shelter/2026/05/202605121505177.jpg
441404202600181,믹스견,크림색,다소 소심하나 공격성 없이 조용한 성향을 보임,F,춘궁동 147,경기도 하남시,보호중,http://openapi.animal.go.kr/openapi/service/rest/fileDownloadSrvc/files/shelter/2026/05/202605120905832.png
441394202600913,포메라니안,붉고 엷은 황갈색,금색검정색 목걸이 착용,F,신원동 355-1,경기도 고양시,보호중,http://openapi.animal.go.kr/openapi/service/rest/fileDownloadSrvc/files/shelter/2026/04/202605111805165.jpg
428356202600579,믹스견,갈색,"2마리 함께 입소, 5-6개월 추정,진드기 제거, 진드기 약 도포 완료, 겁 많음, 사랑스러움",F,검암동 92-3,인천광역시 서구,보호중,http://openapi.animal.go.kr/openapi/service/rest/fileDownloadSrvc/files/shelter/2026/05/202605111605703.jpg
428356202600578,믹스견,갈색,"2마리 함께 입소, 5-6개월 추정,진드기 제거, 진드기 약 도포 완료, 손타는 겁쟁이, 사랑스러움 ",F,검암동 92-3,인천광역시 서구,보호중,http://openapi.animal.go.kr/openapi/service/rest/fileDownloadSrvc/files/shelter/2026/05/202605111605359.jpg
428355202600189,비숑 프리제,흰색,곰돌이 미용되어있슴,M,효성동 지인헤어앞,인천광역시 계양구,보호중,http://openapi.animal.go.kr/openapi/service/rest/fileDownloadSrvc/files/shelter/2026/05/202605121105448.jpg
428351202600288,포메라니안,흰색,"구조당시 약간의 콧물, 이외에는 비교적 양호한것으로 사료됨, 온순한편임, 밥을 안먹음",M,문학산 산책로 중턱 ,인천광역시 미추홀구,종료(자연사),http://openapi.animal.go.kr/openapi/service/rest/fileDownloadSrvc/files/shelter/2026/05/202605111505408.jpg
428349202600302,푸들,갈색,"구조시 마른 상태, 매우 순함",M,마시란로 266 인근,인천광역시 중구,종료(반환),http://openapi.animal.go.kr/openapi/service/rest/fileDownloadSrvc/files/shelter/2026/05/202605111605446.jpg
427514202600088,믹스견,갈색&흰색,순하고 겁이 많음,M,군위읍 수서리,대구광역시 군위군,보호중,http://openapi.animal.go.kr/openapi/service/rest/fileDownloadSrvc/files/shelter/2026/05/202605111705707.jpg
427348202600496,믹스견,검정색,매우 귀여운 새끼 강아지,M,국가산단북로31길19,대구광역시 달성군,보호중,http://openapi.animal.go.kr/openapi/service/rest/fileDownloadSrvc/files/shelter/2026/05/20260512160522.jpg
427348202600495,믹스견,검정&황갈색,매우 귀여운 새끼 강아지,F,국가산단북로31길19,대구광역시 달성군,보호중,http://openapi.animal.go.kr/openapi/service/rest/fileDownloadSrvc/files/shelter/2026/05/202605121605286.jpg
427348202600494,믹스견,검정&황갈색,매우 귀여운 새끼 강아지,F,국가산단북로31길19,대구광역시 달성군,보호중,http://openapi.animal.go.kr/openapi/service/rest/fileDownloadSrvc/files/shelter/2026/05/202605121605808.jpg
427348202600493,믹스견,갈색&검정,매우 귀여운 새끼 강아지,F,국가산단북로31길19,대구광역시 달성군,보호중,http://openapi.animal.go.kr/openapi/service/rest/fileDownloadSrvc/files/shelter/2026/05/202605121605651[1].jpg
427348202600492,믹스견,검정&황갈색,매우 귀여운 새끼 강아지,F,국가산단북로31길19,대구광역시 달성군,보호중,http://openapi.animal.go.kr/openapi/service/rest/fileDownloadSrvc/files/shelter/2026/05/202605121605675.jpg
427348202600491,믹스견,흰색,매우 귀여운 새끼 강아지,F,국가산단북로31길19,대구광역시 달성군,보호중,http://openapi.animal.go.kr/openapi/service/rest/fileDownloadSrvc/files/shelter/2026/05/202605121605409.jpg
427348202600490,믹스견,흰색,매우 귀여운 새끼 강아지,F,국가산단북로31길19,대구광역시 달성군,보호중,http://openapi.animal.go.kr/openapi/service/rest/fileDownloadSrvc/files/shelter/2026/05/202605121605547[3].jpg
427348202600489,믹스견,기타(은갈색+검),성격이 매우 온순함.,F,국가산단북로31길19,대구광역시 달성군,보호중,http://openapi.animal.go.kr/openapi/service/rest/fileDownloadSrvc/files/shelter/2026/05/202605121605920[1].jpg
426340202600225,믹스견,흰색,"겁 많음, 안질환, 기력 저하, 흰색",M,장안읍 상장안길 29-4,부산광역시 기장군,보호중,http://openapi.animal.go.kr/openapi/service/rest/fileDownloadSrvc/files/shelter/2026/05/202605121405368.jpg
426340202600224,요크셔 테리어,갈색,"주인 연락됨, 겁 많음, 갈색",F,기장구조대,부산광역시 기장군,종료(반환),http://openapi.animal.go.kr/openapi/service/rest/fileDownloadSrvc/files/shelter/2026/05/202605121405631.jpg
426339202600115,믹스견,갈색&흰색,"사람을 매우 잘 따름,빨간색 목줄을 하고 있음,덩치가 좋음",M,사상구 감전동 165-19,부산광역시 사상구,보호중,http://openapi.animal.go.kr/openapi/service/rest/fileDownloadSrvc/files/shelter/2026/04/202605121505339.jpg
426336202600114,믹스견,흰색,"덩치가매우큼,녹내장이있음,코부분상처,강서1-54",M,강서소방서,부산광역시 강서구,보호중,http://openapi.animal.go.kr/openapi/service/rest/fileDownloadSrvc/files/shelter/2026/04/202605121605670.jpg
447502202600309,한국 고양이,흰색/검은색 얼룩무늬,"2개월 추정,허피스로 인해 눈을 못 뜨고 있었음,씩씩하고 애교 많은 고등어 왕자님!",M,경상북도 포항시 북구 중흥로229번길 20,경상북도 포항시,보호중,http://openapi.animal.go.kr/openapi/service/rest/fileDownloadSrvc/files/shelter/2026/05/202605251405624.jpg
445470202600681,믹스묘,기타(믹스),"기아, 탈수, 내외부 기생충",Q,운봉읍 북천길,전북특별자치도 남원시,보호중,http://openapi.animal.go.kr/openapi/service/rest/fileDownloadSrvc/files/shelter/2026/05/202605251505106.jpg
445470202600680,믹스묘,기타(믹스),"기아, 탈수, 내외부 기생충",Q,운봉읍 북천길,전북특별자치도 남원시,보호중,http://openapi.animal.go.kr/openapi/service/rest/fileDownloadSrvc/files/shelter/2026/05/202605251505317.jpg
445470202600679,믹스묘,기타(믹스),"기아, 탈수, 내외부 기생충",Q,운봉읍 북천길,전북특별자치도 남원시,보호중,http://openapi.animal.go.kr/openapi/service/rest/fileDownloadSrvc/files/shelter/2026/05/202605251505467.jpg
445470202600678,믹스묘,기타(믹스),"기아, 탈수, 내외부기생충",Q,운봉읍 북천길,전북특별자치도 남원시,보호중,http://openapi.animal.go.kr/openapi/service/rest/fileDownloadSrvc/files/shelter/2026/05/202605251505155.jpg
445470202600677,믹스묘,기타(믹스),귀여운 생명체로 밝은 성격으로 보입니다. 많은 관심 바랍니다.,F,주생면,전북특별자치도 남원시,보호중,http://openapi.animal.go.kr/openapi/service/rest/fileDownloadSrvc/files/shelter/2026/05/202605251505202.jpg
445464202601820,한국 고양이,레몬색&흰색,박스에 담겨져있었음,M,덕진구 금암1길 6-11,전북특별자치도 전주시,보호중,http://openapi.animal.go.kr/openapi/service/rest/fileDownloadSrvc/files/shelter/2026/05/202605251305915.jpg
445464202601819,한국 고양이,검은색흰색황토색조합,박스에 담겨져있었음,F,덕진구 금암1길 6-11,전북특별자치도 전주시,보호중,http://openapi.animal.go.kr/openapi/service/rest/fileDownloadSrvc/files/shelter/2026/05/202605251305869.jpg
445464202601818,한국 고양이,검은색흰색황토색조합,박스에 담겨져있었음,F,덕진구 금암1길 6-11,전북특별자치도 전주시,보호중,http://openapi.animal.go.kr/openapi/service/rest/fileDownloadSrvc/files/shelter/2026/05/202605251305577.jpg
441393202600654,한국 고양이,기타(흑),"겁많음,교통사고추정,뒷다리장애,tnr됨,중성화o",M,원곡로 21 부근,경기도 안산시,보호중,http://openapi.animal.go.kr/openapi/service/rest/fileDownloadSrvc/files/shelter/2026/05/202605251405511.jpg
441393202600653,한국 고양이,기타(흑백),"수유필요5주추정,호흡기심함,예후불량,기력없음",M,반석로8 부근,경기도 안산시,보호중,http://openapi.animal.go.kr/openapi/service/rest/fileDownloadSrvc/files/shelter/2026/05/202605251405270.jpg
441393202600652,한국 고양이,기타(흑백갈),"수유필요5주추정,호흡기심함,예후불량,기력없음",F,반석로8 부근,경기도 안산시,보호중,http://openapi.animal.go.kr/openapi/service/rest/fileDownloadSrvc/files/shelter/2026/05/202605251405659.jpg
441386202600700,한국 고양이,검은색흰색황토색조합,"안질환, 호흡기질환",F,정명고등학교,경기도 부천시,보호중,http://openapi.animal.go.kr/openapi/service/rest/fileDownloadSrvc/files/shelter/2026/05/202605251405123.jpg
427346202600553,한국 고양이,흰색/검은색 얼룩무늬,결막염이 있어 치료 중입니다....,M,지범로39길,대구광역시 수성구,보호중,http://openapi.animal.go.kr/openapi/service/rest/fileDownloadSrvc/files/shelter/2026/05/202605251105564.jpg
427346202600552,한국 고양이,기타(카오스),사회성이 없어 경계심이 조금 있어요..,F,청호로87,대구광역시 수성구,보호중,http://openapi.animal.go.kr/openapi/service/rest/fileDownloadSrvc/files/shelter/2026/05/202605251105382.jpg
427344202600195,아메리칸 쇼트헤어,은색/검정색 줄무늬,.,M,남대명 파출소,대구광역시 남구,종료(반환),http://openapi.animal.go.kr/openapi/service/rest/fileDownloadSrvc/files/shelter/2026/05/202605251005123.jpg
445464202601816,한국 고양이,기타(고등어),사람 손을 탐,M,백동5길 34,전북특별자치도 전주시,보호중,http://openapi.animal.go.kr/openapi/service/rest/fileDownloadSrvc/files/shelter/2026/05/202605242205879.jpg
428357202600737,한국 고양이,레몬색&흰색,우측뒷다리상처. 찢어ㄱ짐. 배가 부풀어 있음. 교통사고추정,M,대룡안길54번길 23 해성식당 (대룡리),인천광역시 강화군,보호중,http://openapi.animal.go.kr/openapi/service/rest/fileDownloadSrvc/files/shelter/2026/05/202605250805920.jpg
427343202600428,한국 고양이,기타(턱시도),교통사고로  미미하게 겨우 숨만 쉬는 상태,M,통학로51길 49,대구광역시 서구,보호중,http://openapi.animal.go.kr/openapi/service/rest/fileDownloadSrvc/files/shelter/2026/05/202605251305413.jpg
429363202600428,한국 고양이,검은색흰색황토색조합,"26-7156,  눈꼽과 콧물  뒷다리 불편한 자세",F,광산구 선암동,광주광역시 광산구,보호중,http://openapi.animal.go.kr/openapi/service/rest/fileDownloadSrvc/files/shelter/2026/05/202605251005253.jpg
444449202601173,한국 고양이,레몬색&흰색,"기침, 순함, 3주 추정",M,서북구 두정동 우성아파트 분리수거장,충청남도 천안시,보호중,http://openapi.animal.go.kr/openapi/service/rest/fileDownloadSrvc/files/shelter/2026/05/202605241105640.jpg
443571202601188,한국 고양이,평행·전체·부분줄무늬,"입양전제 임보 가능, 이유식 급여중인 6주령 애기고양이, 앞발 양말 많음",M,오창읍,충청북도 청주시,보호중,http://openapi.animal.go.kr/openapi/service/rest/fileDownloadSrvc/files/shelter/2026/05/202605241505676.jpeg
443571202601187,한국 고양이,평행·전체·부분줄무늬,"입양전제임보중, 이유식 급여중인 6주령 애기냥, 앞발 양말 조금",M,오창읍,충청북도 청주시,보호중,http://openapi.animal.go.kr/openapi/service/rest/fileDownloadSrvc/files/shelter/2026/05/202605241505432.jpeg
441400202600202,한국 고양이,레몬색&흰색,결막염.식욕부진.예후불량,F,성호대로141,경기도 오산시,보호중,http://openapi.animal.go.kr/openapi/service/rest/fileDownloadSrvc/files/shelter/2026/05/202605241005178.jpg
441386202600696,한국 고양이,기타(검정/흰),"(입소당시)허피스 감염,호흡기,안과질환,결막염",F,경기도 부천시 상오정로 86-1,경기도 부천시,보호중,http://openapi.animal.go.kr/openapi/service/rest/fileDownloadSrvc/files/shelter/2026/05/202605242005894.jpg
441386202600695,한국 고양이,흰색/검은색 얼룩무늬,"입소당시 마름, 기력없음 / 우측 귀 와 얼굴 검정 무늬, 등쪽 엉덩이에 점 세 개, 살짝 눈곱낌",M,경기도 부천시 섬오로 149번길 33-1,경기도 부천시,보호중,http://openapi.animal.go.kr/openapi/service/rest/fileDownloadSrvc/files/shelter/2026/05/202605241805948.jpg
441386202600694,한국 고양이,흰색/검은색 얼룩무늬,"입소당시 마름, 기력없음 / 온 몸 흰색, 왼 쪽 귀 검정무늬 , 살짝 눈곱낌, 코막힘",F,경기도 부천시 섬오로 149번길 33-1,경기도 부천시,보호중,http://openapi.animal.go.kr/openapi/service/rest/fileDownloadSrvc/files/shelter/2026/05/202605241805216.jpg
441386202600693,한국 고양이,흰색/검은색 얼룩무늬,"입소당시 마름, 기력없음 / 등 쪽 전체 검정무늬 발만 흰색 ",F,경기도 부천시 섬오로 149번길 33-1,경기도 부천시,보호중,http://openapi.animal.go.kr/openapi/service/rest/fileDownloadSrvc/files/shelter/2026/05/202605241805356.jpg
441386202600692,한국 고양이,흰색/검은색 얼룩무늬,"입소당시 마름, 기력없음 / 양끝 귀 흰색, 등은 젖소 무늬, 넷 중 가장 덩치 큼 ",M,경기도 부천시 섬오로 149번길 33-1,경기도 부천시,보호중,http://openapi.animal.go.kr/openapi/service/rest/fileDownloadSrvc/files/shelter/2026/05/202605241705372.jpg
427346202600551,한국 고양이,기타(치즈태비),교통사고,F,고산119안전센타,대구광역시 수성구,종료(자연사),http://openapi.animal.go.kr/openapi/service/rest/fileDownloadSrvc/files/shelter/2026/05/202605242305503.jpg
427346202600550,한국 고양이,기타(카오스),조금은 까칠하지만 친구 냥이들과는  잘 어울려요...,F,동대구로12길,대구광역시 수성구,보호중,http://openapi.animal.go.kr/openapi/service/rest/fileDownloadSrvc/files/shelter/2026/05/202605251405438.jpg
426331202600267,믹스묘,기타( 검+흰),"약간의 경계, 검+흰",M,수영로208번길 15,부산광역시 남구,보호중,http://openapi.animal.go.kr/openapi/service/rest/fileDownloadSrvc/files/shelter/2026/05/20260524140526[1].jpg
426331202600266,믹스묘,기타(갈+흰),"수유 필요, 기력 저하, 갈+흰",M,유엔평화로 51,부산광역시 남구,보호중,http://openapi.animal.go.kr/openapi/service/rest/fileDownloadSrvc/files/shelter/2026/05/202605241405996.jpg
426331202600265,믹스묘,기타(갈+흰),"수유 필요, 기력 저하, 갈+흰",M,유엔평화로 51,부산광역시 남구,보호중,http://openapi.animal.go.kr/openapi/service/rest/fileDownloadSrvc/files/shelter/2026/05/20260524140584.jpg
426331202600264,믹스묘,갈색,"수유 필요, 기력 저하, 갈색",F,유엔평화로 51,부산광역시 남구,보호중,http://openapi.animal.go.kr/openapi/service/rest/fileDownloadSrvc/files/shelter/2026/05/202605241405500[1].jpg
426331202600263,믹스묘,기타(갈+흰),"기력 매우 저하, 갈+흰",M,장고개로67번길 15,부산광역시 남구,보호중,http://openapi.animal.go.kr/openapi/service/rest/fileDownloadSrvc/files/shelter/2026/05/202605241405334[1].jpg
429363202600427,한국 고양이,레몬색&흰색,"26-7155, 눈꼽, 콧물 있음",M,광산구 하남동 임곡로 523-7,광주광역시 광산구,보호중,http://openapi.animal.go.kr/openapi/service/rest/fileDownloadSrvc/files/shelter/2026/05/202605241605550.jpg
429359202600309,한국 고양이,흰색/검은색 얼룩무늬,눈꼽 및 콧물 있음,M,동구 학동 남문로 698,광주광역시 동구,보호중,http://openapi.animal.go.kr/openapi/service/rest/fileDownloadSrvc/files/shelter/2026/05/202605241405994.jpg
429363202600426,한국 고양이,검정색,26-7153,F,광산구 송정동 광산구청,광주광역시 광산구,보호중,http://openapi.animal.go.kr/openapi/service/rest/fileDownloadSrvc/files/shelter/2026/05/202605241405505.jpg
441553202601815,한국 고양이,레몬색&흰색,허피스가 심한 아기치즈냥이/오른쪽 앞다리를 절고있음/귀여운 외모,Q,화성119,경기도 화성시,보호중,http://openapi.animal.go.kr/openapi/service/rest/fileDownloadSrvc/files/shelter/2026/05/202605251105454.jpg
441393202600647,한국 고양이,기타(백흑),"순함,설사심함,2개월추정",F,신길파출소에서 인수,경기도 안산시,보호중,http://openapi.animal.go.kr/openapi/service/rest/fileDownloadSrvc/files/shelter/2026/05/202605251205585.jpg
441393202600646,한국 고양이,기타(백),"순함,설사심함,2개월추정",F,신길파출소에서 인수,경기도 안산시,보호중,http://openapi.animal.go.kr/openapi/service/rest/fileDownloadSrvc/files/shelter/2026/05/202605251205487[3].jpg
441393202600645,한국 고양이,기타(갈백),"순함,설사심함,2개월추정",F,신길파출소에서 인수,경기도 안산시,보호중,http://openapi.animal.go.kr/openapi/service/rest/fileDownloadSrvc/files/shelter/2026/05/202605251205871.jpg
441393202600644,한국 고양이,기타(흑갈백),"순함,설사심함,2개월추정",F,신길파출소에서 인수,경기도 안산시,보호중,http://openapi.animal.go.kr/openapi/service/rest/fileDownloadSrvc/files/shelter/2026/05/202605251205888.jpg
431369202600288,한국 고양이,평행·전체·부분줄무늬,사람 손 탄것 같음,F,병영4길,울산광역시 중구,보호중,http://openapi.animal.go.kr/openapi/service/rest/fileDownloadSrvc/files/shelter/2026/05/202605251205240[1].jpg
431369202600287,한국 고양이,기타(갈색&흰색),말랐음,M,중구 우정아파트,울산광역시 중구,보호중,http://openapi.animal.go.kr/openapi/service/rest/fileDownloadSrvc/files/shelter/2026/05/202605251205970.jpg
427347202600497,한국 고양이,기타(노랑),"어미분리 자묘, 저체온증,상태 매우 나쁨",M,계대 공학관 앞,대구광역시 달서구,보호중,http://openapi.animal.go.kr/openapi/service/rest/fileDownloadSrvc/files/shelter/2026/05/202605251105407.jpeg
427345202600267,한국 고양이,레몬색&흰색,"교통사고, 의식 없음",M,침산남로 8,대구광역시 북구,보호중,http://openapi.animal.go.kr/openapi/service/rest/fileDownloadSrvc/files/shelter/2026/05/202605251105229.jpeg
427342202600312,한국 고양이,기타(회색흰색),박스 유기,M,안심1동 주민센터 앞,대구광역시 동구,보호중,http://openapi.animal.go.kr/openapi/service/rest/fileDownloadSrvc/files/shelter/2026/05/202605251005287.jpg
427342202600311,한국 고양이,기타(회색흰색),박스 유기,M,안심1동 주민센터 앞,대구광역시 동구,보호중,http://openapi.animal.go.kr/openapi/service/rest/fileDownloadSrvc/files/shelter/2026/05/202605251005961.jpg
427342202600310,한국 고양이,기타(회색),박스 유기,M,안심1동 주민센터 앞,대구광역시 동구,보호중,http://openapi.animal.go.kr/openapi/service/rest/fileDownloadSrvc/files/shelter/2026/05/202605251005651.jpg
427342202600309,한국 고양이,기타(회색),박스 유기,M,안심1동 주민센터 앞,대구광역시 동구,보호중,http://openapi.animal.go.kr/openapi/service/rest/fileDownloadSrvc/files/shelter/2026/05/202605251005436.jpg
427342202600308,한국 고양이,기타(회색),박스 유기,M,안심1동 주민센터 앞,대구광역시 동구,보호중,http://openapi.animal.go.kr/openapi/service/rest/fileDownloadSrvc/files/shelter/2026/05/202605251005743.jpg
427341202600264,한국 고양이,검은색흰색황토색조합,"1달 남짓, 이유식 먹고 있어요 , 꼬리가 조금 짧아요",F,신남네거리,대구광역시 중구,보호중,http://openapi.animal.go.kr/openapi/service/rest/fileDownloadSrvc/files/shelter/2026/05/202605251305614.jpg
431372202600356,한국 고양이,흰색/검은색 얼룩무늬,건강함,Q,북구청당직실,울산광역시 북구,보호중,http://openapi.animal.go.kr/openapi/service/rest/fileDownloadSrvc/files/shelter/2026/05/202605241105965.jpg
447521202600246,한국 고양이,레몬색&흰색,"아직이유식중,엄청 예쁨성주읍",Q,성주읍,경상북도 성주군,보호중,http://openapi.animal.go.kr/openapi/service/rest/fileDownloadSrvc/files/shelter/2026/05/202605231105487.jpg
447521202600245,한국 고양이,레몬색&흰색,"아직이유식중,엄청 예쁨성주읍",Q,성주읍,경상북도 성주군,보호중,http://openapi.animal.go.kr/openapi/service/rest/fileDownloadSrvc/files/shelter/2026/05/202605231005478.jpg
447521202600244,한국 고양이,레몬색&흰색,"아직이유식중,엄청 예쁨성주읍",Q,성주읍,경상북도 성주군,보호중,http://openapi.animal.go.kr/openapi/service/rest/fileDownloadSrvc/files/shelter/2026/05/202605231005254.jpg
447521202600243,한국 고양이,레몬색&흰색,"아직이유식중,엄청 예쁨성주읍",Q,성주읍,경상북도 성주군,보호중,http://openapi.animal.go.kr/openapi/service/rest/fileDownloadSrvc/files/shelter/2026/05/202605231005896.jpg
447521202600242,한국 고양이,레몬색&흰색,"아직이유식중,엄청 예쁨성주읍",Q,성주읍,경상북도 성주군,보호중,http://openapi.animal.go.kr/openapi/service/rest/fileDownloadSrvc/files/shelter/2026/05/202605231005995.jpg
447521202600241,한국 고양이,흰색/검은색 얼룩무늬,엄청예쁨,M,성주읍,경상북도 성주군,보호중,http://openapi.animal.go.kr/openapi/service/rest/fileDownloadSrvc/files/shelter/2026/05/202605231005597.jpg
447502202600308,한국 고양이,레몬색&흰색,"3주 추정,약간의 허피스 보유,같이 온 친구 처럼 스멀스멀 어금니가 올라오려 하고있음",M,경북 포항시 북구 흥해읍 옥성리 177-5,경상북도 포항시,보호중,http://openapi.animal.go.kr/openapi/service/rest/fileDownloadSrvc/files/shelter/2026/05/20260523150536.jpg
447502202600307,한국 고양이,레몬색&흰색,"3주 추정,추운날 밖같에 오들오들 떨면서 있었다고 함,어금니가 스멀스멀 올라오려하고있음",M,경북 포항시 북구 흥해읍 옥성리 177-5,경상북도 포항시,보호중,http://openapi.animal.go.kr/openapi/service/rest/fileDownloadSrvc/files/shelter/2026/05/202605231505670.jpg
446483202600745,한국 고양이,기타(갈흰),생후40일정도로보임 온순함,M,나주시산포면등정길20-8,전라남도 나주시,보호중,http://openapi.animal.go.kr/openapi/service/rest/fileDownloadSrvc/files/shelter/2026/05/202605231505636.jpg
446483202600744,한국 고양이,기타(갈흰),생후40일정도로보임 온순함,F,나주시산포면등정길20-8,전라남도 나주시,보호중,http://openapi.animal.go.kr/openapi/service/rest/fileDownloadSrvc/files/shelter/2026/05/202605231505969.jpg
446483202600743,한국 고양이,기타(갈흰),생후40일정도로보임 온순함,M,나주시산포면등정길20-8,전라남도 나주시,보호중,http://openapi.animal.go.kr/openapi/service/rest/fileDownloadSrvc/files/shelter/2026/05/202605231505403.jpg
446483202600742,한국 고양이,기타(검흰),생후40일정도로보임 온순함,M,나주시산포면등정길20-8,전라남도 나주시,보호중,http://openapi.animal.go.kr/openapi/service/rest/fileDownloadSrvc/files/shelter/2026/05/202605231505626.jpg
445464202601812,한국 고양이,기타(검갈색),종이박스안에 있었음,F,우아로 33,전북특별자치도 전주시,보호중,http://openapi.animal.go.kr/openapi/service/rest/fileDownloadSrvc/files/shelter/2026/05/202605232105439[1].jpg
445464202601811,한국 고양이,기타(갈색),종이박스안에 있었음,M,우아로 33,전북특별자치도 전주시,보호중,http://openapi.animal.go.kr/openapi/service/rest/fileDownloadSrvc/files/shelter/2026/05/202605232105519.jpg
445464202601810,한국 고양이,기타(갈색),종이박스안에 있었음,M,우아로 33,전북특별자치도 전주시,보호중,http://openapi.animal.go.kr/openapi/service/rest/fileDownloadSrvc/files/shelter/2026/05/202605232105840.jpg
445464202601809,한국 고양이,기타(갈색),종이박스안에 있었음,M,우아로 33,전북특별자치도 전주시,보호중,http://openapi.animal.go.kr/openapi/service/rest/fileDownloadSrvc/files/shelter/2026/05/202605232105244.jpg
445464202601808,한국 고양이,레몬색&흰색,박스째 유기,F,진북로 6,전북특별자치도 전주시,보호중,http://openapi.animal.go.kr/openapi/service/rest/fileDownloadSrvc/files/shelter/2026/05/202605231805134.jpg
445464202601807,한국 고양이,검은색흰색황토색조합,박스째 유기,F,진북로 6,전북특별자치도 전주시,보호중,http://openapi.animal.go.kr/openapi/service/rest/fileDownloadSrvc/files/shelter/2026/05/202605231805228.jpg
445464202601806,한국 고양이,검은색흰색황토색조합,"박스째 유기, 오른쪽 눈 안좋음",F,진북로 6,전북특별자치도 전주시,보호중,http://openapi.animal.go.kr/openapi/service/rest/fileDownloadSrvc/files/shelter/2026/05/202605231805120.jpg
445464202601805,한국 고양이,레몬색&흰색,박스에 담겨있었음,M,서곡 청솔A 경비실,전북특별자치도 전주시,보호중,http://openapi.animal.go.kr/openapi/service/rest/fileDownloadSrvc/files/shelter/2026/05/202605231605915.jpg
445464202601802,한국 고양이,검은색흰색황토색조합,"tnr 돼있음, 사람 잘 따름",F,효자동 1가 삼호아파트 2동 108호,전북특별자치도 전주시,보호중,http://openapi.animal.go.kr/openapi/service/rest/fileDownloadSrvc/files/shelter/2026/05/202605231305302.jpg
443571202601186,한국 고양이,레몬색&흰색,"인수제묘, 순하고 겁많음, 꽤나 통통한 아이",M,덕벌로 41번길,충청북도 청주시,보호중,http://openapi.animal.go.kr/openapi/service/rest/fileDownloadSrvc/files/shelter/2026/05/202605231705912.jpeg
443571202601183,한국 고양이,레몬색&흰색,"수유묘, 수유봉사 임시보호중",M,오창읍 금정2차 아파트,충청북도 청주시,보호중,http://openapi.animal.go.kr/openapi/service/rest/fileDownloadSrvc/files/shelter/2026/05/20260523150568.jpeg
443571202601182,한국 고양이,평행·전체·부분줄무늬,"수유묘, 임시보호중",M,풍산로 137번길,충청북도 청주시,종료(자연사),http://openapi.animal.go.kr/openapi/service/rest/fileDownloadSrvc/files/shelter/2026/05/20260523120531.jpg
443571202601181,한국 고양이,검정색,"허피스 심함, 이유식 고양이, 임시보호중",M,봉명동 1996,충청북도 청주시,보호중,http://openapi.animal.go.kr/openapi/service/rest/fileDownloadSrvc/files/shelter/2026/05/202605231205462.jpg
443571202601180,한국 고양이,흰색/검은색 얼룩무늬,"이유식 고양이, 임시보호중",F,장암로 177,충청북도 청주시,보호중,http://openapi.animal.go.kr/openapi/service/rest/fileDownloadSrvc/files/shelter/2026/05/202605231205246.jpg
443571202601179,한국 고양이,평행·전체·부분줄무늬,임보중이나 입양신청 및 입양문의 가능/ 이유식단계의 아기냥이,M,낭성면 지산길,충청북도 청주시,보호중,http://openapi.animal.go.kr/openapi/service/rest/fileDownloadSrvc/files/shelter/2026/05/202605231205977.jpg
443571202601178,한국 고양이,검은색흰색황토색조합,임보중이나 입양신청 및 입양문의 가능/ 이유식단계의 아기냥이,F,낭성면 지산길,충청북도 청주시,보호중,http://openapi.animal.go.kr/openapi/service/rest/fileDownloadSrvc/files/shelter/2026/05/202605231205265.jpg
441553202601796,한국 고양이,검은색흰색황토색조합,귀여움 / 겁이 조금 있으나 사람 손길 타면 애교 많을 스타일,Q,병점 인근,경기도 화성시,보호중,http://openapi.animal.go.kr/openapi/service/rest/fileDownloadSrvc/files/shelter/2026/05/202605231405315.jpg
441407202600556,한국 고양이,평행·전체·부분줄무늬,"매우야윔, 우측 후지 부상",M,장호원읍 어석리,경기도 이천시,보호중,http://openapi.animal.go.kr/openapi/service/rest/fileDownloadSrvc/files/shelter/2026/05/20260523220595.jpg
441407202600555,한국 고양이,기타(흰회갈검줄),"매우야윔, 몸을 잘 가누지 못함",F,중리동 부악로,경기도 이천시,보호중,http://openapi.animal.go.kr/openapi/service/rest/fileDownloadSrvc/files/shelter/2026/05/202605232205995.jpg
441399202600902,믹스묘,기타(고등어),경계가 있으며 겁이 많음,M,"수동면 운수리 103-12, 신세계 빌라",경기도 남양주시,보호중,http://openapi.animal.go.kr/openapi/service/rest/fileDownloadSrvc/files/shelter/2026/05/202605231405891.png
441399202600901,믹스묘,기타(검정),경계가 있으며 겁이 많음,M,"수동면 운수리 103-12, 신세계 빌라",경기도 남양주시,보호중,http://openapi.animal.go.kr/openapi/service/rest/fileDownloadSrvc/files/shelter/2026/05/202605231405620.png
441399202600900,믹스묘,기타(흰검),"우측 눈 상실, 순하며 사람 손길 잘 따름",F,"수동면 운수리 103-12, 신세계 빌라",경기도 남양주시,보호중,http://openapi.animal.go.kr/openapi/service/rest/fileDownloadSrvc/files/shelter/2026/05/202605231405700.png
441386202600680,한국 고양이,검은색흰색황토색조합,"입소당시 눈꼽 많음, 결막염 심각함",M,고강동 295-26,경기도 부천시,보호중,http://openapi.animal.go.kr/openapi/service/rest/fileDownloadSrvc/files/shelter/2026/05/202605231205280.jpg
441386202600678,한국 고양이,검은색흰색황토색조합,입소당시 눈꼽 심함,M,고강동 295-26,경기도 부천시,보호중,http://openapi.animal.go.kr/openapi/service/rest/fileDownloadSrvc/files/shelter/2026/05/202605231205748.jpg
431372202600354,한국 고양이,레몬색&흰색,"저체온증, 식욕 없음",Q,진장동 자동차매매단지 근처 숲,울산광역시 북구,보호중,http://openapi.animal.go.kr/openapi/service/rest/fileDownloadSrvc/files/shelter/2026/05/202605231905806.jpg
431372202600353,한국 고양이,흰색/검은색 얼룩무늬,"매우 마른 상태, 기력 저조, 허피스 심각",Q,양정 쉼터 놀이터,울산광역시 북구,보호중,http://openapi.animal.go.kr/openapi/service/rest/fileDownloadSrvc/files/shelter/2026/05/202605230205737.jpg
431371202600287,한국 고양이,흰색/검은색 얼룩무늬,활력저하,F,동부동,울산광역시 동구,보호중,http://openapi.animal.go.kr/openapi/service/rest/fileDownloadSrvc/files/shelter/2026/05/202605232005190.jpg
427346202600549,한국 고양이,기타( 치즈),결막염 치료 중입니다...조금은 까칠하지만 그 행동이 더 귀여워요..,F,아파트 화단,대구광역시 수성구,보호중,http://openapi.animal.go.kr/openapi/service/rest/fileDownloadSrvc/files/shelter/2026/05/202605251405876.jpg
427346202600548,한국 고양이,기타(카오스),엄마 ?아서 울음이 많아요...성격은 아주 순한 냥이 입니다..,F,황금네거리 인근,대구광역시 수성구,보호중,http://openapi.animal.go.kr/openapi/service/rest/fileDownloadSrvc/files/shelter/2026/05/202605231505896.jpg
427346202600546,한국 고양이,검은색흰색황토색조합,"순하고 귀여워요. 토리라고 부르고있어요!=,",F,집 앞 도로변,대구광역시 수성구,보호중,http://openapi.animal.go.kr/openapi/service/rest/fileDownloadSrvc/files/shelter/2026/05/202605231405820.jpg
427343202600426,한국 고양이,레몬색&흰색,상태 양호,Q,국채보상로34안길9,대구광역시 서구,보호중,http://openapi.animal.go.kr/openapi/service/rest/fileDownloadSrvc/files/shelter/2026/05/202605231605914.jpg
427343202600424,한국 고양이,레몬색&흰색,비오는날 구조해서 목욕시켰는데 순한편임.감기증상,M,중리동110,대구광역시 서구,보호중,http://openapi.animal.go.kr/openapi/service/rest/fileDownloadSrvc/files/shelter/2026/05/202605231205574.jpg
427341202600263,한국 고양이,흰색/검은색 얼룩무늬,이마 피부병,Q,중부소방서 부근,대구광역시 중구,보호중,http://openapi.animal.go.kr/openapi/service/rest/fileDownloadSrvc/files/shelter/2026/05/202605231705214.jpg
429362202600311,한국 고양이,기타(검갈흰),26-7152,M,북구 북동 금재로 36번길 40-1,광주광역시 북구,보호중,http://openapi.animal.go.kr/openapi/service/rest/fileDownloadSrvc/files/shelter/2026/05/202605231705495.jpg
429362202600310,한국 고양이,"기타(흰,노)",26-7151,F,북구 북동 금재로 36번길 40-1,광주광역시 북구,보호중,http://openapi.animal.go.kr/openapi/service/rest/fileDownloadSrvc/files/shelter/2026/05/202605231705217.jpg
429362202600309,한국 고양이,"기타(흰,노)",26-7150,M,북구 북동 금재로 36번길 40-1,광주광역시 북구,보호중,http://openapi.animal.go.kr/openapi/service/rest/fileDownloadSrvc/files/shelter/2026/05/202605231705718.jpg
429362202600308,한국 고양이,"기타(흰,노)",26-7149,M,북구 북동 금재로 36번길 40-1,광주광역시 북구,보호중,http://openapi.animal.go.kr/openapi/service/rest/fileDownloadSrvc/files/shelter/2026/05/202605231705867.jpg
429362202600307,한국 고양이,"기타(흰,노)",26-7148,M,북구 북동 금재로 36번길 40-1,광주광역시 북구,보호중,http://openapi.animal.go.kr/openapi/service/rest/fileDownloadSrvc/files/shelter/2026/05/202605231705860[1].jpg
429363202600406,한국 고양이,"기타(흰,노)",26-7147,M,광산구 신창동 북문대로 342-73,광주광역시 광산구,종료(자연사),http://openapi.animal.go.kr/openapi/service/rest/fileDownloadSrvc/files/shelter/2026/05/202605231605373.jpg
429363202600405,한국 고양이,"기타(흰,노)",26-7146,M,광산구 신창동 북문대로 342-73,광주광역시 광산구,종료(자연사),http://openapi.animal.go.kr/openapi/service/rest/fileDownloadSrvc/files/shelter/2026/05/202605231605147.jpg
445467202601089,믹스묘,기타(삼색),생후 6주추정 한쪽눈 많이 안좋음,F,명산동 동경횟집,전북특별자치도 군산시,보호중,http://openapi.animal.go.kr/openapi/service/rest/fileDownloadSrvc/files/shelter/2026/05/202605241105242.jpg
442419202600366,한국 고양이,검정색,"마르고, 겁이많음",F,살대울모래기길,강원특별자치도 원주시,보호중,http://openapi.animal.go.kr/openapi/service/rest/fileDownloadSrvc/files/shelter/2026/05/202605241605925.jpg
450650202601246,한국 고양이,기타(치즈),개체관리번호 26213 - 2주차,F,제주시 애월읍 애월로4길9 인디안썸머,제주특별자치도,보호중,http://openapi.animal.go.kr/openapi/service/rest/fileDownloadSrvc/files/shelter/2026/05/202605231105644.jpg
450650202601245,한국 고양이,기타(치즈),개체관리번호 26212 - 2주차,M,제주시 애월읍 애월로4길9 인디안썸머,제주특별자치도,보호중,http://openapi.animal.go.kr/openapi/service/rest/fileDownloadSrvc/files/shelter/2026/05/202605231105913.jpg
445467202601079,믹스묘,기타(치즈),2주추정,M,수송안 3길,전북특별자치도 군산시,종료(자연사),http://openapi.animal.go.kr/openapi/service/rest/fileDownloadSrvc/files/shelter/2026/05/202605230805755.jpg
441560202600498,한국 고양이,기타(갈/검/흰),포유기. 눈곱. 콧물. 탯줄있음. 코분홍. 털 상태 양호.,M,경기 포천시 중앙로35번길 26 (신읍동) 인근,경기도 포천시,보호중,http://openapi.animal.go.kr/openapi/service/rest/fileDownloadSrvc/files/shelter/2026/05/202605231705297.jpg
441560202600497,한국 고양이,기타(검/흰/갈),포유기. 눈곱. 콧물. 코 분홍. 눈 못뜸. 탯줄 있음. 털 상태 양호.,M,경기 포천시 중앙로35번길 26 (신읍동) 인근,경기도 포천시,보호중,http://openapi.animal.go.kr/openapi/service/rest/fileDownloadSrvc/files/shelter/2026/05/202605231705155.jpg
441560202600496,한국 고양이,기타(갈/검/흰),포유기. 눈곱. 콧물. 코분홍. 눈못뜸. 탯줄있음. 털 상태 양호.,F,경기 포천시 중앙로35번길 26 (신읍동) 인근,경기도 포천시,보호중,http://openapi.animal.go.kr/openapi/service/rest/fileDownloadSrvc/files/shelter/2026/05/202605231705670.jpg
441560202600495,한국 고양이,기타(검/흰),포유기. 눈곱. 콧물. 코 검정. 눈 못뜸. 탯줄있음. 털 상태 양호.,M,경기 포천시 중앙로35번길 26 (신읍동) 인근,경기도 포천시,보호중,http://openapi.animal.go.kr/openapi/service/rest/fileDownloadSrvc/files/shelter/2026/05/202605231705402.jpg
441560202600494,한국 고양이,기타(갈/검/흰),경기 포천시 중앙로35번길 26 (신읍동) 인근,F,경기 포천시 중앙로35번길 26 (신읍동) 인근,경기도 포천시,보호중,http://openapi.animal.go.kr/openapi/service/rest/fileDownloadSrvc/files/shelter/2026/05/20260523170570.jpg
441406202600549,한국 고양이,기타(갈/검/흰),포유기. 눈곱. 콧물. 눈 못뜸. 코 분홍. 탯줄 있음. 비/구강 출혈. 기력없음. 저체온.,F,경기 파주시 광탄면 혜음로 935-22 인근,경기도 파주시,보호중,http://openapi.animal.go.kr/openapi/service/rest/fileDownloadSrvc/files/shelter/2026/05/202605231705585.jpg
441406202600548,한국 고양이,기타(갈/검/흰),포유기. 눈곱. 콧물. 코 팥죽색. 눈 못뜸. 탯줄있음. 비강출혈. 기력없음. 저체온. 털 상태 양호.,F,경기 파주시 광탄면 혜음로 935-22 인근,경기도 파주시,보호중,http://openapi.animal.go.kr/openapi/service/rest/fileDownloadSrvc/files/shelter/2026/05/202605231705127.jpg
441404202600266,믹스묘,기타(검정색),"전체 검정색, 발끝 흰색",M,덕풍119센터,경기도 하남시,보호중,http://openapi.animal.go.kr/openapi/service/rest/fileDownloadSrvc/files/shelter/2026/05/202605231105695.jpg
428351202600305,한국 고양이,기타(삼색),교통사고로 인해 보행이 어려운 상태로 구조됨 ,F,인하로299번길21 욱일아파트 나~다 동 사이,인천광역시 미추홀구,보호중,http://openapi.animal.go.kr/openapi/service/rest/fileDownloadSrvc/files/shelter/2026/05/202605221805274.jpg
427347202600496,한국 고양이,기타(노랑),"어미분리 자묘, 영양상태 불량,탈진",M,달서구청 당직실,대구광역시 달서구,보호중,http://openapi.animal.go.kr/openapi/service/rest/fileDownloadSrvc/files/shelter/2026/05/202605231005249.jpg
427345202600265,한국 고양이,레몬색&흰색,"교통사고, 의식 없음",F,북구청 당직실,대구광역시 북구,종료(자연사),http://openapi.animal.go.kr/openapi/service/rest/fileDownloadSrvc/files/shelter/2026/05/202605231005484.jpeg
427344202600187,한국 고양이,검은색흰색황토색조합,"교통사고, 의식 없음",F,캠프 워커 부근,대구광역시 남구,보호중,http://openapi.animal.go.kr/openapi/service/rest/fileDownloadSrvc/files/shelter/2026/05/202605231005406.jpeg
427342202600305,한국 고양이,기타(노랑),"교통사고, 의식 없음",M,안심 119,대구광역시 동구,종료(자연사),http://openapi.animal.go.kr/openapi/service/rest/fileDownloadSrvc/files/shelter/2026/05/202605230905604.jpg
411318202600153,한국 고양이,기타(갈/검/흰),코분홍. 눈곱. 기력없음. 저체온. 털 때탐.,M,서울 영등포구 양평동1가 20 인근,서울특별시 영등포구,보호중,http://openapi.animal.go.kr/openapi/service/rest/fileDownloadSrvc/files/shelter/2026/05/202605231805624.jpg
411318202600152,한국 고양이,기타(갈/검/흰),코 검정. 눈곱. 저체온. 기력없음. 털 때탐.,F,서울 영등포구 양평동1가 20 인근,서울특별시 영등포구,보호중,http://openapi.animal.go.kr/openapi/service/rest/fileDownloadSrvc/files/shelter/2026/05/202605231805442.jpg
411318202600151,한국 고양이,기타(갈/검/흰),코 분홍. 눈곱. 콧물. 우안 못 뜸. 털 때탐.,M,서울 영등포구 양평동1가 20 인근,서울특별시 영등포구,보호중,http://openapi.animal.go.kr/openapi/service/rest/fileDownloadSrvc/files/shelter/2026/05/202605231805418.jpg
411318202600150,한국 고양이,기타(갈/검/흰),코 분홍+검정. 눈곱. 콧물. 털 때탐.,M,서울 영등포구 양평동1가 20 인근,서울특별시 영등포구,보호중,http://openapi.animal.go.kr/openapi/service/rest/fileDownloadSrvc/files/shelter/2026/05/202605231805141.jpg
411318202600149,한국 고양이,기타(갈/검/흰),코 분홍+검정. 눈곱. 털 상태 때탐.,F,서울 영등포구 양평동1가 20 인근,서울특별시 영등포구,보호중,http://openapi.animal.go.kr/openapi/service/rest/fileDownloadSrvc/files/shelter/2026/05/202605231805587.jpg
411309202600207,한국 고양이,기타(검/주/흰),코 분홍+검정. 눈곱. 콧물. 털 상태 양호. 기력없음. 저체온.,F,서울 도봉구 해등로32길 8 (방학동) 인근,서울특별시 도봉구,보호중,http://openapi.animal.go.kr/openapi/service/rest/fileDownloadSrvc/files/shelter/2026/05/202605231705103[1].jpg
411306202600330,한국 고양이,기타(갈/흰),코분홍. 눈곱. 털 상태 양호.,F,서울 중랑구 용마산로 지하 227 (면목동) 인근,서울특별시 중랑구,보호중,http://openapi.animal.go.kr/openapi/service/rest/fileDownloadSrvc/files/shelter/2026/05/202605231805445.jpg
447506202600201,한국 고양이,검정색,"어리고 몽실몽실, 귀여움",F,남산동 중앙공원4길,경상북도 김천시,보호중,http://openapi.animal.go.kr/openapi/service/rest/fileDownloadSrvc/files/shelter/2026/05/202605221405496.jpg
447506202600200,한국 고양이,검정색,"어리고 몽실몽실, 귀여움",F,남산동 중앙공원4길,경상북도 김천시,보호중,http://openapi.animal.go.kr/openapi/service/rest/fileDownloadSrvc/files/shelter/2026/05/202605221405818.jpg
447506202600199,한국 고양이,검정색,"어리고 몽실몽실, 귀여움",M,남산동 중앙공원4길,경상북도 김천시,보호중,http://openapi.animal.go.kr/openapi/service/rest/fileDownloadSrvc/files/shelter/2026/05/202605221405589[1].jpg
447506202600198,한국 고양이,검은색흰색황토색조합,"어리고 몽실몽실, 귀여움",F,남산동 중앙공원4길,경상북도 김천시,보호중,http://openapi.animal.go.kr/openapi/service/rest/fileDownloadSrvc/files/shelter/2026/05/202605221405316.jpg
447506202600197,한국 고양이,평행·전체·부분줄무늬,"어리고 몽실몽실, 귀여움",F,남산동 중앙공원4길,경상북도 김천시,보호중,http://openapi.animal.go.kr/openapi/service/rest/fileDownloadSrvc/files/shelter/2026/05/202605221405182[1].jpg
447506202600196,한국 고양이,평행·전체·부분줄무늬,"어리고 몽실몽실, 귀여움",M,남산동 중앙공원4길,경상북도 김천시,보호중,http://openapi.animal.go.kr/openapi/service/rest/fileDownloadSrvc/files/shelter/2026/05/202605221405202[1].jpg
447506202600195,한국 고양이,레몬색&흰색,"어리고 몽실몽실, 귀여움",M,남산동 중앙공원4길,경상북도 김천시,보호중,http://openapi.animal.go.kr/openapi/service/rest/fileDownloadSrvc/files/shelter/2026/05/20260522140591[1].jpg
446483202600739,한국 고양이,기타(흰갈),생후50일정도로보임 온순함,M,나주시향청길24-5,전라남도 나주시,보호중,http://openapi.animal.go.kr/openapi/service/rest/fileDownloadSrvc/files/shelter/2026/05/202605221705394.jpg
446483202600738,한국 고양이,기타(흰갈),생후50일정도로보임 온순함,M,나주시향청길24-5,전라남도 나주시,보호중,http://openapi.animal.go.kr/openapi/service/rest/fileDownloadSrvc/files/shelter/2026/05/202605221705654.jpg
446483202600737,한국 고양이,기타(갈흰),생후50일정도로보임 온순함,F,나주시향청길24-5,전라남도 나주시,보호중,http://openapi.animal.go.kr/openapi/service/rest/fileDownloadSrvc/files/shelter/2026/05/202605221705584.jpg
446483202600736,한국 고양이,기타(흰갈),생후50일정도로보임 온순함,F,나주시향청길24-5,전라남도 나주시,보호중,http://openapi.animal.go.kr/openapi/service/rest/fileDownloadSrvc/files/shelter/2026/05/202605221705491.jpg
446483202600735,한국 고양이,기타(흰갈),생후50일정도로보임 온순함,M,나주시향청길24-5,전라남도 나주시,보호중,http://openapi.animal.go.kr/openapi/service/rest/fileDownloadSrvc/files/shelter/2026/05/202605221705346[1].jpg
446483202600734,한국 고양이,기타(흰갈),생후50일정도로보임 온순함,M,나주시향청길24-5,전라남도 나주시,보호중,http://openapi.animal.go.kr/openapi/service/rest/fileDownloadSrvc/files/shelter/2026/05/202605221705898.jpg
446483202600733,한국 고양이,검은색흰색황토색조합,생후2개월정도로보임 온순함,F,나주시반남면중대길17,전라남도 나주시,보호중,http://openapi.animal.go.kr/openapi/service/rest/fileDownloadSrvc/files/shelter/2026/05/202605221705102.jpg
446483202600732,한국 고양이,검은색흰색황토색조합,생후2개월정도로보임 온순함,F,나주시반남면중대길17,전라남도 나주시,보호중,http://openapi.animal.go.kr/openapi/service/rest/fileDownloadSrvc/files/shelter/2026/05/202605221705991.jpg
446483202600731,한국 고양이,검은색흰색황토색조합,생후2개월정도로보임 온순함,F,나주시반남면중대길17,전라남도 나주시,보호중,http://openapi.animal.go.kr/openapi/service/rest/fileDownloadSrvc/files/shelter/2026/05/202605221705715.jpg
446483202600730,한국 고양이,검은색흰색황토색조합,생후2개월정도로보임 온순함,M,나주시반남면중대길17,전라남도 나주시,보호중,http://openapi.animal.go.kr/openapi/service/rest/fileDownloadSrvc/files/shelter/2026/05/202605221605897.jpg
446483202600729,한국 고양이,검은색흰색황토색조합,생후2개월정도로보임 온순함,F,나주시반남면중대길17,전라남도 나주시,보호중,http://openapi.animal.go.kr/openapi/service/rest/fileDownloadSrvc/files/shelter/2026/05/202605221605885[1].jpg
446483202600728,한국 고양이,검은색흰색황토색조합,생후2개월정도로보임 온순함,F,나주시반남면중대길17,전라남도 나주시,보호중,http://openapi.animal.go.kr/openapi/service/rest/fileDownloadSrvc/files/shelter/2026/05/202605221605941.jpg
446482202600180,한국 고양이,흰색,진료예정,M,별량면,전라남도 순천시,보호중,http://openapi.animal.go.kr/openapi/service/rest/fileDownloadSrvc/files/shelter/2026/05/20260522100584.jpg
445479202600555,믹스묘,기타(검정색),"새기 고양이 (20일정도),눈염증으로 (연합병원으로이송)",Q,계화면 창북길 64,전북특별자치도 부안군,보호중,http://openapi.animal.go.kr/openapi/service/rest/fileDownloadSrvc/files/shelter/2026/05/202605221105125.jpg
445479202600554,믹스묘,"기타(검정,회색)",새끼 고양이 (30일정도),Q, 상서면 내변산로 1840-7(농기계임대사업소),전북특별자치도 부안군,보호중,http://openapi.animal.go.kr/openapi/service/rest/fileDownloadSrvc/files/shelter/2026/05/202605221105981.jpg
445479202600553,믹스묘,"기타(검정,갈색)",새끼 고양이 (30일정도),Q, 상서면 내변산로 1840-7(농기계임대사업소),전북특별자치도 부안군,보호중,http://openapi.animal.go.kr/openapi/service/rest/fileDownloadSrvc/files/shelter/2026/05/202605221005758[1].jpg
445479202600552,믹스묘,"기타(검정,갈색)",새끼 고양이 (30일정도),Q, 상서면 내변산로 1840-7(농기계임대사업소),전북특별자치도 부안군,보호중,http://openapi.animal.go.kr/openapi/service/rest/fileDownloadSrvc/files/shelter/2026/05/202605221005284.jpg
445470202600674,믹스묘,기타(믹스),"기아, 탈수, 내외부기생충",Q,산내면 원천리,전북특별자치도 남원시,보호중,http://openapi.animal.go.kr/openapi/service/rest/fileDownloadSrvc/files/shelter/2026/05/202605221105316[1].jpg
445470202600673,믹스묘,기타(믹스),"기아, 탈수, 내외부기생충",Q,산내면 원천리,전북특별자치도 남원시,보호중,http://openapi.animal.go.kr/openapi/service/rest/fileDownloadSrvc/files/shelter/2026/05/202605221105163.jpg
445470202600672,믹스묘,기타(믹스),"기아, 탈수, 내외부기생충",Q,산내면 원천리,전북특별자치도 남원시,보호중,http://openapi.animal.go.kr/openapi/service/rest/fileDownloadSrvc/files/shelter/2026/05/202605221105865.jpg
445470202600671,믹스묘,기타(믹스),"기아, 탈수, 내외부기생충",Q,산내면 원천리,전북특별자치도 남원시,보호중,http://openapi.animal.go.kr/openapi/service/rest/fileDownloadSrvc/files/shelter/2026/05/202605221105118[1].jpg
445467202601078,믹스묘,기타(고등어),1주추정,F,성산면 만동2길 170,전북특별자치도 군산시,보호중,http://openapi.animal.go.kr/openapi/service/rest/fileDownloadSrvc/files/shelter/2026/05/202605221405961.jpg
445467202601077,믹스묘,기타(고등어),1주추정,F,성산면 만동2길 170,전북특별자치도 군산시,보호중,http://openapi.animal.go.kr/openapi/service/rest/fileDownloadSrvc/files/shelter/2026/05/202605221405547.jpg
445467202601074,믹스묘,기타(검/흰),6주추정,M,소룡동 동아아파트,전북특별자치도 군산시,보호중,http://openapi.animal.go.kr/openapi/service/rest/fileDownloadSrvc/files/shelter/2026/05/202605221105999[1].jpg
445464202601801,한국 고양이,"기타(검정,흰색)",턱시도 고양이/ 도로가 차 밑에서 발견 ,F,효자동 3가 1061-4 ,전북특별자치도 전주시,보호중,http://openapi.animal.go.kr/openapi/service/rest/fileDownloadSrvc/files/shelter/2026/05/202605222105892.jpg
444568202600276,한국 고양이,검은색흰색황토색조합,"1개월반,순함,수유중,저체온증",M,당진시 정미면 봉성진살미길 26,충청남도 당진시,종료(자연사),http://openapi.animal.go.kr/openapi/service/rest/fileDownloadSrvc/files/shelter/2026/05/202605221305380.jpg
444457202600284,한국 고양이,기타(검정흰색),옆구리 찰과상,M,부여읍 동남리 17-5,충청남도 부여군,보호중,http://openapi.animal.go.kr/openapi/service/rest/fileDownloadSrvc/files/shelter/2026/05/202605221605860.jpg
444454202600774,한국 고양이,평행·전체·부분줄무늬,신고자센터방문,M,양촌면,충청남도 논산시,보호중,http://openapi.animal.go.kr/openapi/service/rest/fileDownloadSrvc/files/shelter/2026/05/202605221105146[1].jpg
444453202600702,한국 고양이,레몬색&흰색,"피부안좋음, 기력저하, 1~2주령 추정",Q,팔봉면 어송리 1576-1 부근,충청남도 서산시,종료(자연사),http://openapi.animal.go.kr/openapi/service/rest/fileDownloadSrvc/files/shelter/2026/05/202605222005638.jpg
444453202600701,한국 고양이,검정색,"피부안좋음, 기력저하, 1~2주령 추정",Q,팔봉면 어송리 1576-1 부근,충청남도 서산시,종료(자연사),http://openapi.animal.go.kr/openapi/service/rest/fileDownloadSrvc/files/shelter/2026/05/202605222005690.jpg
444450202600466,한국 고양이,기타(노랑/흰색),"교통사고 추정, 우측후지 상처(드레싱&밴디지), 종합&광견병 백신, 에드보킷 도포, 주사치료및약조제",M,"공주시 신관동 553, 금강신관공원 자전거 대여소",충청남도 공주시,보호중,http://openapi.animal.go.kr/openapi/service/rest/fileDownloadSrvc/files/shelter/2026/05/202605221705431.jpg
444449202601170,페르시안,기타(흰색),"겁 많음, 미용 되어있음 ",F,서북구 월봉 청솔 1차 아파트 104-8층 복도,충청남도 천안시,보호중,http://openapi.animal.go.kr/openapi/service/rest/fileDownloadSrvc/files/shelter/2026/05/202605221605529.jpg
444449202601169,한국 고양이,기타(검+흰),"사나움, 기력쇠약, 마름 ",Q,서북구 성정동 737-38 성정시장 이불가게 앞,충청남도 천안시,보호중,http://openapi.animal.go.kr/openapi/service/rest/fileDownloadSrvc/files/shelter/2026/05/202605221305828.jpg
443571202601176,믹스묘,기타(회색),"목부분 상처 봉합수술 진행, 겁이 많은 아이",M,오창읍 신평리,충청북도 청주시,보호중,http://openapi.animal.go.kr/openapi/service/rest/fileDownloadSrvc/files/shelter/2026/05/202605221705128.jpeg
443445202600342,한국 고양이,기타(태비),결막염심함/항균제주사치료/예후는 지켜봐야함,F,진천군 문백면 봉죽2길 20-78,충청북도 진천군,보호중,http://openapi.animal.go.kr/openapi/service/rest/fileDownloadSrvc/files/shelter/2026/05/202605221905289.jpg
443445202600341,한국 고양이,기타(태비),왼쪽눈결막염심함/항균제주사치료/예후는 지켜봐야함,M,진천군 문백면 봉죽2길 20-78,충청북도 진천군,보호중,http://openapi.animal.go.kr/openapi/service/rest/fileDownloadSrvc/files/shelter/2026/05/202605221905581.jpg
443445202600340,한국 고양이,흰색/검은색 얼룩무늬,결막염있음/항균제주사치료/예후는 지켜봐야함,F,진천군 문백면 봉죽2길 20-78,충청북도 진천군,보호중,http://openapi.animal.go.kr/openapi/service/rest/fileDownloadSrvc/files/shelter/2026/05/202605221905300.jpg
443445202600339,한국 고양이,기타(태비),피모상태양호/건강상태 양호,F,진천군 덕산읍 하고2길 74,충청북도 진천군,보호중,http://openapi.animal.go.kr/openapi/service/rest/fileDownloadSrvc/files/shelter/2026/05/202605221905937.jpg
443445202600338,한국 고양이,흰색/검은색 얼룩무늬,피모상태양호/수유중/건강상태 양호,F,"진천군 덕산읍 시가로 56, 소담낙지",충청북도 진천군,보호중,http://openapi.animal.go.kr/openapi/service/rest/fileDownloadSrvc/files/shelter/2026/05/202605221905175.jpg
443443202600355,페르시안-페르시안 친칠라,회색,[관리번호197]옥천읍 금구리에 위치한 아파트단지 인근에서 관리번호196과 함께 발견,F,옥천읍 ,충청북도 옥천군,보호중,http://openapi.animal.go.kr/openapi/service/rest/fileDownloadSrvc/files/shelter/2026/05/202605221705816.jpeg
443443202600354,믹스묘,기타(흰색&회색),[관리번호196]옥천읍 금구리에 위치한 아파트단지 인근에서 관리번호197과 함께 발견,M,옥천읍 ,충청북도 옥천군,보호중,http://openapi.animal.go.kr/openapi/service/rest/fileDownloadSrvc/files/shelter/2026/05/202605221705633.jpeg
443440202600202,한국 고양이,레몬색&흰색,2개월추정 입양대기자 있음,M,내토로34길6,충청북도 제천시,보호중,http://openapi.animal.go.kr/openapi/service/rest/fileDownloadSrvc/files/shelter/2026/05/202605221605478[2].jpg
443440202600201,한국 고양이,레몬색&흰색,2개월추정 입양대기자 있음,M,내토로34길6,충청북도 제천시,보호중,http://openapi.animal.go.kr/openapi/service/rest/fileDownloadSrvc/files/shelter/2026/05/20260522160568[1].jpg
442434202600252,믹스묘,기타(검정갈색),순하고 귀여움,F,거진운동장,강원특별자치도 고성군,보호중,http://openapi.animal.go.kr/openapi/service/rest/fileDownloadSrvc/files/shelter/2026/05/202605221505854.jpg
442419202600363,한국 고양이,레몬색&흰색,2개월미만,M,월운정안길,강원특별자치도 원주시,보호중,http://openapi.animal.go.kr/openapi/service/rest/fileDownloadSrvc/files/shelter/2026/05/202605222005979.jpg
441554202601070,한국 고양이,기타(검백색),"5-73, 50일령, 벽틈 웅덩이에서 구조됨, 저체온",F,광주시 회안대로 일대,경기도 광주시,보호중,http://openapi.animal.go.kr/openapi/service/rest/fileDownloadSrvc/files/shelter/2026/05/202605221805263.jpg
441554202601069,한국 고양이,기타(삼색),"5-72, 50일령, 벽틈 웅덩이에서 구조됨, 저체온",F,광주시 회안대로 일대,경기도 광주시,보호중,http://openapi.animal.go.kr/openapi/service/rest/fileDownloadSrvc/files/shelter/2026/05/202605221805423.jpg
441554202601068,한국 고양이,기타(검백색),"5-71, 교통사고, 기력없음",M,광주시 곤지암읍 삼리 일대,경기도 광주시,보호중,http://openapi.animal.go.kr/openapi/service/rest/fileDownloadSrvc/files/shelter/2026/05/202605221805540.jpg
441554202601064,한국 고양이,기타(검백색),"5-70, 1개월령, 길에서 혼자 떨어진채 발견됨, 귀여움 터지는 아기냥이",M,광주시 초월읍 대쌍령리 일대,경기도 광주시,보호중,http://openapi.animal.go.kr/openapi/service/rest/fileDownloadSrvc/files/shelter/2026/05/202605221505803.jpg
441553202601789,한국 고양이,흰색/검은색 얼룩무늬,4남매중 몸집이 제일 작음/ 귀엽고 순둥한 외모,Q,장안면 무봉길인근,경기도 화성시,보호중,http://openapi.animal.go.kr/openapi/service/rest/fileDownloadSrvc/files/shelter/2026/05/202605221405323.jpg
441553202601788,한국 고양이,흰색/검은색 얼룩무늬,4남매중 경계심이 제일 있음/ 귀여운 하악질/ 너무 예쁜외모,Q,장안면 무봉길인근,경기도 화성시,보호중,http://openapi.animal.go.kr/openapi/service/rest/fileDownloadSrvc/files/shelter/2026/05/20260522140505[1].jpg
441553202601787,한국 고양이,흰색/검은색 얼룩무늬,까만 무늬가 더 많은아이/ 양말을 신은것처럼 보임/ 경계심이 있음,Q,장안면 무봉길인근,경기도 화성시,보호중,http://openapi.animal.go.kr/openapi/service/rest/fileDownloadSrvc/files/shelter/2026/05/202605221405306.jpg
441553202601786,한국 고양이,흰색/검은색 얼룩무늬,귀여운 아기고양이/ 경계심이 있음/ 점박이무늬,M,장안면 무봉길인근,경기도 화성시,보호중,http://openapi.animal.go.kr/openapi/service/rest/fileDownloadSrvc/files/shelter/2026/05/202605221405336.jpg
441404202600264,한국 고양이,검정색,조심성이 많은 성향의 암컷 자묘,F,춘궁로159번길 일대,경기도 하남시,보호중,http://openapi.animal.go.kr/openapi/service/rest/fileDownloadSrvc/files/shelter/2026/05/202605221105865.jpeg
441404202600263,한국 고양이,검정색,겁이 많은 성향의 어린 암컷 자묘,F,춘궁로159번길 일대,경기도 하남시,보호중,http://openapi.animal.go.kr/openapi/service/rest/fileDownloadSrvc/files/shelter/2026/05/202605221105952.jpeg
441393202600639,한국 고양이,기타(흑백),"7주추정,이유식필요",M,일동585-1 부근,경기도 안산시,보호중,http://openapi.animal.go.kr/openapi/service/rest/fileDownloadSrvc/files/shelter/2026/05/202605221605637.jpg
441393202600638,한국 고양이,기타(갈흑백),"7주추정,이유식필요",F,일동585-1 부근,경기도 안산시,보호중,http://openapi.animal.go.kr/openapi/service/rest/fileDownloadSrvc/files/shelter/2026/05/202605221605873[1].jpg
441393202600637,한국 고양이,기타(흑백),"이유식필요,7주추정",F,일동585-1 부근,경기도 안산시,보호중,http://openapi.animal.go.kr/openapi/service/rest/fileDownloadSrvc/files/shelter/2026/05/202605221605333.jpg
441393202600636,한국 고양이,기타(갈백),"호흡기심함,설사심함,탈수심함,기력없음",M,월피동466-4 부근,경기도 안산시,보호중,http://openapi.animal.go.kr/openapi/service/rest/fileDownloadSrvc/files/shelter/2026/05/202605221605249.jpg
441393202600635,한국 고양이,기타(흑백),"호흡기심함,설사심함,눈다침,탈수심함,기력없음",F,월피동466-4 부근,경기도 안산시,보호중,http://openapi.animal.go.kr/openapi/service/rest/fileDownloadSrvc/files/shelter/2026/05/202605221605938[1].jpg
441393202600634,한국 고양이,기타(흑갈백),순함,M,선부동973-9 부근,경기도 안산시,보호중,http://openapi.animal.go.kr/openapi/service/rest/fileDownloadSrvc/files/shelter/2026/05/202605221505625.jpg
441386202600675,한국 고양이,기타(검흰),(입소당시) 40일령. 우측 앞다리 파행. 탈수.,M,도당동 70,경기도 부천시,보호중,http://openapi.animal.go.kr/openapi/service/rest/fileDownloadSrvc/files/shelter/2026/05/202605221505809[1].jpg
441378202600656,한국 고양이,흰색/검은색 얼룩무늬,"2주 추정, 인공수유 필요함",M,하오개로 363번길 12,경기도 성남시,보호중,http://openapi.animal.go.kr/openapi/service/rest/fileDownloadSrvc/files/shelter/2026/05/202605221105690.jpg
431372202600351,한국 고양이,레몬색&흰색,"허피스 매우 심함, 혈변, 컨디션 저조, 영양 부족",Q,오토벨리로,울산광역시 북구,보호중,http://openapi.animal.go.kr/openapi/service/rest/fileDownloadSrvc/files/shelter/2026/05/202605220005622.jpg
431369202600282,한국 고양이,기타(갈색),"허피스, 약처방, 습식사료먹음",M,제갈견동물병원,울산광역시 중구,보호중,http://openapi.animal.go.kr/openapi/service/rest/fileDownloadSrvc/files/shelter/2026/05/202605221505983.jpg
431369202600280,한국 고양이,평행·전체·부분줄무늬,활력저하,M,효성해링턴,울산광역시 중구,보호중,http://openapi.animal.go.kr/openapi/service/rest/fileDownloadSrvc/files/shelter/2026/05/202605221105750[1].jpg
429360202600255,한국 고양이,레몬색&흰색,"26-4028 마름,기력없음",M,서구 치평동,광주광역시 서구,종료(자연사),http://openapi.animal.go.kr/openapi/service/rest/fileDownloadSrvc/files/shelter/2026/05/202605221805649.jpg
428354202600426,한국 고양이,기타(회갈고등어),엄마잃은 아기냥,F,열우물로 90 더샵아파트 단지,인천광역시 부평구,보호중,http://openapi.animal.go.kr/openapi/service/rest/fileDownloadSrvc/files/shelter/2026/05/202605221405491.jpg
428353202600447,한국 고양이,평행·전체·부분줄무늬,태어난지 한 달 정도 돼보임,M,논현동432-14,인천광역시 남동구,보호중,http://openapi.animal.go.kr/openapi/service/rest/fileDownloadSrvc/files/shelter/2026/05/202605221105136.jpg
428351202600304,페르시안-페르시안 친칠라,흰색,피부병이 심해 털이 많이 빠져있고 뭉쳐있는 상태,F,수봉북로6번길 7 근처,인천광역시 미추홀구,보호중,http://openapi.animal.go.kr/openapi/service/rest/fileDownloadSrvc/files/shelter/2026/05/202605221505236[1].jpg
428351202600303,레그돌,기타(검+노+흰),"구내염,몸을 잘 가누지 못하고 왼쪽으로 자꾸 기울어짐",M,소성로154 GS칼텍스 학익주유소 근처 ,인천광역시 미추홀구,보호중,http://openapi.animal.go.kr/openapi/service/rest/fileDownloadSrvc/files/shelter/2026/05/202605221405484[1].jpg
427346202600544,한국 고양이,레몬색&흰색,순하고착해요,M,펫마트시지점주차장,대구광역시 수성구,보호중,http://openapi.animal.go.kr/openapi/service/rest/fileDownloadSrvc/files/shelter/2026/05/202605221805841.jpg
427346202600543,한국 고양이,평행·전체·부분줄무늬,겁이많지만순해요,M,시지삼정그린코아포레스트,대구광역시 수성구,보호중,http://openapi.animal.go.kr/openapi/service/rest/fileDownloadSrvc/files/shelter/2026/05/202605221705686[2].jpg
427346202600542,한국 고양이,평행·전체·부분줄무늬,순하고 조용함,F,청호로 466,대구광역시 수성구,보호중,http://openapi.animal.go.kr/openapi/service/rest/fileDownloadSrvc/files/shelter/2026/05/202605221705631.jpg
427346202600541,한국 고양이,평행·전체·부분줄무늬,겁이 많고 설사 증상있음,M,청호로 94길 30,대구광역시 수성구,보호중,http://openapi.animal.go.kr/openapi/service/rest/fileDownloadSrvc/files/shelter/2026/05/202605221705729.jpg
427346202600540,한국 고양이,흰색/검은색 얼룩무늬,생후 3~5일 추정. 분유수유중.,M,창고,대구광역시 수성구,보호중,http://openapi.animal.go.kr/openapi/service/rest/fileDownloadSrvc/files/shelter/2026/05/202605221605767[1].jpg
427345202600264,한국 고양이,기타(회색),"태반 분리 안됨 저체온, 상태 매우 나쁨",Q,침산동 선학 맨션,대구광역시 북구,종료(자연사),http://openapi.animal.go.kr/openapi/service/rest/fileDownloadSrvc/files/shelter/2026/05/202605221705278.jpg
427345202600263,페르시안-페르시안 친칠라,회색,"털 엉킴 심함, 기력 식욕 없음",Q,태전 119,대구광역시 북구,보호중,http://openapi.animal.go.kr/openapi/service/rest/fileDownloadSrvc/files/shelter/2026/05/202605221705451.jpg
427344202600186,한국 고양이,기타(회색흰색),설사 심함,M,대명 119,대구광역시 남구,보호중,http://openapi.animal.go.kr/openapi/service/rest/fileDownloadSrvc/files/shelter/2026/05/202605221705798[1].jpg
427344202600185,한국 고양이,"기타(검정,흰색)","어미분리 자묘, 영양상태 불량,탈진",M,대명동 영생 애육원,대구광역시 남구,보호중,http://openapi.animal.go.kr/openapi/service/rest/fileDownloadSrvc/files/shelter/2026/05/202605221705850.jpg
427343202600423,한국 고양이,레몬색&흰색,2주령. 눈 뜨기 시작,Q,평리동 1206-1,대구광역시 서구,보호중,http://openapi.animal.go.kr/openapi/service/rest/fileDownloadSrvc/files/shelter/2026/05/202605221805553.jpg
427343202600422,한국 고양이,레몬색&흰색,10일령 추정. 눈 못 뜸,Q,국채보상로34안길 6-9,대구광역시 서구,보호중,http://openapi.animal.go.kr/openapi/service/rest/fileDownloadSrvc/files/shelter/2026/05/202605221805693[1].jpg
427343202600421,한국 고양이,흰색/검은색 얼룩무늬,"생후4주령  눈곱,콧물",M,서구 비산6동 행정복지센터부근,대구광역시 서구,보호중,http://openapi.animal.go.kr/openapi/service/rest/fileDownloadSrvc/files/shelter/2026/05/202605221705493.jpg
427343202600420,한국 고양이,"기타(흑,갈,백)",갓난 아기고양이,Q,서대구로62길19-35,대구광역시 서구,종료(자연사),http://openapi.animal.go.kr/openapi/service/rest/fileDownloadSrvc/files/shelter/2026/05/202605221705983.jpg
427343202600419,한국 고양이,"기타(갈,백)",10일령,F,국채보상로34안길6-9,대구광역시 서구,보호중,http://openapi.animal.go.kr/openapi/service/rest/fileDownloadSrvc/files/shelter/2026/05/202605221605186[1].jpg
427343202600418,한국 고양이,기타(갈색태비),눈 못 뜬 10일 정도의 개체,M,국채보상로34안길 6-9,대구광역시 서구,보호중,http://openapi.animal.go.kr/openapi/service/rest/fileDownloadSrvc/files/shelter/2026/05/202605221605712.jpg
427342202600303,한국 고양이,레몬색&흰색,사고추정 의식없음,M,율하 119,대구광역시 동구,종료(자연사),http://openapi.animal.go.kr/openapi/service/rest/fileDownloadSrvc/files/shelter/2026/05/202605221705393.jpg
427342202600302,한국 고양이,"기타(검정,흰색)","어미분리 자묘, 영양상태 불량,탈진",M,공항로 245-3,대구광역시 동구,종료(자연사),http://openapi.animal.go.kr/openapi/service/rest/fileDownloadSrvc/files/shelter/2026/05/202605221705125.jpg
427342202600301,한국 고양이,"기타(검정,흰색)","어미분리 자묘, 영양상태 불량,탈진",M,공항로 245-3,대구광역시 동구,종료(자연사),http://openapi.animal.go.kr/openapi/service/rest/fileDownloadSrvc/files/shelter/2026/05/20260522170572.jpg
427342202600300,한국 고양이,검은색흰색황토색조합,"어미분리 자묘, 영양상태 불량,탈진",F,공항로 245-3,대구광역시 동구,종료(자연사),http://openapi.animal.go.kr/openapi/service/rest/fileDownloadSrvc/files/shelter/2026/05/202605221705643.jpg
426339202600123,한국 고양이,레몬색&흰색,"2두,어미없이버려짐,안질환,콧물",Q,사상구 냉정로 3-6,부산광역시 사상구,보호중,http://openapi.animal.go.kr/openapi/service/rest/fileDownloadSrvc/files/shelter/2026/05/202605220905946.jpg
426339202600122,한국 고양이,레몬색&흰색,"2두,어미없이버려짐,안질환,콧물",Q,사상구 냉정로 3-6,부산광역시 사상구,보호중,http://openapi.animal.go.kr/openapi/service/rest/fileDownloadSrvc/files/shelter/2026/05/20260522090597[1].jpg
426339202600121,한국 고양이,검은색흰색황토색조합,"경계심,안질환,영양상태북족",Q,"부산시 사상구 사상로 201,사상서부터미널 1층 시설팀",부산광역시 사상구,보호중,http://openapi.animal.go.kr/openapi/service/rest/fileDownloadSrvc/files/shelter/2026/05/20260522090571.jpg
411319202600247,한국 고양이,흰색/검은색 얼룩무늬,활동적이며 일반상태 양호함.,M,보라매로80,서울특별시 동작구,보호중,http://openapi.animal.go.kr/openapi/service/rest/fileDownloadSrvc/files/shelter/2026/05/202605221705130[1].jpg
411319202600246,한국 고양이,검은색흰색황토색조합,온순함.상태 양호,F,보라매로80,서울특별시 동작구,보호중,http://openapi.animal.go.kr/openapi/service/rest/fileDownloadSrvc/files/shelter/2026/05/20260522170505[1].jpg
411311202600220,한국 고양이,흰색/검은색 얼룩무늬,"태어난지 얼마 안된 상태에서 발견됨, 관련 문의 은평구청 (02-351-6845)",F,서울특별시 은평구 통일로 723-1 (불광역 3호선),서울특별시 은평구,보호중,http://openapi.animal.go.kr/openapi/service/rest/fileDownloadSrvc/files/shelter/2026/05/202605221405506.jpg
429359202600304,한국 고양이,평행·전체·부분줄무늬,26-7145,M,동구 무등산로제비앙,광주광역시 동구,보호중,http://openapi.animal.go.kr/openapi/service/rest/fileDownloadSrvc/files/shelter/2026/05/20260522180581.jpg
429361202600158,한국 고양이,흰색/검은색 얼룩무늬,26-7144,F,남구 주월동,광주광역시 남구,보호중,http://openapi.animal.go.kr/openapi/service/rest/fileDownloadSrvc/files/shelter/2026/05/202605221805512.jpg
429359202600302,한국 고양이,검은색흰색황토색조합,26-6023 내장칩없음 하지불편,F,동구 금남로,광주광역시 동구,종료(자연사),http://openapi.animal.go.kr/openapi/service/rest/fileDownloadSrvc/files/shelter/2026/05/202605221605845[2].jpg
429360202600254,한국 고양이,레몬색&흰색,26-7143 3개월령추정,M,서구 화정동,광주광역시 서구,보호중,http://openapi.animal.go.kr/openapi/service/rest/fileDownloadSrvc/files/shelter/2026/05/202605221605413.jpg
448548202600496,한국 고양이,레몬색&흰색,박스 유기,F,합천읍,경상남도 합천군,보호중,http://openapi.animal.go.kr/openapi/service/rest/fileDownloadSrvc/files/shelter/2026/05/202605211305135.jpg
450650202601238,한국 고양이,기타(치즈),개체관리번호 26211 - 뒷다리다침,M,제주시 오라일동 공설로49,제주특별자치도,보호중,http://openapi.animal.go.kr/openapi/service/rest/fileDownloadSrvc/files/shelter/2026/05/202605221305485.jpg
450650202601237,한국 고양이,기타(흰검),개체관리번호 26210 - TNR로 병원입소 후 중성화 확인됨,M,제주시 이도이동 오복1길 3-8,제주특별자치도,보호중,http://openapi.animal.go.kr/openapi/service/rest/fileDownloadSrvc/files/shelter/2026/05/202605221305975.jpg
450650202601236,한국 고양이,검정색,개체관리번호 26069 - TNR로 병원입소 후 중성화 확인됨,M,제주시 건입동 동대2길13 스키즈키샵,제주특별자치도,종료(반환),http://openapi.animal.go.kr/openapi/service/rest/fileDownloadSrvc/files/shelter/2026/05/202605221305956.jpg
447512202600474,한국 고양이,흰색/검은색 얼룩무늬,1달정되고 어미없는 새끼 고양이 ,M,호계봉서,경상북도 문경시,보호중,http://openapi.animal.go.kr/openapi/service/rest/fileDownloadSrvc/files/shelter/2026/05/202605221405500[1].jpg
444457202600282,한국 고양이,검은색흰색황토색조합,감기,F,부여읍 동남리 17-5,충청남도 부여군,보호중,http://openapi.animal.go.kr/openapi/service/rest/fileDownloadSrvc/files/shelter/2026/05/202605220905345.jpg
444454202600773,한국 고양이,레몬색&흰색,"눈곱,콧물심함,기력없음,예후불량",M,연산면,충청남도 논산시,보호중,http://openapi.animal.go.kr/openapi/service/rest/fileDownloadSrvc/files/shelter/2026/05/202605221105662[1].jpg
443445202600336,한국 고양이,기타(태비),"피모가거칠고,항균제주사치료/예후는 지켜봐야함",M,진천군 진천읍 문화로 404,충청북도 진천군,보호중,http://openapi.animal.go.kr/openapi/service/rest/fileDownloadSrvc/files/shelter/2026/05/202605221805849[1].jpg
443445202600335,한국 고양이,기타(태비),"피모가거칠고,결막염주사치료)/예후는 지켜봐야함",M,진천군 진천읍 문화로 404,충청북도 진천군,보호중,http://openapi.animal.go.kr/openapi/service/rest/fileDownloadSrvc/files/shelter/2026/05/202605221805386[1].jpg
443445202600334,한국 고양이,기타(고등어태비),"피모가거칠고,호흡기있음(항균제주사치료)/예후는 지켜봐야함",F,진천군 진천읍 문화로 404,충청북도 진천군,보호중,http://openapi.animal.go.kr/openapi/service/rest/fileDownloadSrvc/files/shelter/2026/05/202605221805737.jpg
443445202600333,한국 고양이,기타(고등어태비),"결막염,호흡기있음/항균제주사치료/예후는 지켜봐야함",F,진천군 진천읍 문화로 404,충청북도 진천군,보호중,http://openapi.animal.go.kr/openapi/service/rest/fileDownloadSrvc/files/shelter/2026/05/202605221805213.jpg
442422202600040,한국 고양이,검은색흰색황토색조합,고양이 암컷 3달 500그람 여러색,F,소도동  5주공옆도로변,강원특별자치도 태백시,보호중,http://openapi.animal.go.kr/openapi/service/rest/fileDownloadSrvc/files/shelter/2026/05/202605222005319.jpg
441409202600449,한국 고양이,레몬색&흰색,코 분홍. 눈곱. 콧물. 눈 못 뜸. 탯줄 있음. 저체온. 기력 없음. ,M,경기 김포시 고촌읍 수기로 56,경기도 김포시,보호중,http://openapi.animal.go.kr/openapi/service/rest/fileDownloadSrvc/files/shelter/2026/05/202605221605938.jpg
441409202600448,한국 고양이,검은색흰색황토색조합,코 검정/분홍. 눈곱. 저체온. 기력 없음. ,F,경기 김포시 고촌읍 인향로 222,경기도 김포시,보호중,http://openapi.animal.go.kr/openapi/service/rest/fileDownloadSrvc/files/shelter/2026/05/202605221605849.jpg
441408202601054,한국 고양이,평행·전체·부분줄무늬,회사 공터에 기력 없이 누워있어서 신고자가 보호소에 데리고 옴,M,서미로 459,경기도 안성시,보호중,http://openapi.animal.go.kr/openapi/service/rest/fileDownloadSrvc/files/shelter/2026/05/202605221005203.jpg
441398202600238,한국 고양이,평행·전체·부분줄무늬,코 검정. 눈곱. 콧물. 비강 출혈 흔적. 기력 없음. 양 눈 못 뜸. ,M,경기 구리시 교문동 산130-1,경기도 구리시,보호중,http://openapi.animal.go.kr/openapi/service/rest/fileDownloadSrvc/files/shelter/2026/05/202605221505809[2].jpg
441374202600626,한국 고양이,기타(흑백),"어림(1개월 이하), 결막염, 호흡기 질환",Q,권선구 권선로381번길 13(서둔동),경기도 수원시,보호중,http://openapi.animal.go.kr/openapi/service/rest/fileDownloadSrvc/files/shelter/2026/05/202605221005640.jpg
431372202600352,한국 고양이,기타(갈색갈),"기력없음, 허약함",F,북구 진장유통로,울산광역시 북구,보호중,http://openapi.animal.go.kr/openapi/service/rest/fileDownloadSrvc/files/shelter/2026/05/202605221405936[1].jpg
431370202600355,한국 고양이,검정색,"태어난지5일전후,인공포유,호흡기질환,설사",M,야음동748-11,울산광역시 남구,보호중,http://openapi.animal.go.kr/openapi/service/rest/fileDownloadSrvc/files/shelter/2026/05/202605221105598.jpg
431370202600354,한국 고양이,기타(치즈색),"태어난지5일전후,인공포유,호흡기질환,설사",M,선암동 행정복지센타,울산광역시 남구,보호중,http://openapi.animal.go.kr/openapi/service/rest/fileDownloadSrvc/files/shelter/2026/05/202605221105140.jpg
431369202600281,한국 고양이,레몬색&흰색,"기력없고 처져있음, 식욕없음",F,복산1길1,울산광역시 중구,보호중,http://openapi.animal.go.kr/openapi/service/rest/fileDownloadSrvc/files/shelter/2026/05/202605221405950.jpg
429363202600403,한국 고양이,검은색흰색황토색조합,26-4027,F,광산구 삼도동,광주광역시 광산구,보호중,http://openapi.animal.go.kr/openapi/service/rest/fileDownloadSrvc/files/shelter/2026/05/202605221505338[1].jpg
428351202600302,한국 고양이,흰색/검은색 얼룩무늬,"교통사고로인해 왼쪽 앞다리골절 및 심한 외상, 눈꼽,결막염,감기",F,주안역 센트레빌 아파트 근처,인천광역시 미추홀구,보호중,http://openapi.animal.go.kr/openapi/service/rest/fileDownloadSrvc/files/shelter/2026/04/202605211805435.jpg
427347202600494,한국 고양이,검은색흰색황토색조합,어미분리 자묘,F,야외음악당로 2길 49,대구광역시 달서구,보호중,http://openapi.animal.go.kr/openapi/service/rest/fileDownloadSrvc/files/shelter/2026/05/202605221005309[1].jpg
427347202600493,한국 고양이,기타(갈회색),어미분리 자묘,F,야외음악당로 2길 49,대구광역시 달서구,보호중,http://openapi.animal.go.kr/openapi/service/rest/fileDownloadSrvc/files/shelter/2026/05/202605221005132.jpg
427347202600492,한국 고양이,검은색흰색황토색조합,"사고 추정, 의식없음",F,도원 119,대구광역시 달서구,종료(자연사),http://openapi.animal.go.kr/openapi/service/rest/fileDownloadSrvc/files/shelter/2026/05/202605221005542.jpg
427345202600261,한국 고양이,검은색흰색황토색조합,"교통사고 추정, 의식 없음",F,강북 119,대구광역시 북구,종료(자연사),http://openapi.animal.go.kr/openapi/service/rest/fileDownloadSrvc/files/shelter/2026/05/202605221105822.jpg
427345202600260,한국 고양이,검은색흰색황토색조합,사고추정 의식없음,F,서변로 3길 55,대구광역시 북구,종료(자연사),http://openapi.animal.go.kr/openapi/service/rest/fileDownloadSrvc/files/shelter/2026/05/202605221105481.jpg
427345202600259,한국 고양이,기타(회색),"어미분리 자묘, 영양상태 불량,탈진",M,동변로 20길 10,대구광역시 북구,보호중,http://openapi.animal.go.kr/openapi/service/rest/fileDownloadSrvc/files/shelter/2026/05/202605221105320.jpg
427345202600258,한국 고양이,기타(회색),"어미분리 자묘, 영양상태 불량,탈진",F,동변로 20길 10,대구광역시 북구,보호중,http://openapi.animal.go.kr/openapi/service/rest/fileDownloadSrvc/files/shelter/2026/05/202605221105134.jpg
427345202600257,한국 고양이,"기타(검정,흰색)","교통사고, 의식 없음",M,금호 천년나무 1단지,대구광역시 북구,종료(자연사),http://openapi.animal.go.kr/openapi/service/rest/fileDownloadSrvc/files/shelter/2026/05/202605221105703.jpg
427343202600416,한국 고양이,흰색/검은색 얼룩무늬, 쥐끈끈이 붙어있슴,Q,평리동1526-11,대구광역시 서구,보호중,http://openapi.animal.go.kr/openapi/service/rest/fileDownloadSrvc/files/shelter/2026/05/202605221105926.jpeg
427342202600299,한국 고양이,레몬색&흰색,"어미분리 자묘, 저체온증,탈수,탈진,상태 매우 나쁨",M,메디밸리로 13,대구광역시 동구,종료(자연사),http://openapi.animal.go.kr/openapi/service/rest/fileDownloadSrvc/files/shelter/2026/05/202605221005324.jpg
426336202600145,한국 고양이,흰색/검은색 얼룩무늬,"4두,안질환,영양상태부족,강서2-51",Q,"신호삼로 102, 현대메디칼",부산광역시 강서구,보호중,http://openapi.animal.go.kr/openapi/service/rest/fileDownloadSrvc/files/shelter/2026/05/202605221605760.jpg
426336202600144,한국 고양이,흰색/검은색 얼룩무늬,"4두,안질환,영양상태부족,강서2-50",Q,"신호삼로 102, 현대메디칼",부산광역시 강서구,보호중,http://openapi.animal.go.kr/openapi/service/rest/fileDownloadSrvc/files/shelter/2026/05/202605221605859.jpg
426336202600143,한국 고양이,흰색/검은색 얼룩무늬,"4두,안질환,영양상태부족,강서2-49",Q,"신호삼로 102, 현대메디칼",부산광역시 강서구,보호중,http://openapi.animal.go.kr/openapi/service/rest/fileDownloadSrvc/files/shelter/2026/05/202605221605495.jpg
426336202600142,한국 고양이,흰색/검은색 얼룩무늬,"4두,안질환,영양상태부족,강서2-48",Q,"신호삼로 102, 현대메디칼",부산광역시 강서구,보호중,http://openapi.animal.go.kr/openapi/service/rest/fileDownloadSrvc/files/shelter/2026/05/202605221605265.jpg
426336202600141,한국 고양이,레몬색&흰색,"2두,젖먹이,눈을못뜸,영양상태부족,강서2-47",Q,미음산단3로 76(대원중공업),부산광역시 강서구,보호중,http://openapi.animal.go.kr/openapi/service/rest/fileDownloadSrvc/files/shelter/2026/05/202605221605166.jpg
426336202600140,한국 고양이,레몬색&흰색,"2두,젖먹이,눈을못뜸,영양상태부족,강서2-46",Q,미음산단3로 76(대원중공업),부산광역시 강서구,보호중,http://openapi.animal.go.kr/openapi/service/rest/fileDownloadSrvc/files/shelter/2026/05/202605221505161[2].jpg
426335202600270,믹스묘,기타(검정색),"사고 의심, 기립 불능, 예민함",F,금사동 위너스크린에서 서동방향,부산광역시 금정구,보호중,http://openapi.animal.go.kr/openapi/service/rest/fileDownloadSrvc/files/shelter/2026/05/202605221305667.jpg
426334202600365,한국 고양이,검은색흰색황토색조합,"3개월미만 추정, 어미없이버려짐,약간의경계심,영양상태부족",Q,오작로3번길 25,부산광역시 사하구,보호중,http://openapi.animal.go.kr/openapi/service/rest/fileDownloadSrvc/files/shelter/2026/05/202605222105421.jpg
426332202600244,한국 고양이,기타(흰색황토색),"젖먹이,영양상태부족,기력없음,북구2-72",Q,화명코오롱아파트 관리사무소,부산광역시 북구,보호중,http://openapi.animal.go.kr/openapi/service/rest/fileDownloadSrvc/files/shelter/2026/05/202605221405202.jpg
426332202600243,한국 고양이,검정색,"3두,젖먹이,어미없이버려짐,기력없음,북구2-71",Q,화명코오롱아파트 관리사무소,부산광역시 북구,보호중,http://openapi.animal.go.kr/openapi/service/rest/fileDownloadSrvc/files/shelter/2026/05/202605221405780.jpg
426332202600242,한국 고양이,검정색,"3두,젖먹이,어미없이버려짐,기력없음,북구2-70",Q,화명코오롱아파트 관리사무소,부산광역시 북구,보호중,http://openapi.animal.go.kr/openapi/service/rest/fileDownloadSrvc/files/shelter/2026/05/202605221405299.jpg
426330202600080,믹스묘,기타(검갈),"수유 필요, 기력 저하",M,충렬대로 249,부산광역시 동래구,보호중,http://openapi.animal.go.kr/openapi/service/rest/fileDownloadSrvc/files/shelter/2026/05/202605221305868.jpg
426330202600079,믹스묘,갈색,"수유 필요, 기력 저하,",F,충렬대로 249,부산광역시 동래구,보호중,http://openapi.animal.go.kr/openapi/service/rest/fileDownloadSrvc/files/shelter/2026/05/202605221305386.jpg
426329202600318,한국 고양이,기타(검흰색),"어미없음, 고젖입-2두",Q,부산진구 진남로 422(양정 메트로하이즈),부산광역시 부산진구,보호중,http://openapi.animal.go.kr/openapi/service/rest/fileDownloadSrvc/files/shelter/2026/05/202605220905457.png
426329202600317,한국 고양이,기타(검흰색),"어미없음, 고젖입-2두",Q,부산진구 진남로 422(양정 메트로하이즈),부산광역시 부산진구,보호중,http://openapi.animal.go.kr/openapi/service/rest/fileDownloadSrvc/files/shelter/2026/05/202605220905666.png
411320202600210,한국 고양이,기타(흰황색),체크무늬 목걸이 착용.온순함. 잇몸 염증,M,신림로 54길 35,서울특별시 관악구,보호중,http://openapi.animal.go.kr/openapi/service/rest/fileDownloadSrvc/files/shelter/2026/05/202605221105785.jpg
411318202600148,한국 고양이,레몬색&흰색,포유기. 눈곱. 콧물. 코분홍. 눈 못 뜸. 탯줄있음. 저체온.,M,서울 영등포구 국회대로76길 15 인근,서울특별시 영등포구,보호중,http://openapi.animal.go.kr/openapi/service/rest/fileDownloadSrvc/files/shelter/2026/05/202605221605279.jpg
411315202600395,한국 고양이,평행·전체·부분줄무늬,코 검정. 눈곱. 콧물. 털 상태 양호.,M,서울 강서구 초원로 16 (방화동) 인근,서울특별시 강서구,보호중,http://openapi.animal.go.kr/openapi/service/rest/fileDownloadSrvc/files/shelter/2026/05/202605221505297[1].jpg
411313202600197,한국 고양이,기타(치즈),앞다리 교상 복부 상처 저체온 마름 기력없음 ,M,월드컵로235 ,서울특별시 마포구,보호중,http://openapi.animal.go.kr/openapi/service/rest/fileDownloadSrvc/files/shelter/2026/04/202605211805802.jpg
411309202600206,한국 고양이,기타(검줄/흰),코 분홍. 눈곱. 콧물. 털 상태 양호. ,F,서울 도봉구 시루봉로6길 33 (방학동),서울특별시 도봉구,보호중,http://openapi.animal.go.kr/openapi/service/rest/fileDownloadSrvc/files/shelter/2026/05/202605221605841.jpg
411309202600205,한국 고양이,기타(검/흰),코 검정. 눈곱. 콧물. 털 상태 양호. ,F,서울 도봉구 시루봉로6길 33 (방학동),서울특별시 도봉구,보호중,http://openapi.animal.go.kr/openapi/service/rest/fileDownloadSrvc/files/shelter/2026/05/202605221605572.jpg
411309202600204,한국 고양이,기타(갈/검/흰),코 분홍. 눈곱. 콧물. 털 상태 양호. ,F,서울 도봉구 시루봉로6길 33 (방학동),서울특별시 도봉구,보호중,http://openapi.animal.go.kr/openapi/service/rest/fileDownloadSrvc/files/shelter/2026/05/202605221605446.jpg
411309202600203,한국 고양이,기타(갈/흰),코 분홍. 심한 눈곱. 콧물. 우안 못 뜸. 털 상태 양호. ,M,서울 도봉구 시루봉로6길 33 (방학동),서울특별시 도봉구,보호중,http://openapi.animal.go.kr/openapi/service/rest/fileDownloadSrvc/files/shelter/2026/05/20260522160554.jpg
411305202600296,한국 고양이,흰색/검은색 얼룩무늬,포유기. 코 분홍/검정. 눈곱. 콧물. 눈 못 뜸. 탯줄 있음. 저체온. 기력 없음. ,F,서울 동대문구 안암로4길 35 (신설동),서울특별시 동대문구,보호중,http://openapi.animal.go.kr/openapi/service/rest/fileDownloadSrvc/files/shelter/2026/05/202605221505334.jpg
429363202600402,한국 고양이,기타(검 갈),26-7142,M,광산구 신창동,광주광역시 광산구,보호중,http://openapi.animal.go.kr/openapi/service/rest/fileDownloadSrvc/files/shelter/2026/05/202605221505232.jpg
429362202600304,한국 고양이,검은색흰색황토색조합,26-7141,M,북구 두암동,광주광역시 북구,종료(자연사),http://openapi.animal.go.kr/openapi/service/rest/fileDownloadSrvc/files/shelter/2026/05/202605221505385.jpg
443445202600328,한국 고양이,기타(치즈태비),교통사고로 추정/맥박없음/후송후 사망함,F,진천군 광혜원면 중리1길 3,충청북도 진천군,종료(자연사),http://openapi.animal.go.kr/openapi/service/rest/fileDownloadSrvc/files/shelter/2026/05/202605220805859.jpg
448536202600407,한국 고양이,검은색흰색황토색조합,수유가 필요한 아가냥이,Q,내일동,경상남도 밀양시,보호중,http://openapi.animal.go.kr/openapi/service/rest/fileDownloadSrvc/files/shelter/2026/04/202605211505263.jpg
447505202600502,한국 고양이,레몬색&흰색,아직 잠이 많은 아기 고양이 하지만 놀 땐 날아다닌답니다~,Q,외동 산업로 1767,경상북도 경주시,보호중,http://openapi.animal.go.kr/openapi/service/rest/fileDownloadSrvc/files/shelter/2026/04/20260521140597.jpg
447505202600501,한국 고양이,검은색흰색황토색조합,코에 까만점이 아주 매력적인 삼생냥! 허피스 치료 중이며 성격도 순하고 착하게 생겼어요! ,F,내남면 안심길 130 부근,경상북도 경주시,보호중,http://openapi.animal.go.kr/openapi/service/rest/fileDownloadSrvc/files/shelter/2026/04/202605211405715.jpg
447505202600500,한국 고양이,검은색흰색황토색조합,허피스 치료 중이라 꼬질하지만 성격좋고 무늬가 아주 예쁜 아깽입니다~,M,용담로 116번길 부근,경상북도 경주시,보호중,http://openapi.animal.go.kr/openapi/service/rest/fileDownloadSrvc/files/shelter/2026/04/202605211405879[1].jpg
446482202600171,한국 고양이,레몬색&흰색,자생어려움 젖먹이,M,가곡시영아파트 101동,전라남도 순천시,보호중,http://openapi.animal.go.kr/openapi/service/rest/fileDownloadSrvc/files/shelter/2026/05/202605211405849.jpg
445479202600550,믹스묘,갈색,새끼 고양이 (20~25일정도),Q, 부안읍 오리정로 162-58 오투1차 관리사무소,전북특별자치도 부안군,보호중,http://openapi.animal.go.kr/openapi/service/rest/fileDownloadSrvc/files/shelter/2026/04/20260521170516.jpg
445479202600549,믹스묘,갈색,새끼 고양이 (20~25일정도),Q, 부안읍 오리정로 162-58 오투1차 관리사무소,전북특별자치도 부안군,보호중,http://openapi.animal.go.kr/openapi/service/rest/fileDownloadSrvc/files/shelter/2026/04/202605211705623.jpg
445468202601305,한국 고양이,레몬색&흰색,생후 15일정도 되었으며 작고 귀여움,F,익산시 춘포면 덕실1길 216-9,전북특별자치도 익산시,보호중,http://openapi.animal.go.kr/openapi/service/rest/fileDownloadSrvc/files/shelter/2026/04/202605211705414.jpg
445468202601303,한국 고양이,검은색흰색황토색조합,생후 35일정도이며 살짝 경계심이있지만 순한편임,F,익산시 익산대로52길 42,전북특별자치도 익산시,보호중,http://openapi.animal.go.kr/openapi/service/rest/fileDownloadSrvc/files/shelter/2026/04/202605211705553.jpg
445468202601302,한국 고양이,검은색흰색황토색조합,생후 30일정도 되어보이며 경계심이 살짝있지만 순한편임,F,익산시 익산대로52길 42,전북특별자치도 익산시,보호중,http://openapi.animal.go.kr/openapi/service/rest/fileDownloadSrvc/files/shelter/2026/04/202605211705980.jpg
445468202601301,한국 고양이,기타(흰회색),생후 40일정도 되었으며 경계심이없음. 작고 귀여움,F,익산시 남중동 35-34,전북특별자치도 익산시,보호중,http://openapi.animal.go.kr/openapi/service/rest/fileDownloadSrvc/files/shelter/2026/04/202605211705912.jpg
445467202601073,믹스묘,기타(갈/흰),3살추정 기력없고 뒷다리 골절,F,대야면 소치길 21-11,전북특별자치도 군산시,보호중,http://openapi.animal.go.kr/openapi/service/rest/fileDownloadSrvc/files/shelter/2026/04/20260521170562.jpg
445464202601796,한국 고양이,기타(고등어),종이박스안에 있었음,M,권삼득로 122,전북특별자치도 전주시,보호중,http://openapi.animal.go.kr/openapi/service/rest/fileDownloadSrvc/files/shelter/2026/05/202605212305448.jpg
445464202601795,한국 고양이,기타(고등어),종이박스안에 있었음,F,권삼득로 122,전북특별자치도 전주시,보호중,http://openapi.animal.go.kr/openapi/service/rest/fileDownloadSrvc/files/shelter/2026/05/202605212305883.jpg
445464202601794,먼치킨,기타(고등어),"안구돌출,하악골절",M,새터로 17,전북특별자치도 전주시,종료(자연사),http://openapi.animal.go.kr/openapi/service/rest/fileDownloadSrvc/files/shelter/2026/05/202605212305831.jpg
444568202600274,한국 고양이,검은색흰색황토색조합,"4개월, 순함. 광견병, 종합백신 완료(05/21)",F,당진시 당진시장길 124 ,충청남도 당진시,보호중,http://openapi.animal.go.kr/openapi/service/rest/fileDownloadSrvc/files/shelter/2026/05/202605211505532.jpg
444568202600270,한국 고양이,"기타(흰,노)","1개월,순함",M,당진시 석문면 보덕포로 1069-21,충청남도 당진시,보호중,http://openapi.animal.go.kr/openapi/service/rest/fileDownloadSrvc/files/shelter/2026/04/202605211005322.jpg
444453202600699,한국 고양이,"기타(밍크, 흰색)",입소 당시 1주령 추정,Q,인지면 모월리 100 인근 ,충청남도 서산시,종료(자연사),http://openapi.animal.go.kr/openapi/service/rest/fileDownloadSrvc/files/shelter/2026/05/202605211805674[1].jpg
444453202600698,한국 고양이,검은색흰색황토색조합,입소 당시 1주령 추정,Q,인지면 모월리 100 인근 ,충청남도 서산시,종료(자연사),http://openapi.animal.go.kr/openapi/service/rest/fileDownloadSrvc/files/shelter/2026/05/202605211805229.jpg
444453202600697,한국 고양이,검은색흰색황토색조합,입소 당시 1주령 추정,Q,인지면 모월리 100 인근 ,충청남도 서산시,종료(자연사),http://openapi.animal.go.kr/openapi/service/rest/fileDownloadSrvc/files/shelter/2026/05/202605211805696.jpg
443571202601173,한국 고양이,검정색,이유식 단계 고양이/단체기증예정,M,상당로 인근,충청북도 청주시,보호중,http://openapi.animal.go.kr/openapi/service/rest/fileDownloadSrvc/files/shelter/2026/04/202605211705543.jpg
443571202601172,한국 고양이,검정색,억울한 외모의 이유식 단계의 고양이/단체기증예정,F,상당로 인근,충청북도 청주시,보호중,http://openapi.animal.go.kr/openapi/service/rest/fileDownloadSrvc/files/shelter/2026/04/202605211705110.jpg
443571202601171,한국 고양이,검은색흰색황토색조합,"허피스삼색이, 이유묘, 단체기증예정",F,상당구 탑동,충청북도 청주시,보호중,http://openapi.animal.go.kr/openapi/service/rest/fileDownloadSrvc/files/shelter/2026/04/20260521170599.jpg
443571202601170,한국 고양이,평행·전체·부분줄무늬,"갈색빛이 진한 모색,귀여운 외모의 이유식 단계 고양이/단체기증예정",M,상당로 인근,충청북도 청주시,보호중,http://openapi.animal.go.kr/openapi/service/rest/fileDownloadSrvc/files/shelter/2026/04/202605211705182[3].jpg
443571202601169,한국 고양이,평행·전체·부분줄무늬,"고등어, 이유묘, 단체기증예정",F,오창읍,충청북도 청주시,보호중,http://openapi.animal.go.kr/openapi/service/rest/fileDownloadSrvc/files/shelter/2026/04/202605211705182[2].jpg
443571202601168,한국 고양이,검은색흰색황토색조합,"삼색이, 이유묘, 단체기증예정",F,오창읍,충청북도 청주시,보호중,http://openapi.animal.go.kr/openapi/service/rest/fileDownloadSrvc/files/shelter/2026/04/202605211705948.jpg
443571202601167,한국 고양이,평행·전체·부분줄무늬,"회색빛이 진한 모색,귀여운 외모의 이유식 단계 고양이/단체기증예정",F,상당로 인근,충청북도 청주시,보호중,http://openapi.animal.go.kr/openapi/service/rest/fileDownloadSrvc/files/shelter/2026/04/202605211705306.jpg
443571202601166,한국 고양이,평행·전체·부분줄무늬,"삼색이고등어, 이유묘, 단체기증예정",F,오창읍,충청북도 청주시,보호중,http://openapi.animal.go.kr/openapi/service/rest/fileDownloadSrvc/files/shelter/2026/04/202605211705182[1].jpg
443571202601165,한국 고양이,레몬색&흰색,임보중이나 입양신청 및 입양문의 가능/이유식 단계의 먹성좋은 아기 고양이,F,후기리 인근,충청북도 청주시,보호중,http://openapi.animal.go.kr/openapi/service/rest/fileDownloadSrvc/files/shelter/2026/04/202605211405985.jpeg
443571202601164,한국 고양이,검정색,임보중이나 입양신청 및 입양문의 가능/이유식 단계의 먹성좋은 아기 고양이,M,후기리 인근,충청북도 청주시,보호중,http://openapi.animal.go.kr/openapi/service/rest/fileDownloadSrvc/files/shelter/2026/04/202605211405112.jpeg
443571202601163,한국 고양이,검정색,임보중이나 입양신청 및 입양문의 가능/이유식 단계의 먹성좋은 아기 고양이,M,후기리 인근,충청북도 청주시,보호중,http://openapi.animal.go.kr/openapi/service/rest/fileDownloadSrvc/files/shelter/2026/04/20260521140583.jpeg
443443202600349,한국 고양이,검은색흰색황토색조합,[관리번호191]청성면 산계리에 위치한 민가에서 발견,M,청성면,충청북도 옥천군,보호중,http://openapi.animal.go.kr/openapi/service/rest/fileDownloadSrvc/files/shelter/2026/04/202605211705785.jpeg
441570202600231,한국 고양이,평행·전체·부분줄무늬,"야윔, 포유, 눈이 좋지않음",Q,북내면 운촌리,경기도 여주시,보호중,http://openapi.animal.go.kr/openapi/service/rest/fileDownloadSrvc/files/shelter/2026/05/202605211805906.jpg
441570202600230,한국 고양이,기타(흰회갈검줄),"야윔, 포유",Q,북내면 운촌리,경기도 여주시,보호중,http://openapi.animal.go.kr/openapi/service/rest/fileDownloadSrvc/files/shelter/2026/05/20260521180581.jpg
441570202600229,한국 고양이,평행·전체·부분줄무늬,"야윔, 포유",Q,북내면 운촌리,경기도 여주시,보호중,http://openapi.animal.go.kr/openapi/service/rest/fileDownloadSrvc/files/shelter/2026/05/202605211805222.jpg
441570202600228,한국 고양이,기타(흰회갈검줄),"야윔, 포유",Q,북내면 운촌리,경기도 여주시,보호중,http://openapi.animal.go.kr/openapi/service/rest/fileDownloadSrvc/files/shelter/2026/05/202605211805691.jpg
441570202600224,한국 고양이,평행·전체·부분줄무늬,"야윔, 포유",Q,흥천면 계신리,경기도 여주시,보호중,http://openapi.animal.go.kr/openapi/service/rest/fileDownloadSrvc/files/shelter/2026/05/20260521170524.jpg
441570202600223,한국 고양이,평행·전체·부분줄무늬,"야윔, 포유",Q,흥천면 계신리,경기도 여주시,보호중,http://openapi.animal.go.kr/openapi/service/rest/fileDownloadSrvc/files/shelter/2026/05/202605211705243.jpg
441570202600222,한국 고양이,평행·전체·부분줄무늬,"야윔, 포유",Q,흥천면 계신리,경기도 여주시,보호중,http://openapi.animal.go.kr/openapi/service/rest/fileDownloadSrvc/files/shelter/2026/05/202605211705445.jpg
441570202600221,한국 고양이,검정색,"야윔, 포유",Q,흥천면 계신리,경기도 여주시,보호중,http://openapi.animal.go.kr/openapi/service/rest/fileDownloadSrvc/files/shelter/2026/05/202605211705471.jpg
441570202600220,한국 고양이,검정색,"야윔, 포유",Q,흥천면 계신리,경기도 여주시,보호중,http://openapi.animal.go.kr/openapi/service/rest/fileDownloadSrvc/files/shelter/2026/05/202605211705939.jpg
441554202601057,한국 고양이,기타(노랑색),"5-69, 1개월령, 비에 젖은채 발견됨, 각막혼탁, 저체온, 기력적음",F,광주시 새말길 일대,경기도 광주시,보호중,http://openapi.animal.go.kr/openapi/service/rest/fileDownloadSrvc/files/shelter/2026/05/20260521190576[1].jpg
441407202600547,한국 고양이,기타(삼색),"야윔, 포유",F,신둔면 지석리,경기도 이천시,보호중,http://openapi.animal.go.kr/openapi/service/rest/fileDownloadSrvc/files/shelter/2026/05/20260521180564.jpg
441407202600546,한국 고양이,평행·전체·부분줄무늬,"야윔, 포유",M,신둔면 지석리,경기도 이천시,보호중,http://openapi.animal.go.kr/openapi/service/rest/fileDownloadSrvc/files/shelter/2026/05/202605211805978[1].jpg
441407202600545,한국 고양이,기타(삼색),"야윔, 포유",F,신둔면 지석리,경기도 이천시,보호중,http://openapi.animal.go.kr/openapi/service/rest/fileDownloadSrvc/files/shelter/2026/05/202605211805669.jpg
441407202600544,한국 고양이,평행·전체·부분줄무늬,"야윔, 포유",M,신둔면 지석리,경기도 이천시,보호중,http://openapi.animal.go.kr/openapi/service/rest/fileDownloadSrvc/files/shelter/2026/05/202605211805566[1].jpg
441407202600543,한국 고양이,평행·전체·부분줄무늬,"야윔, 포유",M,신둔면 지석리,경기도 이천시,보호중,http://openapi.animal.go.kr/openapi/service/rest/fileDownloadSrvc/files/shelter/2026/04/202605211805165.jpg
441400202600201,한국 고양이,흰색/검은색 얼룩무늬,"로드킬,기립불능,예후불량",M,누읍동664-1,경기도 오산시,보호중,http://openapi.animal.go.kr/openapi/service/rest/fileDownloadSrvc/files/shelter/2026/04/202605211605356[1].jpg
441400202600199,한국 고양이,검정색,인공포유 필요,M,외삼미로91번길49,경기도 오산시,보호중,http://openapi.animal.go.kr/openapi/service/rest/fileDownloadSrvc/files/shelter/2026/04/202605211405827.jpg
441386202600672,한국 고양이,"기타(검,노,흰)","(입소당시) 구내염, 비강내출혈,우측앞발찰과상,좌측눈위찰과상,기력없음",F,경기도 부천시 대장로 140,경기도 부천시,보호중,http://openapi.animal.go.kr/openapi/service/rest/fileDownloadSrvc/files/shelter/2026/05/202605212105704.jpg
441378202600655,믹스묘,갈색,2일추정 인공수유,F,양지동273,경기도 성남시,보호중,http://openapi.animal.go.kr/openapi/service/rest/fileDownloadSrvc/files/shelter/2026/05/202605212005664.jpg
431372202600350,한국 고양이,흰색/검은색 얼룩무늬,심한 허피스,Q,현대자동차 신 기숙사앞 공원,울산광역시 북구,보호중,http://openapi.animal.go.kr/openapi/service/rest/fileDownloadSrvc/files/shelter/2026/05/202605211805798.jpg
430364202600360,한국 고양이,평행·전체·부분줄무늬,교통사고(허리 골절 추정),M,성남동 495-18,대전광역시 동구,종료(안락사),http://openapi.animal.go.kr/openapi/service/rest/fileDownloadSrvc/files/shelter/2026/05/202605211405660.png
428357202600730,한국 고양이,검정색,2개월령추정. 흰발가락양말. 어미없음,F,중앙로 607 (삼성리 강화교육지원청),인천광역시 강화군,보호중,http://openapi.animal.go.kr/openapi/service/rest/fileDownloadSrvc/files/shelter/2026/04/202605211505300.jpg
427347202600489,한국 고양이,기타(회색흰색),교통사고,Q,보강병원 앞 도로,대구광역시 달서구,종료(안락사),http://openapi.animal.go.kr/openapi/service/rest/fileDownloadSrvc/files/shelter/2026/04/202605211105106[1].jpg
427346202600539,한국 고양이,검은색흰색황토색조합,겁이 많아요 귀여워요 치치라고 불러요,F,집 근처 공원,대구광역시 수성구,보호중,http://openapi.animal.go.kr/openapi/service/rest/fileDownloadSrvc/files/shelter/2026/05/202605211705494.jpg
427346202600537,한국 고양이,기타(턱시도),저체온증 기력저하 왼쪽다리 괴사 심한탈수,F,도로인도 파동인성 한의원 담벼락,대구광역시 수성구,종료(자연사),http://openapi.animal.go.kr/openapi/service/rest/fileDownloadSrvc/files/shelter/2026/04/202605211305663.jpg
427346202600536,한국 고양이,기타(검갈.흰색),너무 순한 냥이 입니다..결막염이 있으나 치료 중입니다..,F,들안로9,대구광역시 수성구,보호중,http://openapi.animal.go.kr/openapi/service/rest/fileDownloadSrvc/files/shelter/2026/05/20260525140559[1].jpg
427345202600255,한국 고양이,검정색,"어미분리 자묘, 저체온증,상태 나쁨",M,칠곡 한신 아파트,대구광역시 북구,보호중,http://openapi.animal.go.kr/openapi/service/rest/fileDownloadSrvc/files/shelter/2026/04/202605211305766.jpg
427343202600415,한국 고양이,검은색흰색황토색조합,2주령. 삼색. 결막염(오른쪽). 활발함. 코에 검은 반점,F,큰장로 109-15,대구광역시 서구,보호중,http://openapi.animal.go.kr/openapi/service/rest/fileDownloadSrvc/files/shelter/2026/05/202605212105203.jpg
427343202600412,한국 고양이,흰색/검은색 얼룩무늬,3주령 눈곱,M,서구 서대구로 192일대,대구광역시 서구,보호중,http://openapi.animal.go.kr/openapi/service/rest/fileDownloadSrvc/files/shelter/2026/05/202605211805693.jpg
427343202600411,한국 고양이,흰색/검은색 얼룩무늬,비를 맞아 체온이 많이 떨어짐  따뜻하게 보온 후 관리,F,서구 평리로57길 15일대,대구광역시 서구,보호중,http://openapi.animal.go.kr/openapi/service/rest/fileDownloadSrvc/files/shelter/2026/05/202605211605340.jpg
427343202600410,한국 고양이,평행·전체·부분줄무늬,삼색 고등어. 2주령 추정. 눈 뜨기 시작,F,통학로 30,대구광역시 서구,보호중,http://openapi.animal.go.kr/openapi/service/rest/fileDownloadSrvc/files/shelter/2026/04/202605211005924.jpg
426337202600204,한국 고양이,기타(갈검흰색),양호(온순),M,거제시장로22번길70 2층,부산광역시 연제구,보호중,http://openapi.animal.go.kr/openapi/service/rest/fileDownloadSrvc/files/shelter/2026/04/202605210905699.jpg
426331202600179,믹스묘,기타(검+흰),"순함, 귀여움, 검+흰",M,동명로152번길 100,부산광역시 남구,보호중,http://openapi.animal.go.kr/openapi/service/rest/fileDownloadSrvc/files/shelter/2026/05/202605211105541.jpg
426331202600178,믹스묘,기타(검+흰),"순함, 귀여움, 검+흰",M,동명로152번길 100,부산광역시 남구,보호중,http://openapi.animal.go.kr/openapi/service/rest/fileDownloadSrvc/files/shelter/2026/05/202605211105794.jpg
426331202600177,믹스묘,기타(검+흰),"순함, 귀여움, 검+흰",F,동명로152번길 100,부산광역시 남구,보호중,http://openapi.animal.go.kr/openapi/service/rest/fileDownloadSrvc/files/shelter/2026/05/202605211105557.jpg
426331202600176,믹스묘,기타(검+갈+흰),"순함, 귀여움, 검+갈+흰",F,동명로152번길 100,부산광역시 남구,보호중,http://openapi.animal.go.kr/openapi/service/rest/fileDownloadSrvc/files/shelter/2026/05/202605211105144.jpg
447512202600473,한국 고양이,평행·전체·부분줄무늬,"3개월령 야윈새끼,목에 물려서 상처난 새끼고양이 ",M,매봉6길4--5,경상북도 문경시,보호중,http://openapi.animal.go.kr/openapi/service/rest/fileDownloadSrvc/files/shelter/2026/05/202605211505685.jpg
431373202600807,한국 고양이,흰색,"허피스, 눈꼽심함",F,두서면 반구대로,울산광역시 울주군,보호중,http://openapi.animal.go.kr/openapi/service/rest/fileDownloadSrvc/files/shelter/2026/05/202605221405467.jpg
431373202600806,한국 고양이,흰색,"허피스, 눈꼽심함",F,두서면 반구대로,울산광역시 울주군,보호중,http://openapi.animal.go.kr/openapi/service/rest/fileDownloadSrvc/files/shelter/2026/05/202605221305556.jpg
431373202600805,한국 고양이,레몬색&흰색,"허피스, 눈꼽심함",F,두서면 반구대로,울산광역시 울주군,보호중,http://openapi.animal.go.kr/openapi/service/rest/fileDownloadSrvc/files/shelter/2026/05/202605221305702.jpg
426340202600232,한국 고양이,레몬색&흰색,"기립 불능, 기력 매우 저하, 갈+흰",F,일광읍 장곡길 17,부산광역시 기장군,보호중,http://openapi.animal.go.kr/openapi/service/rest/fileDownloadSrvc/files/shelter/2026/05/20260522100524.jpg
426328202600130,한국 고양이,흰색/검은색 얼룩무늬,"6두동시입소, 젖먹이, 인공수유, 영양상태부족",Q,영도구 봉래길94 화단,부산광역시 영도구,보호중,http://openapi.animal.go.kr/openapi/service/rest/fileDownloadSrvc/files/shelter/2026/05/20260522160505.png
426328202600129,한국 고양이,레몬색&흰색,"6두동시입소, 젖먹이, 인공수유, 영양상태부족",Q,영도구 봉래길94 화단,부산광역시 영도구,보호중,http://openapi.animal.go.kr/openapi/service/rest/fileDownloadSrvc/files/shelter/2026/05/202605221605618.png
426328202600128,한국 고양이,검은색흰색황토색조합,"6두동시입소, 젖먹이, 인공수유, 영양상태부족",Q,영도구 봉래길94 화단,부산광역시 영도구,보호중,http://openapi.animal.go.kr/openapi/service/rest/fileDownloadSrvc/files/shelter/2026/05/202605221605410.png
426328202600127,한국 고양이,레몬색&흰색,"6두동시입소, 젖먹이, 인공수유, 영양상태부족",Q,영도구 봉래길94 화단,부산광역시 영도구,보호중,http://openapi.animal.go.kr/openapi/service/rest/fileDownloadSrvc/files/shelter/2026/05/202605221605143.png
426328202600126,한국 고양이,검은색흰색황토색조합,"6두동시입소, 젖먹이, 인공수유, 영양상태부족",Q,영도구 봉래길94 화단,부산광역시 영도구,보호중,http://openapi.animal.go.kr/openapi/service/rest/fileDownloadSrvc/files/shelter/2026/05/202605221605661.png
426328202600125,한국 고양이,흰색/검은색 얼룩무늬,"6두 동시입소, 비를 맞아 기력이 없음,",F,영도구 봉래길94 화단,부산광역시 영도구,보호중,http://openapi.animal.go.kr/openapi/service/rest/fileDownloadSrvc/files/shelter/2026/05/202605221605680[1].jpg
426328202600124,한국 고양이,흰색/검은색 얼룩무늬,"안질환, 콧물, 영양상태부족, 기력없음",Q,영도구 오션 푸르지오 아파트,부산광역시 영도구,보호중,http://openapi.animal.go.kr/openapi/service/rest/fileDownloadSrvc/files/shelter/2026/05/202605221605913.jpg
426328202600123,한국 고양이,기타(검정황태),"안질환, 탈수, 기력없음",Q,신선동 행정복지센터,부산광역시 영도구,보호중,http://openapi.animal.go.kr/openapi/service/rest/fileDownloadSrvc/files/shelter/2026/05/202605221505243.jpg
411313202600196,한국 고양이,기타(턱시도),하수구에서 구조 콧물 저체온,M,마포구 창전로2길9,서울특별시 마포구,보호중,http://openapi.animal.go.kr/openapi/service/rest/fileDownloadSrvc/files/shelter/2026/04/202605211805902.jpg
411313202600191,한국 고양이,기타(고등테비),tnr고양이 교통사고추정 기력없고 상태매우나쁨 출혈,M,동교로44-8,서울특별시 마포구,종료(자연사),http://openapi.animal.go.kr/openapi/service/rest/fileDownloadSrvc/files/shelter/2026/05/202605211005639.jpg
450650202601227,한국 고양이,기타(치즈),개체관리번호 26208 - 척추골절,M,서귀포시 안덕면 일주서로1348,제주특별자치도,종료(안락사),http://openapi.animal.go.kr/openapi/service/rest/fileDownloadSrvc/files/shelter/2026/05/202605211505653.jpg
450650202601226,한국 고양이,기타(회색),개체관리번호 26207 - 2주차,F,제주시 애월읍 애월북서길52 해지개,제주특별자치도,보호중,http://openapi.animal.go.kr/openapi/service/rest/fileDownloadSrvc/files/shelter/2026/05/202605211505684.jpg
450650202601225,한국 고양이,기타(회색),개체관리번호 26206 - 2주차,M,제주시 애월읍 애월북서길52 해지개,제주특별자치도,보호중,http://openapi.animal.go.kr/openapi/service/rest/fileDownloadSrvc/files/shelter/2026/05/202605211505451.jpg
450650202601224,한국 고양이,기타(흰갈),개체관리번호 26205 - 2주차,M,제주시 애월읍 애월북서길52 해지개,제주특별자치도,보호중,http://openapi.animal.go.kr/openapi/service/rest/fileDownloadSrvc/files/shelter/2026/05/202605211505911.jpg
448535202600372,한국 고양이,레몬색&흰색,"김해시-356, 3개월미만 추정, 어미잃은 젖먹이 새끼 고양이",Q,김해시 장유로17번길 11,경상남도 김해시,보호중,http://openapi.animal.go.kr/openapi/service/rest/fileDownloadSrvc/files/shelter/2026/05/202605210905502.png
446483202600727,한국 고양이,기타(갈검),생후3주정도로보임 온순함,F,나주시왕곡면송죽로166,전라남도 나주시,보호중,http://openapi.animal.go.kr/openapi/service/rest/fileDownloadSrvc/files/shelter/2026/04/202605211605905.jpg
446483202600726,한국 고양이,검은색흰색황토색조합,생후3주정도로보임 온순함,M,나주시왕곡면송죽로166,전라남도 나주시,보호중,http://openapi.animal.go.kr/openapi/service/rest/fileDownloadSrvc/files/shelter/2026/04/202605211605569.jpg
444454202600768,한국 고양이,기타(흑백색),자묘2마리,F,관촉로,충청남도 논산시,보호중,http://openapi.animal.go.kr/openapi/service/rest/fileDownloadSrvc/files/shelter/2026/05/202605210905282.jpg
444454202600767,한국 고양이,검은색흰색황토색조합,자묘2마리,M,관촉로,충청남도 논산시,보호중,http://openapi.animal.go.kr/openapi/service/rest/fileDownloadSrvc/files/shelter/2026/05/202605210905994.jpg
443444202600164,한국 고양이,검은색흰색황토색조합,"매우 어림, 위장염 심함(혈변)",Q,심천면 기호리428,충청북도 영동군,보호중,http://openapi.animal.go.kr/openapi/service/rest/fileDownloadSrvc/files/shelter/2026/05/20260521090566.jpg
442419202600360,한국 고양이,흰색/검은색 얼룩무늬,1개월미만,Q,천매봉사거리부근,강원특별자치도 원주시,보호중,http://openapi.animal.go.kr/openapi/service/rest/fileDownloadSrvc/files/shelter/2026/05/202605212205544.jpg
441382202600416,한국 고양이,검정색,온순. 코 검정. 하악이 반 정도 소실. 염증. 우측 볼 부종. 눈곱. 여윔. ,F,"경기 의정부시 호국로1142번길 22 (가능동, 브라운스톤흥선)",경기도 의정부시,보호중,http://openapi.animal.go.kr/openapi/service/rest/fileDownloadSrvc/files/shelter/2026/05/202605211505866.jpg
430364202600359,페르시안,기타(회백),칩 확인 안됨,M,판암동 326-1,대전광역시 동구,보호중,http://openapi.animal.go.kr/openapi/service/rest/fileDownloadSrvc/files/shelter/2026/05/202605211405902.png
428354202600425,한국 고양이,검은색흰색황토색조합,"온순함,조용함",F,삼산농산물시장 입구,인천광역시 부평구,보호중,http://openapi.animal.go.kr/openapi/service/rest/fileDownloadSrvc/files/shelter/2026/05/20260523000512.jpg
428354202600424,한국 고양이,흰색/검은색 얼룩무늬,"온순함,조용함",M,삼산농산물시장 입구,인천광역시 부평구,보호중,http://openapi.animal.go.kr/openapi/service/rest/fileDownloadSrvc/files/shelter/2026/05/202605230005727.jpg
428354202600423,한국 고양이,레몬색&흰색,"온순함,조용함",M,삼산농산물시장 입구,인천광역시 부평구,보호중,http://openapi.animal.go.kr/openapi/service/rest/fileDownloadSrvc/files/shelter/2026/05/20260521230596.jpg
428354202600422,한국 고양이,레몬색&흰색,"온순함,조용함",M,삼산농산물시장 입구,인천광역시 부평구,보호중,http://openapi.animal.go.kr/openapi/service/rest/fileDownloadSrvc/files/shelter/2026/05/202605230005962.jpg
428353202600440,믹스묘,기타(치즈),"젖먹이,상태안좋음",M,구월동 1226-1,인천광역시 남동구,종료(자연사),http://openapi.animal.go.kr/openapi/service/rest/fileDownloadSrvc/files/shelter/2026/05/202605201805837.jpg
428353202600439,믹스묘,기타(고등어),젖먹이,F,구월동 1226-1,인천광역시 남동구,보호중,http://openapi.animal.go.kr/openapi/service/rest/fileDownloadSrvc/files/shelter/2026/05/202605201705655[1].jpg
428353202600438,믹스묘,"기타(흰,검정)",젖먹이,M,구월동 1226-1,인천광역시 남동구,보호중,http://openapi.animal.go.kr/openapi/service/rest/fileDownloadSrvc/files/shelter/2026/05/202605201705538.jpg
428350202600091,한국 고양이,기타(치즈테비),"어미가 도망가고 없고 너무 어려서 분유로 보호해야 함,콧물,눈꼽",F,동구 우각로5 카페1010 근처,인천광역시 동구,보호중,http://openapi.animal.go.kr/openapi/service/rest/fileDownloadSrvc/files/shelter/2026/05/202605201905171.jpg
427345202600254,한국 고양이,검은색흰색황토색조합,"어미분리 자묘, 영양상태 불량",F,매천로 77,대구광역시 북구,보호중,http://openapi.animal.go.kr/openapi/service/rest/fileDownloadSrvc/files/shelter/2026/04/202605211005564.jpg
427344202600183,한국 고양이,기타(회색),어미분리 자묘,M,앞산공원 관리 사무소,대구광역시 남구,보호중,http://openapi.animal.go.kr/openapi/service/rest/fileDownloadSrvc/files/shelter/2026/04/202605211005753.jpg
427342202600289,한국 고양이,기타(노랑),"어미분리 자묘, 저체온증,상태 매우 나쁨",Q,신암북로 36-4,대구광역시 동구,종료(자연사),http://openapi.animal.go.kr/openapi/service/rest/fileDownloadSrvc/files/shelter/2026/04/20260521100529.jpg
427341202600262,한국 고양이,기타(밤갈색),"1달 남짓, 이유식 먹고 있어요",M,동산병원 정문 화단,대구광역시 중구,보호중,http://openapi.animal.go.kr/openapi/service/rest/fileDownloadSrvc/files/shelter/2026/04/202605211105765.jpg
427341202600261,한국 고양이,기타(밤갈색),"1달 남짓, 이유식 먹고 있어요",M,동산병원 정문 화단,대구광역시 중구,보호중,http://openapi.animal.go.kr/openapi/service/rest/fileDownloadSrvc/files/shelter/2026/04/202605211105774.jpg
427341202600260,한국 고양이,기타(밤갈색),"1달 남짓, 이유식 먹고 있어요",F,대구 제이교회 인근,대구광역시 중구,보호중,http://openapi.animal.go.kr/openapi/service/rest/fileDownloadSrvc/files/shelter/2026/04/202605211105274.jpg
427341202600259,한국 고양이,기타(밤갈색),"1달 남짓 , 이유식 먹어요",F,대구 제이교회,대구광역시 중구,보호중,http://openapi.animal.go.kr/openapi/service/rest/fileDownloadSrvc/files/shelter/2026/04/202605211105693.jpg
426335202600269,믹스묘,기타(검+갈),"기력 저하, 저체온",F,남산동 987-5,부산광역시 금정구,보호중,http://openapi.animal.go.kr/openapi/service/rest/fileDownloadSrvc/files/shelter/2026/05/202605211105666.jpg
426334202600363,한국 고양이,흰색/검은색 얼룩무늬,"3개월미만 추정, 어미없이버려짐,약간의눈꼽,영양상태부족",Q,윤공단로22번길1,부산광역시 사하구,보호중,http://openapi.animal.go.kr/openapi/service/rest/fileDownloadSrvc/files/shelter/2026/05/20260521140592[1].jpg
426333202600436,믹스묘,갈색,"순함, 귀여움, 갈색",M,우동 롯데아파트 입구,부산광역시 해운대구,보호중,http://openapi.animal.go.kr/openapi/service/rest/fileDownloadSrvc/files/shelter/2026/05/202605211105765.jpg
426333202600435,믹스묘,갈색,"순함, 귀여움, 갈색",F,우동 롯데아파트 입구,부산광역시 해운대구,보호중,http://openapi.animal.go.kr/openapi/service/rest/fileDownloadSrvc/files/shelter/2026/05/202605211105895.jpg
426333202600434,믹스묘,갈색,"순함, 귀여움, 갈색",F,우동 롯데아파트 입구,부산광역시 해운대구,보호중,http://openapi.animal.go.kr/openapi/service/rest/fileDownloadSrvc/files/shelter/2026/05/202605211105310[1].jpg
426333202600433,믹스묘,기타(검정색),"약간의 경계, 검정색",M,길상사,부산광역시 해운대구,보호중,http://openapi.animal.go.kr/openapi/service/rest/fileDownloadSrvc/files/shelter/2026/05/202605211105815.jpg
426333202600432,믹스묘,기타(검정색),"약간의 경계, 검정색",F,길상사,부산광역시 해운대구,보호중,http://openapi.animal.go.kr/openapi/service/rest/fileDownloadSrvc/files/shelter/2026/05/202605211105150.jpg
426333202600431,믹스묘,기타(검정+흰색),"약간의 경계, 검+흰",M,길상사,부산광역시 해운대구,보호중,http://openapi.animal.go.kr/openapi/service/rest/fileDownloadSrvc/files/shelter/2026/05/202605211105709.jpg
426329202600316,한국 고양이,기타(흰노색),"어미없음, 고젖입-3두",Q,부산진구 연지 레미안어반 파크 커뮤니티 데스크,부산광역시 부산진구,보호중,http://openapi.animal.go.kr/openapi/service/rest/fileDownloadSrvc/files/shelter/2026/05/202605211605763.png
426329202600315,한국 고양이,기타(흰노색),"어미없음, 고젖입-3두",Q,부산진구 연지 레미안어반 파크 커뮤니티 데스크,부산광역시 부산진구,보호중,http://openapi.animal.go.kr/openapi/service/rest/fileDownloadSrvc/files/shelter/2026/05/202605211605821[1].png
426329202600314,한국 고양이,기타(혼합색),"어미없음, 고젖입-3두",Q,부산진구 연지 레미안어반 파크 커뮤니티 데스크,부산광역시 부산진구,보호중,http://openapi.animal.go.kr/openapi/service/rest/fileDownloadSrvc/files/shelter/2026/05/202605211605269.png
411319202600243,한국 고양이,기타(흰황색),인공 수유 필요함.눈 못 뜸. 저체온.우측 뒷다리 혈종. 예후불량,M,장승배기로19 라길 9,서울특별시 동작구,보호중,http://openapi.animal.go.kr/openapi/service/rest/fileDownloadSrvc/files/shelter/2026/04/202605211505955.jpg
411319202600242,한국 고양이,기타(흰황색),인공 수유 필요함.눈 못 뜸.생후 1주령. 저체온.,M,장승배기로19 라길 9,서울특별시 동작구,보호중,http://openapi.animal.go.kr/openapi/service/rest/fileDownloadSrvc/files/shelter/2026/04/202605211505702.jpg
411319202600241,한국 고양이,기타(흰황색),인공 수유 필요함.눈 못 뜸.생후 1주령. 저체온.,F,장승배기로19 라길 9,서울특별시 동작구,보호중,http://openapi.animal.go.kr/openapi/service/rest/fileDownloadSrvc/files/shelter/2026/04/202605211505321.jpg
411319202600240,한국 고양이,기타(노랑색),인공 수유 필요함.눈 못 뜸.생후 1주령. 저체온.,M,장승배기로19 라길 9,서울특별시 동작구,보호중,http://openapi.animal.go.kr/openapi/service/rest/fileDownloadSrvc/files/shelter/2026/04/202605211505846.jpg
411307202600232,한국 고양이,평행·전체·부분줄무늬,코 검정. 눈곱. 콧물. 털 상태 양호. ,F,"서울 성북구 종암로23길 35 (종암동, 래미안세레니티)",서울특별시 성북구,보호중,http://openapi.animal.go.kr/openapi/service/rest/fileDownloadSrvc/files/shelter/2026/05/202605211505122.jpg
448541202600811,한국 고양이,레몬색&흰색,엄마가 돌보지 않음,F,고암면 창밀로,경상남도 창녕군,보호중,http://openapi.animal.go.kr/openapi/service/rest/fileDownloadSrvc/files/shelter/2026/04/202605202005986.jpg
448534202600513,한국 고양이,기타(치즈),애교 넘치는 아이,F,벌리동 인근,경상남도 사천시,보호중,http://openapi.animal.go.kr/openapi/service/rest/fileDownloadSrvc/files/shelter/2026/05/202605201105883.jpg
447518202600118,믹스묘,기타(고등어색),"영양상태부족, 콧물나옴",M,강구해맞이공원,경상북도 영덕군,보호중,http://openapi.animal.go.kr/openapi/service/rest/fileDownloadSrvc/files/shelter/2026/05/202605201505828.jpg
447518202600117,믹스묘,기타(고등어색),"영양상태부족, 콧물나옴",M,강구해맞이공원,경상북도 영덕군,보호중,http://openapi.animal.go.kr/openapi/service/rest/fileDownloadSrvc/files/shelter/2026/05/202605201505461[1].jpg
447518202600116,믹스묘,"기타(노랑,흰색)","영양상태부족, 콧물나옴",M,강구해맞이공원,경상북도 영덕군,보호중,http://openapi.animal.go.kr/openapi/service/rest/fileDownloadSrvc/files/shelter/2026/05/202605201505957.jpg
447518202600115,믹스묘,"기타(노랑,흰색)","영양상태부족, 콧물나옴",M,강구해맞이공원,경상북도 영덕군,보호중,http://openapi.animal.go.kr/openapi/service/rest/fileDownloadSrvc/files/shelter/2026/05/202605201505985.jpg
447502202600302,한국 고양이,검정색,"2.5개월추정, 허피스 심각, 기력이 없고 식욕도 없음, 안약과 약 먹으며 이겨볼려고 노력중, 삼색공주",F,경상북도 포항시 남구 효자동 인근,경상북도 포항시,종료(자연사),http://openapi.animal.go.kr/openapi/service/rest/fileDownloadSrvc/files/shelter/2026/05/202605201205929.jpg
447502202600301,한국 고양이,레몬색&흰색,"2.5개월추정, 허피스 심각, 기력이 없고 식욕도 없음, 안약과 약 먹으며 이겨볼려고 노력중, 치즈왕자",M,경상북도 포항시 남구 효자동 인근,경상북도 포항시,보호중,http://openapi.animal.go.kr/openapi/service/rest/fileDownloadSrvc/files/shelter/2026/05/202605201205545.jpg
447502202600300,한국 고양이,레몬색&흰색,"2.5개월추정, 허피스 심각, 기력이 없고 식욕도 없음, 안약과 약 먹으며 이겨볼려고 노력중, 치즈왕자",M,경상북도 포항시 남구 효자동 인근,경상북도 포항시,종료(자연사),http://openapi.animal.go.kr/openapi/service/rest/fileDownloadSrvc/files/shelter/2026/05/202605201205576.jpg
447502202600298,한국 고양이,검은색흰색황토색조합,"2개월추정, 머리에 뭐지.....피부병인가....? 일단 소심하지만 조용하고 얌전하게 있음",M,경상북도 포항시 남구 구룡포읍 인근,경상북도 포항시,보호중,http://openapi.animal.go.kr/openapi/service/rest/fileDownloadSrvc/files/shelter/2026/05/202605201105617[2].jpg
447502202600297,한국 고양이,검은색흰색황토색조합,"2.5개월추정, 미약한 허피스, 하찮은 하앍질로 으름장 놓는 중이지만 만질 수 있음",F,경상북도 포항시 북구 삼호로 515,경상북도 포항시,보호중,http://openapi.animal.go.kr/openapi/service/rest/fileDownloadSrvc/files/shelter/2026/05/202605201105360.jpg
447502202600296,한국 고양이,검은색흰색황토색조합,"2.5개월추정, 미약한 허피스, 금방 완치될 예정, 아직은 사람을 조금 무서워 하는 중",M,경상북도 포항시 북구 삼호로 515,경상북도 포항시,보호중,http://openapi.animal.go.kr/openapi/service/rest/fileDownloadSrvc/files/shelter/2026/05/202605201105589.jpg
446483202600725,한국 고양이,기타(갈흰),탈수증세보임 치료요함,F,나주시삼영동174-1영산포철도공원,전라남도 나주시,보호중,http://openapi.animal.go.kr/openapi/service/rest/fileDownloadSrvc/files/shelter/2026/04/202605201705976.jpg
446483202600724,한국 고양이,기타(흰검),탈수증세있음 치료요함,F,나주시삼영동174-1영산포철도공원,전라남도 나주시,보호중,http://openapi.animal.go.kr/openapi/service/rest/fileDownloadSrvc/files/shelter/2026/04/202605201705658[1].jpg
446483202600723,한국 고양이,기타(검회),생후10일정도로보임,F,나주시남평읍나주호로885,전라남도 나주시,보호중,http://openapi.animal.go.kr/openapi/service/rest/fileDownloadSrvc/files/shelter/2026/04/202605201705658.jpg
446483202600722,한국 고양이,기타(갈흰),생후1개월정도로보임 온순함,M,나주시산포면산남로134-14,전라남도 나주시,보호중,http://openapi.animal.go.kr/openapi/service/rest/fileDownloadSrvc/files/shelter/2026/04/202605201705735.jpg
446483202600721,한국 고양이,기타(흰검),생후2개월정도로보임 온순함,M,나주시세지면반월길16,전라남도 나주시,보호중,http://openapi.animal.go.kr/openapi/service/rest/fileDownloadSrvc/files/shelter/2026/04/202605201705232.jpg
446483202600720,한국 고양이,기타(흰검),생후2개월정도로보임 온순함,F,나주시세지면반월길16,전라남도 나주시,보호중,http://openapi.animal.go.kr/openapi/service/rest/fileDownloadSrvc/files/shelter/2026/04/202605201705489.jpg
446483202600719,한국 고양이,기타(흰검),생후2개월정도로보임 온순함,F,나주시세지면반월길16,전라남도 나주시,보호중,http://openapi.animal.go.kr/openapi/service/rest/fileDownloadSrvc/files/shelter/2026/04/202605201705726.jpg
446483202600718,한국 고양이,기타(검흰),생후2개월정도로보임 온순함,M,나주시세지면반월길16,전라남도 나주시,보호중,http://openapi.animal.go.kr/openapi/service/rest/fileDownloadSrvc/files/shelter/2026/04/202605201705389.jpg
446482202600164,한국 고양이,검은색흰색황토색조합,자생어려움 젖먹이,F,와온해변,전라남도 순천시,보호중,http://openapi.animal.go.kr/openapi/service/rest/fileDownloadSrvc/files/shelter/2026/05/202605201505958.jpg
446482202600163,한국 고양이,흰색/검은색 얼룩무늬,자생어려움 젖먹이,F,용당 삼산로7,전라남도 순천시,보호중,http://openapi.animal.go.kr/openapi/service/rest/fileDownloadSrvc/files/shelter/2026/05/202605201505780[1].jpg
446482202600162,한국 고양이,평행·전체·부분줄무늬,자생어려움 젖먹이,F,용당 삼산로7,전라남도 순천시,보호중,http://openapi.animal.go.kr/openapi/service/rest/fileDownloadSrvc/files/shelter/2026/05/202605201505743.jpg
446482202600161,한국 고양이,평행·전체·부분줄무늬,자생어려움 젖먹이,M,해룡면,전라남도 순천시,보호중,http://openapi.animal.go.kr/openapi/service/rest/fileDownloadSrvc/files/shelter/2026/05/202605201505948[1].jpg
446482202600160,한국 고양이,흰색/검은색 얼룩무늬,자생어려움 젖먹이,M,우석2길 29,전라남도 순천시,보호중,http://openapi.animal.go.kr/openapi/service/rest/fileDownloadSrvc/files/shelter/2026/05/202605201505686.jpg
446482202600159,한국 고양이,검은색흰색황토색조합,자생어려움 젖먹이,F,우석2길 29,전라남도 순천시,보호중,http://openapi.animal.go.kr/openapi/service/rest/fileDownloadSrvc/files/shelter/2026/05/202605201505250.jpg
446482202600158,한국 고양이,레몬색&흰색,자생어려움 젖먹이,M,우석2길 29,전라남도 순천시,보호중,http://openapi.animal.go.kr/openapi/service/rest/fileDownloadSrvc/files/shelter/2026/05/202605201505891.jpg
446482202600157,한국 고양이,검은색흰색황토색조합,자생어려움 젖먹이,F,우석2길 29,전라남도 순천시,보호중,http://openapi.animal.go.kr/openapi/service/rest/fileDownloadSrvc/files/shelter/2026/05/202605201505524.jpg
445479202600544,믹스묘,기타(고등어색),새끼 고양이.(30일정도),Q, 하서면 대포 청사길2 ,전북특별자치도 부안군,보호중,http://openapi.animal.go.kr/openapi/service/rest/fileDownloadSrvc/files/shelter/2026/04/202605201105311.jpg
445479202600543,믹스묘,"기타(갈,검,흰)",새끼 고양이.(30일정도),Q, 하서면 대포 청사길2 ,전북특별자치도 부안군,보호중,http://openapi.animal.go.kr/openapi/service/rest/fileDownloadSrvc/files/shelter/2026/04/202605201105440.jpg
445479202600542,믹스묘,"기타(갈,검,흰)",새끼 고양이.(30일정도),Q, 하서면 대포 청사길2 ,전북특별자치도 부안군,보호중,http://openapi.animal.go.kr/openapi/service/rest/fileDownloadSrvc/files/shelter/2026/04/202605201105327.jpg
445479202600541,믹스묘,기타(검정.흰색),새끼 고양이.(30일정도),Q, 하서면 대포 청사길2 ,전북특별자치도 부안군,보호중,http://openapi.animal.go.kr/openapi/service/rest/fileDownloadSrvc/files/shelter/2026/04/202605201105678.jpg
445464202601787,한국 고양이,검은색흰색황토색조합,순하고 귀여움,F,솔차니 카페 주차장 하수구 옆,전북특별자치도 전주시,보호중,http://openapi.animal.go.kr/openapi/service/rest/fileDownloadSrvc/files/shelter/2026/05/202605202005102.jpg
444568202600268,한국 고양이,"기타(흰,노)","1개월,순함",M,당진시 석문면 장고항리 1471,충청남도 당진시,보호중,http://openapi.animal.go.kr/openapi/service/rest/fileDownloadSrvc/files/shelter/2026/05/202605201705321.jpg
444568202600267,한국 고양이,"기타(흰,노)","1개월,순함",M,당진시 석문면 장고항리 1471,충청남도 당진시,보호중,http://openapi.animal.go.kr/openapi/service/rest/fileDownloadSrvc/files/shelter/2026/05/202605201705827.jpg
444568202600266,한국 고양이,기타(삼색이),"1개월,순함",F,당진시 석문면 장고항리 1471,충청남도 당진시,보호중,http://openapi.animal.go.kr/openapi/service/rest/fileDownloadSrvc/files/shelter/2026/05/202605201705626.jpg
444568202600265,한국 고양이,"기타(흰,노)","순함,광견병 종합백신완료(2026/05/20)",F,당진시 석문면 장고항리 1471,충청남도 당진시,보호중,http://openapi.animal.go.kr/openapi/service/rest/fileDownloadSrvc/files/shelter/2026/05/202605201705693.jpg
444568202600264,한국 고양이,"기타(흰,검)","2개월,순함,박스채 유기,종합백신 1차 완료(2026/05/20)",M,당진시 송산면 상거중앙길 59,충청남도 당진시,보호중,http://openapi.animal.go.kr/openapi/service/rest/fileDownloadSrvc/files/shelter/2026/05/202605200905408.jpg
444568202600263,한국 고양이,"기타(희,검,노)","2개월,순함,박스채 유기,종합백신 1차 완료(2026/05/20)",F,당진시 송산면 상거중앙길 59,충청남도 당진시,보호중,http://openapi.animal.go.kr/openapi/service/rest/fileDownloadSrvc/files/shelter/2026/05/202605200905165.jpg
444568202600262,한국 고양이,"기타(희,검,노)","2개월,순함,박스채 유기,종합백신 1차 완료(2026/05/20)",F,당진시 송산면 상거중앙길 59,충청남도 당진시,보호중,http://openapi.animal.go.kr/openapi/service/rest/fileDownloadSrvc/files/shelter/2026/05/202605200905933.jpg
444453202600695,한국 고양이,기타(분홍색),"입소 당시 1일령 추정, 태반 달린 상태로 입소",Q,성연면 성연로 226 부근,충청남도 서산시,종료(자연사),http://openapi.animal.go.kr/openapi/service/rest/fileDownloadSrvc/files/shelter/2026/05/202605201105514.jpg
444453202600694,한국 고양이,기타(분홍색),"입소 당시 1일령 추정, 태반 달린 상태로 입소",Q,성연면 성연로 226 부근,충청남도 서산시,종료(자연사),http://openapi.animal.go.kr/openapi/service/rest/fileDownloadSrvc/files/shelter/2026/05/202605201105204[1].jpg
443571202601161,한국 고양이,기타(치즈),입양전제 임시보호중인 개체,F,후기리 인근,충청북도 청주시,보호중,http://openapi.animal.go.kr/openapi/service/rest/fileDownloadSrvc/files/shelter/2026/05/202605201505227.jpeg
443446202600424,한국 고양이,평행·전체·부분줄무늬,"오른쪽 앞다리 물린상처로 염증, 순하고 사람을 잘따름",M,"칠성면 자연드림길 71, 5동 202호",충청북도 괴산군,보호중,http://openapi.animal.go.kr/openapi/service/rest/fileDownloadSrvc/files/shelter/2026/05/202605201905512.jpg
442423202600211,한국 고양이,기타(검/흰),생후2개월미만,M,시청 앞 번호판 제작소,강원특별자치도 속초시,보호중,http://openapi.animal.go.kr/openapi/service/rest/fileDownloadSrvc/files/shelter/2026/05/202605201005890[1].jpg
441554202601051,한국 고양이,기타(검백색),"5-65, 3주령, 야윔, 송곳니가 조금 보이기 시작해요, 사람 넘 좋아하는 귀여운 삼형제",M,광주시 도척면 도척로 일대,경기도 광주시,보호중,http://openapi.animal.go.kr/openapi/service/rest/fileDownloadSrvc/files/shelter/2026/05/202605201705710.jpg
441554202601050,한국 고양이,기타(검백색),"5-64, 3주령, 야윔, 송곳니가 조금 보이기 시작해요, 사람 넘 좋아하는 귀여운 삼형제",M,광주시 도척면 도척로 일대,경기도 광주시,보호중,http://openapi.animal.go.kr/openapi/service/rest/fileDownloadSrvc/files/shelter/2026/05/202605201705352.jpg
441554202601049,한국 고양이,기타(검백색),"5-63, 3주령, 야윔, 송곳니가 조금 보이기 시작해요, 사람 넘 좋아하는 귀여운 삼형제",M,광주시 도척면 도척로 일대,경기도 광주시,보호중,http://openapi.animal.go.kr/openapi/service/rest/fileDownloadSrvc/files/shelter/2026/05/202605201705951[1].jpg
441554202601048,한국 고양이,기타(고등어색),"5-62, 3주령 젖먹이, 결막염, 식욕적음, 죽은 형제와 함께 발견됨",M,광주시 초월읍 무들로일대,경기도 광주시,보호중,http://openapi.animal.go.kr/openapi/service/rest/fileDownloadSrvc/files/shelter/2026/05/202605201705678.jpg
441554202601047,한국 고양이,기타(고등어색),"5-61, 3주령 젖먹이, 결막염, 식욕적음, 죽은 형제와 함께 발견됨",M,광주시 초월읍 무들로일대,경기도 광주시,보호중,http://openapi.animal.go.kr/openapi/service/rest/fileDownloadSrvc/files/shelter/2026/05/20260520170520.jpg
441554202601046,한국 고양이,기타(노랑색),"5-60, 생후2일령, 태반,죽은형제와 함께 발견됨, 저체온, 기력없음",M,광주시 도척면 진우리 일대,경기도 광주시,보호중,http://openapi.animal.go.kr/openapi/service/rest/fileDownloadSrvc/files/shelter/2026/05/202605201705265.jpg
441554202601045,한국 고양이,기타(삼색),"5-59, 생후2일령, 태반,죽은형제와 함께 발견됨, 저체온, 기력없음",F,광주시 도척면 진우리 일대,경기도 광주시,보호중,http://openapi.animal.go.kr/openapi/service/rest/fileDownloadSrvc/files/shelter/2026/05/202605201705628.jpg
441553202601779,한국 고양이,레몬색&흰색,순한편인 치즈냥이/다리 다쳐서 입소함,M,송산비봉로 인근,경기도 화성시,보호중,http://openapi.animal.go.kr/openapi/service/rest/fileDownloadSrvc/files/shelter/2026/04/202605201705667.jpg
441378202600636,한국 고양이,기타(흑백),"흑백 평행 줄무늬,콧물,눈병,상태 매우 나쁨",M,경기도 성남시 수정구 대왕판교로 982 (고등동),경기도 성남시,종료(자연사),http://openapi.animal.go.kr/openapi/service/rest/fileDownloadSrvc/files/shelter/2026/05/202605201705277.jpg
431372202600347,한국 고양이,검은색흰색황토색조합,건강함,F,에일린의뜰 2차 근처 공터,울산광역시 북구,보호중,http://openapi.animal.go.kr/openapi/service/rest/fileDownloadSrvc/files/shelter/2026/04/202605201605754.jpg
431370202600353,한국 고양이,기타(검정/흰색),"설사증, 식욕부진",F,삼호동 생큐마트,울산광역시 남구,보호중,http://openapi.animal.go.kr/openapi/service/rest/fileDownloadSrvc/files/shelter/2026/04/20260520150582.jpg
431370202600352,한국 고양이,기타(검정/흰색),"설사증, 식욕부진",F,삼호동 생큐마트,울산광역시 남구,보호중,http://openapi.animal.go.kr/openapi/service/rest/fileDownloadSrvc/files/shelter/2026/04/202605201405835.jpg
428353202600437,믹스묘,기타(고등어),없음,F,구월동 1354-13,인천광역시 남동구,보호중,http://openapi.animal.go.kr/openapi/service/rest/fileDownloadSrvc/files/shelter/2026/04/202605201505489.jpg
427348202600525,한국 고양이,레몬색&흰색,순하며 사람 손을 탄 상태 사람을 좋아함! ,F,논공읍 비슬로 366길 6,대구광역시 달성군,보호중,http://openapi.animal.go.kr/openapi/service/rest/fileDownloadSrvc/files/shelter/2026/05/202605201405630.jpg
427346202600534,한국 고양이,기타(치즈태비),수액처치 하였으나 탈진되어 기력이 없어요...,M,대백 카센타,대구광역시 수성구,종료(자연사),http://openapi.animal.go.kr/openapi/service/rest/fileDownloadSrvc/files/shelter/2026/04/202605201605837.jpg
427346202600533,한국 고양이,기타(고등어태비),우측 뒷다리가 불편했으나 지금은 많이 호전 돼서 불린 사료도 잘 먹어요...,F,잡앞 화단,대구광역시 수성구,보호중,http://openapi.animal.go.kr/openapi/service/rest/fileDownloadSrvc/files/shelter/2026/05/202605251405356.jpg
427346202600532,한국 고양이,기타(치즈태비),분유 수유 중입니다...,M,힐스테이트 범어 아파트,대구광역시 수성구,보호중,http://openapi.animal.go.kr/openapi/service/rest/fileDownloadSrvc/files/shelter/2026/05/202605201205167.jpg
427346202600530,한국 고양이,평행·전체·부분줄무늬,순하지만겁이많아요,M,자택화단,대구광역시 수성구,보호중,http://openapi.animal.go.kr/openapi/service/rest/fileDownloadSrvc/files/shelter/2026/05/202605201205947.jpg
427346202600529,한국 고양이,검은색흰색황토색조합,순하고 예쁜 새끼 냥이예요. ,F,스타디움몰,대구광역시 수성구,보호중,http://openapi.animal.go.kr/openapi/service/rest/fileDownloadSrvc/files/shelter/2026/04/20260520100503.jpg
427343202600409,한국 고양이,평행·전체·부분줄무늬,흰색+검회색줄무늬. 얼굴쪽 갈색 약간. 온순,F,퀸스로드 그린웨이,대구광역시 서구,보호중,http://openapi.animal.go.kr/openapi/service/rest/fileDownloadSrvc/files/shelter/2026/04/202605201005199.jpg
427343202600408,한국 고양이,레몬색&흰색,1개월령. 앞다리와 가슴쪽 흰색 많음. 온순. 결막염,M,감삼못공원,대구광역시 서구,보호중,http://openapi.animal.go.kr/openapi/service/rest/fileDownloadSrvc/files/shelter/2026/04/202605200905644.jpg
426338202600094,믹스묘,기타(삼색),"순함, 귀여움, 삼색",F,광남로257번길 12,부산광역시 수영구,보호중,http://openapi.animal.go.kr/openapi/service/rest/fileDownloadSrvc/files/shelter/2026/05/202605201405694[1].jpg
426338202600093,믹스묘,기타(검정&흰색),"순함, 귀여움, 검+흰",M,광남로257번길 12,부산광역시 수영구,보호중,http://openapi.animal.go.kr/openapi/service/rest/fileDownloadSrvc/files/shelter/2026/05/202605201405712[1].jpg
429360202600253,한국 고양이,레몬색&흰색,3개월령추정 앞발상처,F,서구 유촌동,광주광역시 서구,보호중,http://openapi.animal.go.kr/openapi/service/rest/fileDownloadSrvc/files/shelter/2026/04/202605201805333.jpg
429363202600399,한국 고양이,평행·전체·부분줄무늬,26-7139 생후1주미만,F,광산구 장덕로 170-32,광주광역시 광산구,종료(자연사),http://openapi.animal.go.kr/openapi/service/rest/fileDownloadSrvc/files/shelter/2026/04/202605201505703.jpg
445472202600330,한국 고양이,검은색흰색황토색조합,45일령 고양이,F,이서면 갈산1로 12,전북특별자치도 완주군,보호중,http://openapi.animal.go.kr/openapi/service/rest/fileDownloadSrvc/files/shelter/2026/05/202605201505799.jpg
441401202600519,한국 고양이,"기타(검,흰)",귀엽고 사랑스러운 아깽이,Q,산기대학로 130,경기도 시흥시,종료(기증),http://openapi.animal.go.kr/openapi/service/rest/fileDownloadSrvc/files/shelter/2026/05/202605201305509.jpg
441401202600518,한국 고양이,"기타(흰,검)",귀엽고 사랑스러운 아깽이,Q,산기대학로 130,경기도 시흥시,종료(기증),http://openapi.animal.go.kr/openapi/service/rest/fileDownloadSrvc/files/shelter/2026/05/202605201305859.jpg
441401202600517,한국 고양이,기타(고등어),귀엽고 사랑스러운 아깽이,Q,계수동 428,경기도 시흥시,종료(기증),http://openapi.animal.go.kr/openapi/service/rest/fileDownloadSrvc/files/shelter/2026/05/202605201305136.jpg
441401202600516,한국 고양이,"기타(검,흰)",귀엽고 사랑스러운 아깽이,Q,계수동 428,경기도 시흥시,종료(기증),http://openapi.animal.go.kr/openapi/service/rest/fileDownloadSrvc/files/shelter/2026/05/202605201305560.jpg
430365202600169,한국 고양이,검은색흰색황토색조합,특이사항 없음,F,태평동 유등마을@ 주변,대전광역시 중구,보호중,http://openapi.animal.go.kr/openapi/service/rest/fileDownloadSrvc/files/shelter/2026/05/202605230905850.png
447523202600339,한국 고양이,평행·전체·부분줄무늬,"뒷다리를 전혀 움직이지 못해요,, 누군가의 사랑과 관심이 필요해요",Q,호명읍 산합리,경상북도 예천군,보호중,http://openapi.animal.go.kr/openapi/service/rest/fileDownloadSrvc/files/shelter/2026/05/202605221105567.jpeg
443445202600331,한국 고양이,검정색,호흡기 주사치료/예후는 지켜봐야 함.,F,진천군 문백면 봉죽2길 20-78,충청북도 진천군,보호중,http://openapi.animal.go.kr/openapi/service/rest/fileDownloadSrvc/files/shelter/2026/05/202605220805907.jpg
443445202600327,한국 고양이,기타(태비),유약함/예후는 지켜봐야함,M,"진천군 덕산읍 시가로 56, 소담낙지",충청북도 진천군,보호중,http://openapi.animal.go.kr/openapi/service/rest/fileDownloadSrvc/files/shelter/2026/05/202605220805934.jpg
443445202600326,한국 고양이,기타(태비),유약함/예후는 지켜봐야함,M,"진천군 덕산읍 시가로 56, 소담낙지",충청북도 진천군,보호중,http://openapi.animal.go.kr/openapi/service/rest/fileDownloadSrvc/files/shelter/2026/05/202605220805680.jpg
443445202600325,한국 고양이,기타(삼색이),유약함/예후는 지켜봐야함,F,"진천군 덕산읍 시가로 56, 소담낙지",충청북도 진천군,보호중,http://openapi.animal.go.kr/openapi/service/rest/fileDownloadSrvc/files/shelter/2026/05/202605220805633.jpg
443445202600324,한국 고양이,검은색흰색황토색조합,유약함/예후는 지켜봐야함,F,"진천군 덕산읍 시가로 56, 소담낙지",충청북도 진천군,보호중,http://openapi.animal.go.kr/openapi/service/rest/fileDownloadSrvc/files/shelter/2026/05/20260522080578.jpg
448537202601149,한국 고양이,레몬색&흰색,수유냥,Q,한화오션정문,경상남도 거제시,보호중,http://openapi.animal.go.kr/openapi/service/rest/fileDownloadSrvc/files/shelter/2026/04/202605211405118.jpg
442419202600358,아비시니안,오렌지브라운/흑색,뒷다리 상처로 염증심함,F,대안리 50-5,강원특별자치도 원주시,보호중,http://openapi.animal.go.kr/openapi/service/rest/fileDownloadSrvc/files/shelter/2026/05/202605212205693.jpg
442419202600357,한국 고양이,검은색흰색황토색조합,하반신 마비,F,한전부근,강원특별자치도 원주시,종료(자연사),http://openapi.animal.go.kr/openapi/service/rest/fileDownloadSrvc/files/shelter/2026/05/202605212205879.jpg
442419202600356,러시안 블루,기타(회색),피부로 딱지가 많음,M,상지대길 81-1,강원특별자치도 원주시,보호중,http://openapi.animal.go.kr/openapi/service/rest/fileDownloadSrvc/files/shelter/2026/05/202605212205854.jpg
441406202600523,한국 고양이,평행·전체·부분줄무늬,포유기. 눈곱. 콧물. 저체온. 기력없음. 털 때탐.,F,경기 파주시 자유로 2210 (문발동) 일대,경기도 파주시,보호중,http://openapi.animal.go.kr/openapi/service/rest/fileDownloadSrvc/files/shelter/2026/05/202605211605896.jpg
441394202601036,한국 고양이,흰색/검은색 얼룩무늬,올무로인해 골반쪽 피부괴사의심,M,성사동436-4부근,경기도 고양시,보호중,http://openapi.animal.go.kr/openapi/service/rest/fileDownloadSrvc/files/shelter/2026/05/202605192105749.jpg
431372202600348,한국 고양이,기타(갈색),"한쪽눈 돌출, 막이덮힘, 중심못잡고 비틀거림, 잘안먹음",M,북구 천곡남로37,울산광역시 북구,보호중,http://openapi.animal.go.kr/openapi/service/rest/fileDownloadSrvc/files/shelter/2026/05/202605211205816.jpg
428357202600727,한국 고양이,레몬색&흰색,출생1일령추정. 탯줄있음. 어미가 출산 후 돌아오지 않음.,Q,삼산남로 1142,인천광역시 강화군,보호중,http://openapi.animal.go.kr/openapi/service/rest/fileDownloadSrvc/files/shelter/2026/04/202605211105893.jpg
411302202600253,한국 고양이,레몬색&흰색,어미를 떨어져서 얼마되지 않아 독자생활 어려움.,M,후암로 56 리치부동산내,서울특별시 용산구,보호중,http://openapi.animal.go.kr/openapi/service/rest/fileDownloadSrvc/files/shelter/2026/04/202605191705389.jpg
411302202600252,한국 고양이,흰색/검은색 얼룩무늬,어미를 떨어져서 얼마되지 않아 독자생활 어려움.,M,후암동 1-39 주택내,서울특별시 용산구,보호중,http://openapi.animal.go.kr/openapi/service/rest/fileDownloadSrvc/files/shelter/2026/04/202605191605627.jpg
450650202601218,한국 고양이,검정색,개체관리번호 26204 - 2주차,F,제주시 용담삼동 서해안로560 와보다,제주특별자치도,종료(자연사),http://openapi.animal.go.kr/openapi/service/rest/fileDownloadSrvc/files/shelter/2026/05/202605201405664.jpg
450650202601217,한국 고양이,기타(턱시도),개체관리번호 26203 - 1주차,M,제주시 아라일동 중앙로555 땡스부대찌개 아라점,제주특별자치도,종료(자연사),http://openapi.animal.go.kr/openapi/service/rest/fileDownloadSrvc/files/shelter/2026/05/202605201405715.jpg
450650202601216,한국 고양이,기타(턱시도),개체관리번호 26202 - 1주차,F,제주시 아라일동 중앙로555 땡스부대찌개 아라점,제주특별자치도,종료(자연사),http://openapi.animal.go.kr/openapi/service/rest/fileDownloadSrvc/files/shelter/2026/05/202605201405602.jpg
450650202601215,한국 고양이,기타(갈검),개체관리번호 26201 - 1주차,F,제주시 아라일동 중앙로555 땡스부대찌개 아라점,제주특별자치도,종료(자연사),http://openapi.animal.go.kr/openapi/service/rest/fileDownloadSrvc/files/shelter/2026/05/202605201405951.jpg
450650202601214,한국 고양이,기타(턱시도),개체관리번호 26200 - 1개월,M,제주시 일도이동 삼성로9길27 일도초등학교인근,제주특별자치도,보호중,http://openapi.animal.go.kr/openapi/service/rest/fileDownloadSrvc/files/shelter/2026/05/202605201405799.jpg
450650202601213,한국 고양이,기타(갈검),개체관리번호 26199 - 황달/진드기 감염에 의한 바베시아 의심,M,제주시 애월읍 장전리691 조이힐펜션,제주특별자치도,종료(자연사),http://openapi.animal.go.kr/openapi/service/rest/fileDownloadSrvc/files/shelter/2026/05/202605201305116.jpg
446482202600156,한국 고양이,흰색/검은색 얼룩무늬,자생어려움 젖먹이,M,별량면 화포항,전라남도 순천시,보호중,http://openapi.animal.go.kr/openapi/service/rest/fileDownloadSrvc/files/shelter/2026/05/202605201505854.jpg
446482202600155,한국 고양이,흰색/검은색 얼룩무늬,자생어려움 젖먹이,M,별량면 화포항,전라남도 순천시,보호중,http://openapi.animal.go.kr/openapi/service/rest/fileDownloadSrvc/files/shelter/2026/05/202605201405194.jpg
446482202600154,한국 고양이,흰색/검은색 얼룩무늬,자생어려움 젖먹이,F,별량면 화포항,전라남도 순천시,보호중,http://openapi.animal.go.kr/openapi/service/rest/fileDownloadSrvc/files/shelter/2026/05/202605201405541.jpg
445478202600323,한국 고양이,기타(흰색 회색),길고양이 새끼,F,고창읍,전북특별자치도 고창군,보호중,http://openapi.animal.go.kr/openapi/service/rest/fileDownloadSrvc/files/shelter/2026/04/202605201605488.jpg
445478202600322,한국 고양이,기타(흰색 회색),길고양이 새끼,M,고창읍,전북특별자치도 고창군,보호중,http://openapi.animal.go.kr/openapi/service/rest/fileDownloadSrvc/files/shelter/2026/04/202605201605719.jpg
444452202601222,페르시안-페르시안 친칠라,붉고 엷은 황갈색,26-1222호(관리)167호(공고)/5개월령 추정/입양신청불가,F,온양5동 용화고등학교,충청남도 아산시,보호중,http://openapi.animal.go.kr/openapi/service/rest/fileDownloadSrvc/files/shelter/2026/05/202605201005709.jpg
442420202600260,한국 고양이,"기타(회색,흰색)",젖먹이 애기고양이,Q,연곡면 영진길 상가부근,강원특별자치도 강릉시,보호중,http://openapi.animal.go.kr/openapi/service/rest/fileDownloadSrvc/files/shelter/2026/04/202605201605591.jpg
442420202600259,한국 고양이,검정색,"젖먹이 애기고양이, 검정+흰색 고양이",Q,연곡면 영진길 상가부근,강원특별자치도 강릉시,보호중,http://openapi.animal.go.kr/openapi/service/rest/fileDownloadSrvc/files/shelter/2026/04/20260520160513.jpg
442420202600258,한국 고양이,검은색흰색황토색조합,"젖먹이 애기고양이, 삼색이",F,연곡면 영진길 상가부근,강원특별자치도 강릉시,보호중,http://openapi.animal.go.kr/openapi/service/rest/fileDownloadSrvc/files/shelter/2026/04/202605201605215.jpg
441560202600487,한국 고양이,흰색/검은색 얼룩무늬,하반신장애. 귀 오염. 눈곱. 콧물. 기력없음. 양후지 이상. 저체온.,M,경기 포천시 이동면 성장로 1024-116 인근,경기도 포천시,보호중,http://openapi.animal.go.kr/openapi/service/rest/fileDownloadSrvc/files/shelter/2026/05/202605201505854[1].jpg
441560202600486,한국 고양이,레몬색&흰색,눈곱. 콧물. 털 약간 때탐. ,F,경기 포천시 군내면 호국로 1523,경기도 포천시,보호중,http://openapi.animal.go.kr/openapi/service/rest/fileDownloadSrvc/files/shelter/2026/05/202605201505893.jpg
441560202600485,한국 고양이,레몬색&흰색,눈곱. 콧물. 털 약간 때탐. ,F,경기 포천시 군내면 호국로 1523,경기도 포천시,보호중,http://openapi.animal.go.kr/openapi/service/rest/fileDownloadSrvc/files/shelter/2026/05/202605201505445.jpg
441559202600712,한국 고양이,레몬색&흰색,온순. 얌전. 발톱 관리됨. 꼬리 끝 꺾임. 양 귀 끝 탈모. ,M,"경기 양주시 고읍남로 80 (광사동, 양주고읍 엘에이치 14단지 아파트)",경기도 양주시,보호중,http://openapi.animal.go.kr/openapi/service/rest/fileDownloadSrvc/files/shelter/2026/05/202605201405977.jpg
441409202600444,한국 고양이,평행·전체·부분줄무늬,활발. 온순. 눈곱. 콧물. 털상태 양호.,F,경기 김포시 대곶면 초원지리 450,경기도 김포시,보호중,http://openapi.animal.go.kr/openapi/service/rest/fileDownloadSrvc/files/shelter/2026/05/202605201505198.jpg
441409202600443,한국 고양이,검은색흰색황토색조합,눈곱. 콧물. 활발. 온순. 눈 반 정도 뜸. 털 상태 양호.,F,경기 김포시 대곶면 초원지리 450,경기도 김포시,보호중,http://openapi.animal.go.kr/openapi/service/rest/fileDownloadSrvc/files/shelter/2026/05/202605201505983.jpg
441409202600442,한국 고양이,흰색/검은색 얼룩무늬,활발. 온순. 눈곱. 콧물. 우안 눈 덜뜸. 털 상태 양호.,M,경기 김포시 대곶면 초원지리 450,경기도 김포시,보호중,http://openapi.animal.go.kr/openapi/service/rest/fileDownloadSrvc/files/shelter/2026/05/202605201505575.jpg
441409202600441,한국 고양이,레몬색&흰색,활발. 온순. 눈곱. 콧물. 털상태 양호.,F,경기 김포시 대곶면 초원지리 450,경기도 김포시,보호중,http://openapi.animal.go.kr/openapi/service/rest/fileDownloadSrvc/files/shelter/2026/05/202605201505699.jpg
441409202600440,한국 고양이,레몬색&흰색,눈곱. 콧물. 활발. 온순. 털 상태 양호.,F,경기 김포시 대곶면 초원지리 450,경기도 김포시,보호중,http://openapi.animal.go.kr/openapi/service/rest/fileDownloadSrvc/files/shelter/2026/05/202605201505841.jpg
441408202601016,한국 고양이,레몬색&흰색,온몸이 파리알로 뒤덮여있었음,F,송정그린빌아파트 105동,경기도 안성시,종료(자연사),http://openapi.animal.go.kr/openapi/service/rest/fileDownloadSrvc/files/shelter/2026/04/202605191705446.jpg
441404202600193,한국 고양이,흰색/검은색 얼룩무늬,"흑백(젖소무늬),  사람 손길에 반응 좋은 2개월령 고양이",Q,"신장동 대신카센터, GS편의점",경기도 하남시,보호중,http://openapi.animal.go.kr/openapi/service/rest/fileDownloadSrvc/files/shelter/2026/04/202605191705437.jpeg
441398202600236,한국 고양이,기타(갈/검/흰),눈곱. 콧물. 목 부위 상처 및 염증. 양 눈 눈곱으로 못 뜸. 털 때탐. ,F,경기 구리시 산마루로 68 (갈매동) 갈매119안전센터 인근,경기도 구리시,보호중,http://openapi.animal.go.kr/openapi/service/rest/fileDownloadSrvc/files/shelter/2026/05/20260520140589.jpg
441398202600235,한국 고양이,기타(흰/회),눈곱. 콧물. 꼬리 끝 부분 잘리고 약간 꺾임. 좌안 이물질로 눈 덮여있음. 털 때탐. ,M,경기 구리시 산마루로 68 (갈매동) 갈매119안전센터 인근,경기도 구리시,보호중,http://openapi.animal.go.kr/openapi/service/rest/fileDownloadSrvc/files/shelter/2026/05/20260520140528.jpg
441398202600234,한국 고양이,기타(검/갈),포유기. 눈곱. 콧물. 복부 상처 및 염증. 양안 안구 손상(좌안 심함). 저체온. 기력 없음. ,F,경기 구리시 산마루로 68 (갈매동) 갈매119안전센터 인근,경기도 구리시,보호중,http://openapi.animal.go.kr/openapi/service/rest/fileDownloadSrvc/files/shelter/2026/05/202605201405304.jpg
441392202600100,한국 고양이,기타(검/갈),눈곱. 어금니 제외 이빨 없음. 콧물. 전신 피부 질환. 얼굴/목/등쪽 각질 심함. 기립 불능. 저체온. ,M,경기 동두천시 탑동동 853-11 인근,경기도 동두천시,보호중,http://openapi.animal.go.kr/openapi/service/rest/fileDownloadSrvc/files/shelter/2026/05/20260520150573.jpg
431373202600795,한국 고양이,기타(흰/검정색),생후 열흘정도 추정,F,두서면 활천산업로153 인근,울산광역시 울주군,보호중,http://openapi.animal.go.kr/openapi/service/rest/fileDownloadSrvc/files/shelter/2026/05/202605201005963.jpg
431373202600794,한국 고양이,기타(흰/검정색),생후 열흘정도 추정,F,두서면 활천산업로153 인근,울산광역시 울주군,보호중,http://openapi.animal.go.kr/openapi/service/rest/fileDownloadSrvc/files/shelter/2026/05/202605201005515.jpg
431373202600793,한국 고양이,기타(흰/검정색),생후 열흘정도 추정,F,두서면 활천산업로153 인근,울산광역시 울주군,보호중,http://openapi.animal.go.kr/openapi/service/rest/fileDownloadSrvc/files/shelter/2026/05/202605201005343.jpg
431372202600346,한국 고양이,레몬색&흰색,"허피스, 약함, 잘 안먹음",M,북구 화동로11,울산광역시 북구,보호중,http://openapi.animal.go.kr/openapi/service/rest/fileDownloadSrvc/files/shelter/2026/05/202605201105146.jpg
431369202600275,한국 고양이,검정색,우측전지부상,M,우정길 35,울산광역시 중구,보호중,http://openapi.animal.go.kr/openapi/service/rest/fileDownloadSrvc/files/shelter/2026/05/202605201305542.jpg
431369202600273,한국 고양이,기타(카오스),"눈물, 허피스, 울음소리도 기운없음",F,종구 종가6길,울산광역시 중구,보호중,http://openapi.animal.go.kr/openapi/service/rest/fileDownloadSrvc/files/shelter/2026/05/202605201105787[2].jpg
428354202600418,한국 고양이,레몬색&흰색,"자궁축농증상,탈수 탈진",F,경인로 1195,인천광역시 부평구,보호중,http://openapi.animal.go.kr/openapi/service/rest/fileDownloadSrvc/files/shelter/2026/04/202605191705844.jpg
428354202600417,한국 고양이,레몬색&흰색,뒷발 골절,M,경인로 1195,인천광역시 부평구,보호중,http://openapi.animal.go.kr/openapi/service/rest/fileDownloadSrvc/files/shelter/2026/04/202605191705104.jpg
427347202600485,한국 고양이,검정색,어미분리 자묘,M,성서 119,대구광역시 달서구,보호중,http://openapi.animal.go.kr/openapi/service/rest/fileDownloadSrvc/files/shelter/2026/05/202605200905372.jpg
427344202600182,한국 고양이,"기타(검정,흰색)",어미 분리 자묘,F,명덕 초등 부근,대구광역시 남구,보호중,http://openapi.animal.go.kr/openapi/service/rest/fileDownloadSrvc/files/shelter/2026/05/202605200905882.jpg
426336202600139,한국 고양이,레몬색&흰색,"3두,어미없이버려짐,안질환,영양상태부족,강서2-45",Q,강동동 243-9 하우스안 ,부산광역시 강서구,보호중,http://openapi.animal.go.kr/openapi/service/rest/fileDownloadSrvc/files/shelter/2026/04/202605201505446.jpg
426336202600138,한국 고양이,흰색/검은색 얼룩무늬,"3두,어미없이버려짐,안질환,영양상태부족,강서2-44",Q,강동동 243-9 하우스안 ,부산광역시 강서구,보호중,http://openapi.animal.go.kr/openapi/service/rest/fileDownloadSrvc/files/shelter/2026/04/202605201505899.jpg
426336202600137,한국 고양이,레몬색&흰색,"3두,어미없이버려짐,안질환,영양상태부족,강서2-43",Q,강동동 243-9 하우스안 ,부산광역시 강서구,보호중,http://openapi.animal.go.kr/openapi/service/rest/fileDownloadSrvc/files/shelter/2026/04/20260520150566.jpg
426335202600268,믹스묘,기타(갈+흰),"뒷다리 부상, 기력 매우 저하, 설사 증상",M,서동로87번길 10-12,부산광역시 금정구,보호중,http://openapi.animal.go.kr/openapi/service/rest/fileDownloadSrvc/files/shelter/2026/05/202605201105287.jpg
426333202600430,믹스묘,기타(갈색+흰색),"안질환, 털 오염, 영양상태 불량, 갈+흰",M,재송 센텀이편한세상 후문,부산광역시 해운대구,보호중,http://openapi.animal.go.kr/openapi/service/rest/fileDownloadSrvc/files/shelter/2026/04/202605201505135.jpg
426333202600429,믹스묘,기타(검정+갈색),"안질환, 털 오염, 영양상태 불량, 검+갈",M,재송 센텀이편한세상 후문,부산광역시 해운대구,보호중,http://openapi.animal.go.kr/openapi/service/rest/fileDownloadSrvc/files/shelter/2026/04/202605201505477.jpg
426333202600428,믹스묘,기타(검+갈+흰),"영양상태 불량, 기력 저하, 수유 필요, 검+갈+흰",M,반여착한동물병원,부산광역시 해운대구,보호중,http://openapi.animal.go.kr/openapi/service/rest/fileDownloadSrvc/files/shelter/2026/04/202605201505593.jpg
426333202600427,믹스묘,기타(검+갈+흰),"순함, 귀여움, 삼색",F,좌동 대우1차아파트,부산광역시 해운대구,보호중,http://openapi.animal.go.kr/openapi/service/rest/fileDownloadSrvc/files/shelter/2026/04/202605201405244.jpg
426333202600426,믹스묘,갈색,"순함, 귀여움, 갈색",M,좌동 대우1차아파트,부산광역시 해운대구,보호중,http://openapi.animal.go.kr/openapi/service/rest/fileDownloadSrvc/files/shelter/2026/04/202605201405234.jpg
426332202600241,아메리칸 쇼트헤어,기타(회색),"미용상태양호,사람손을탐,활발한성격,북구2-69",M,화명동원로얄듀크비스타 관리사무소,부산광역시 북구,보호중,http://openapi.animal.go.kr/openapi/service/rest/fileDownloadSrvc/files/shelter/2026/04/202605201505965.jpg
426332202600240,한국 고양이,기타(검은색얼룩),"젖먹이,영양상태부족,기력없음,북구2-68",Q,의성로122번길 52-4,부산광역시 북구,보호중,http://openapi.animal.go.kr/openapi/service/rest/fileDownloadSrvc/files/shelter/2026/04/202605201505771.jpg
426332202600239,한국 고양이,흰색/검은색 얼룩무늬,"젖먹이,어미없이버려짐,기력없음,북구2-67",Q,의성로74번길 28 옆 덕성삼오빌,부산광역시 북구,보호중,http://openapi.animal.go.kr/openapi/service/rest/fileDownloadSrvc/files/shelter/2026/04/202605201505989.jpg
426332202600238,한국 고양이,흰색,"젖먹이,어미없이버려짐,기력없음,북구2-66",Q,화명코오롱 아파트 관리사무소,부산광역시 북구,보호중,http://openapi.animal.go.kr/openapi/service/rest/fileDownloadSrvc/files/shelter/2026/04/202605201505949.jpg
426332202600237,한국 고양이,기타(흰색검은색),"몸을제대로못가눔,영양상태부족,기력없음,북구2-65",M,가람로52번길 12 맞은편 공터 입구 쪽,부산광역시 북구,보호중,http://openapi.animal.go.kr/openapi/service/rest/fileDownloadSrvc/files/shelter/2026/04/202605201505935.jpg
426329202600313,한국 고양이,검정색,"어미없음, 허약&탈진",Q,부산진구 가야대로 721번길,부산광역시 부산진구,보호중,http://openapi.animal.go.kr/openapi/service/rest/fileDownloadSrvc/files/shelter/2026/05/202605200905670.png
426328202600122,한국 고양이,레몬색&흰색,"젖먹이, 안질환, 영양상태 부족, 기력없음",Q,영도구 오동꽃길32 베리베리굿 봉산센터,부산광역시 영도구,보호중,http://openapi.animal.go.kr/openapi/service/rest/fileDownloadSrvc/files/shelter/2026/04/202605201705326.jpg
411300202600374,기타,기타(흰/회/갈),온순. 얌전. 약간 겁 있음. 치석. 털 엉킴. ,F,"서울 종로구 수표로 96 (관수동, 국일관드림펠리스) 인근",서울특별시 종로구,보호중,http://openapi.animal.go.kr/openapi/service/rest/fileDownloadSrvc/files/shelter/2026/05/202605201505322.jpg
429362202600301,한국 고양이,흰색/검은색 얼룩무늬,26-7138 생후1주,M,북구 두암동 877-5,광주광역시 북구,종료(자연사),http://openapi.animal.go.kr/openapi/service/rest/fileDownloadSrvc/files/shelter/2026/04/202605201305245.jpg
448541202600809,한국 고양이,검정색,엄마가 돌보지 않음,M,대합면 십이리,경상남도 창녕군,보호중,http://openapi.animal.go.kr/openapi/service/rest/fileDownloadSrvc/files/shelter/2026/05/202605192005449.png
448537202601130,한국 고양이,레몬색&흰색,설사증세 수유냥,Q,옥포대첩로 6길36,경상남도 거제시,보호중,http://openapi.animal.go.kr/openapi/service/rest/fileDownloadSrvc/files/shelter/2026/05/202605191405474.jpg
448534202600512,한국 고양이,흰색/검은색 얼룩무늬,실물은 더 작고 귀여움,M,동강아뜨리에 아파트 인근,경상남도 사천시,보호중,http://openapi.animal.go.kr/openapi/service/rest/fileDownloadSrvc/files/shelter/2026/04/20260519150598.jpg
448534202600511,한국 고양이,검은색흰색황토색조합,초롱초롱 맑은눈,F,남양 송포 인근,경상남도 사천시,보호중,http://openapi.animal.go.kr/openapi/service/rest/fileDownloadSrvc/files/shelter/2026/04/202605191505805.jpg
447521202600240,한국 고양이,평행·전체·부분줄무늬, 발견 당시 골절,F,경북 성주군 성주읍 예산2길 20-7 인근 주택가 주변,경상북도 성주군,보호중,http://openapi.animal.go.kr/openapi/service/rest/fileDownloadSrvc/files/shelter/2026/05/202605191305602.jpg
447506202600186,한국 고양이,흰색/검은색 얼룩무늬,어리고 순함,M,삼락동 북부지구대 인근,경상북도 김천시,보호중,http://openapi.animal.go.kr/openapi/service/rest/fileDownloadSrvc/files/shelter/2026/04/202605191705793.jpg
447506202600185,한국 고양이,흰색/검은색 얼룩무늬,어리고 순함,F,부곡동 화성아파트,경상북도 김천시,보호중,http://openapi.animal.go.kr/openapi/service/rest/fileDownloadSrvc/files/shelter/2026/04/202605191705910.jpg
447506202600184,한국 고양이,흰색/검은색 얼룩무늬,어리고 순함,F,부곡동 화성아파트,경상북도 김천시,보호중,http://openapi.animal.go.kr/openapi/service/rest/fileDownloadSrvc/files/shelter/2026/04/202605191705689.jpg
447506202600183,한국 고양이,레몬색&흰색,어리고 순함,M,부곡동 화성아파트,경상북도 김천시,보호중,http://openapi.animal.go.kr/openapi/service/rest/fileDownloadSrvc/files/shelter/2026/04/202605191705577.jpg
447506202600182,한국 고양이,평행·전체·부분줄무늬,어리고 순함,M,부곡동 화성아파트,경상북도 김천시,보호중,http://openapi.animal.go.kr/openapi/service/rest/fileDownloadSrvc/files/shelter/2026/04/202605191705189.jpg
447506202600181,한국 고양이,레몬색&흰색,어리고 순함,M,부곡동 화성아파트,경상북도 김천시,보호중,http://openapi.animal.go.kr/openapi/service/rest/fileDownloadSrvc/files/shelter/2026/04/202605191705454.jpg
447505202600480,한국 고양이,레몬색&흰색,입이 작은 치즈 고양이 ! 삐약삐약 거리는 귀염둥이에요 ~,M,천북면 천북로 근방,경상북도 경주시,보호중,http://openapi.animal.go.kr/openapi/service/rest/fileDownloadSrvc/files/shelter/2026/05/20260519160539.jpg
447505202600479,한국 고양이,평행·전체·부분줄무늬,이마에 M자 무늬를 가진 고양이 ! 사람을 좋아하는 순둥이 고양이!,Q,천북면 천북로 근방,경상북도 경주시,보호중,http://openapi.animal.go.kr/openapi/service/rest/fileDownloadSrvc/files/shelter/2026/05/202605191605444.jpg
447505202600478,한국 고양이,평행·전체·부분줄무늬,앵그리버드 눈썹을 가진 아기 고양이 ! 나 화난거아니야 ~,Q,천북면 천북로 근방,경상북도 경주시,보호중,http://openapi.animal.go.kr/openapi/service/rest/fileDownloadSrvc/files/shelter/2026/05/202605191605843.jpg
447505202600477,한국 고양이,검은색흰색황토색조합,통실통실 주둥이...뽀뽀를 100번 해주고 싶다.... 예쁜 삼색 공주 ~,F,천북면 천북로 근방,경상북도 경주시,보호중,http://openapi.animal.go.kr/openapi/service/rest/fileDownloadSrvc/files/shelter/2026/05/202605191605426.jpg
447505202600476,한국 고양이,흰색/검은색 얼룩무늬,미간이 넓은 귀요미 고양이 ! 핑크색 코와 입이 너무 사랑스럽다 !,Q,천북면 천북로 근방,경상북도 경주시,보호중,http://openapi.animal.go.kr/openapi/service/rest/fileDownloadSrvc/files/shelter/2026/05/202605191605312.jpg
447505202600475,한국 고양이,검은색흰색황토색조합,무늬가 특이한 아기 고양이 ! 팔다리가 길어서 겅중겅중 걸어다닌다 !!,F,안강읍 화천 중앙길 주변,경상북도 경주시,보호중,http://openapi.animal.go.kr/openapi/service/rest/fileDownloadSrvc/files/shelter/2026/05/202605191505678.jpg
447505202600474,한국 고양이,레몬색&흰색,자신감 넘치는 치즈 고양이 ! 타이거가 되기 위해 열심히 수련 중이다 ..,Q,천북면 천북로 근방,경상북도 경주시,보호중,http://openapi.animal.go.kr/openapi/service/rest/fileDownloadSrvc/files/shelter/2026/05/202605191505340[1].jpg
447505202600473,한국 고양이,평행·전체·부분줄무늬,너무 예쁜 고등어 고양이 ! 초롱초롱한 눈망울이 사람의 마음을 홀린다..,Q,천북면 천북로 근방,경상북도 경주시,보호중,http://openapi.animal.go.kr/openapi/service/rest/fileDownloadSrvc/files/shelter/2026/05/202605191505305.jpg
447505202600472,한국 고양이,검은색흰색황토색조합,뾰족뾰족하게 생긴 삼색 고양이 ! 카리스마 있는 얼굴을 가지고 있따 !,F,천북면 천북로 근방,경상북도 경주시,보호중,http://openapi.animal.go.kr/openapi/service/rest/fileDownloadSrvc/files/shelter/2026/05/202605191505104.jpg
447505202600469,한국 고양이,검은색흰색황토색조합,밥을 너무 잘먹고 건강해요!! 줄무늬가 굉장히 매력적이고 약간 수달을 닮았어요,F,새안현로 21 부근,경상북도 경주시,보호중,http://openapi.animal.go.kr/openapi/service/rest/fileDownloadSrvc/files/shelter/2026/04/202605191305455.jpg
446483202600717,한국 고양이,기타(검갈흰),생후50일정도로보임,M,나주시남평읍동촌로300,전라남도 나주시,보호중,http://openapi.animal.go.kr/openapi/service/rest/fileDownloadSrvc/files/shelter/2026/04/202605191805730.jpg
446483202600716,한국 고양이,기타(흰검),생후50일정도로보임,M,나주시남평읍동촌로300,전라남도 나주시,보호중,http://openapi.animal.go.kr/openapi/service/rest/fileDownloadSrvc/files/shelter/2026/04/202605191805373.jpg
446483202600715,한국 고양이,기타(흰갈검),생후50일정도로보임,F,나주시남평읍동촌로300,전라남도 나주시,보호중,http://openapi.animal.go.kr/openapi/service/rest/fileDownloadSrvc/files/shelter/2026/04/20260519180518.jpg
446483202600714,한국 고양이,검정색,생후50일정도로보임 ,M,나주시남평읍동촌로300,전라남도 나주시,보호중,http://openapi.animal.go.kr/openapi/service/rest/fileDownloadSrvc/files/shelter/2026/04/202605191805103.jpg
446483202600713,한국 고양이,검은색흰색황토색조합,생후50일정도로보임,F,나주시남평읍동촌로300,전라남도 나주시,보호중,http://openapi.animal.go.kr/openapi/service/rest/fileDownloadSrvc/files/shelter/2026/04/20260519180535.jpg
446483202600712,한국 고양이,기타(흰검갈),생후50일정도로보임,F,나주시남평읍동촌로300,전라남도 나주시,보호중,http://openapi.animal.go.kr/openapi/service/rest/fileDownloadSrvc/files/shelter/2026/04/202605191805207.jpg
446483202600711,한국 고양이,기타(흰갈),생후50일정도로보임,F,나주시남평읍동촌로300,전라남도 나주시,보호중,http://openapi.animal.go.kr/openapi/service/rest/fileDownloadSrvc/files/shelter/2026/04/202605191805924.jpg
446483202600710,한국 고양이,기타(갈흰),생후50일정도로보임,M,나주시남평읍동촌로300,전라남도 나주시,보호중,http://openapi.animal.go.kr/openapi/service/rest/fileDownloadSrvc/files/shelter/2026/04/202605191805275[1].jpg
446483202600709,한국 고양이,검은색흰색황토색조합,생후50일정도로보임,M,나주시남평읍동촌로300,전라남도 나주시,보호중,http://openapi.animal.go.kr/openapi/service/rest/fileDownloadSrvc/files/shelter/2026/04/20260519180509.jpg
445479202600537,믹스묘,갈색, 새끼 고양이 . (30일정도),Q, 상서면 내변산로 1840-7,전북특별자치도 부안군,보호중,http://openapi.animal.go.kr/openapi/service/rest/fileDownloadSrvc/files/shelter/2026/04/202605191505844.jpg
445470202600661,믹스묘,기타(믹스),색이 알록달록하고 눈이 똥그래 귀여운 아이입니다.,F,주생면,전북특별자치도 남원시,보호중,http://openapi.animal.go.kr/openapi/service/rest/fileDownloadSrvc/files/shelter/2026/04/202605191405781.jpg
445470202600660,믹스묘,기타(믹스),색이 알록달록해 귀여운 아이입니다.,F,금동,전북특별자치도 남원시,보호중,http://openapi.animal.go.kr/openapi/service/rest/fileDownloadSrvc/files/shelter/2026/05/20260519080526.jpg
445468202601267,한국 고양이,기타(갈색),생후 3일정도 되었음,M,익산시 낭산면 소도1길 18,전북특별자치도 익산시,보호중,http://openapi.animal.go.kr/openapi/service/rest/fileDownloadSrvc/files/shelter/2026/05/202605191405563.jpg
445467202601071,믹스묘,기타(고등어),3주추정,F,군산유치원,전북특별자치도 군산시,보호중,http://openapi.animal.go.kr/openapi/service/rest/fileDownloadSrvc/files/shelter/2026/05/20260519160586.jpg
445467202601070,믹스묘,기타(삼색),4주추정,F,산단 남북로 56 리팩토리,전북특별자치도 군산시,보호중,http://openapi.animal.go.kr/openapi/service/rest/fileDownloadSrvc/files/shelter/2026/05/202605191605505[2].jpg
445467202601069,믹스묘,기타(검/흰),4주추정,F,산단 남북로 56 리팩토리,전북특별자치도 군산시,보호중,http://openapi.animal.go.kr/openapi/service/rest/fileDownloadSrvc/files/shelter/2026/05/202605191605505[1].jpg
445467202601068,믹스묘,기타(검/흰),4주추정,F,산단 남북로 56 리팩토리,전북특별자치도 군산시,보호중,http://openapi.animal.go.kr/openapi/service/rest/fileDownloadSrvc/files/shelter/2026/05/202605191605464[1].jpg
445467202601067,믹스묘,기타(검/흰),4주추정,F,산단 남북로 56 리팩토리,전북특별자치도 군산시,보호중,http://openapi.animal.go.kr/openapi/service/rest/fileDownloadSrvc/files/shelter/2026/05/202605191605937.jpg
445467202601062,믹스묘,기타(검/갈),생후1주추정,M,군산시 미룡동탑부동산 뒷편,전북특별자치도 군산시,보호중,http://openapi.animal.go.kr/openapi/service/rest/fileDownloadSrvc/files/shelter/2026/04/202605191505739.jpg
445464202601783,한국 고양이,기타(카오스),어미잃은새끼고양이,F,금암6길27-4,전북특별자치도 전주시,보호중,http://openapi.animal.go.kr/openapi/service/rest/fileDownloadSrvc/files/shelter/2026/05/202605191605923.jpg
445464202601782,한국 고양이,기타(치즈색),어미잃은새끼고양이,F,금암6길27-4,전북특별자치도 전주시,보호중,http://openapi.animal.go.kr/openapi/service/rest/fileDownloadSrvc/files/shelter/2026/05/202605191605665.jpg
445464202601781,한국 고양이,기타(검정흰색),어미잃은새끼고양이,M,팔달로363-10,전북특별자치도 전주시,보호중,http://openapi.animal.go.kr/openapi/service/rest/fileDownloadSrvc/files/shelter/2026/05/202605191605489.jpg
445464202601780,한국 고양이,검은색흰색황토색조합,생후 1개월 추정/ 손 탐,F,성지산 근린공원 쓰레기장,전북특별자치도 전주시,보호중,http://openapi.animal.go.kr/openapi/service/rest/fileDownloadSrvc/files/shelter/2026/05/202605191405535.jpg
444457202600276,한국 고양이,검은색흰색황토색조합,왼쪽 눈 염증치료,F,부여읍 부소산 인근,충청남도 부여군,보호중,http://openapi.animal.go.kr/openapi/service/rest/fileDownloadSrvc/files/shelter/2026/04/202605191505480.jpg
444451202600518,한국 고양이,레몬색&흰색,.,M,보령시 주교면 가운데벌길 28,충청남도 보령시,보호중,http://openapi.animal.go.kr/openapi/service/rest/fileDownloadSrvc/files/shelter/2026/04/202605191305916[1].jpg
444451202600517,한국 고양이,흰색/검은색 얼룩무늬,.,M,보령시 주교면 가운데벌길 28,충청남도 보령시,보호중,http://openapi.animal.go.kr/openapi/service/rest/fileDownloadSrvc/files/shelter/2026/04/202605190905539.jpg
444451202600516,한국 고양이,레몬색&흰색,.,M,보령시 주교면 가운데벌길 28,충청남도 보령시,보호중,http://openapi.animal.go.kr/openapi/service/rest/fileDownloadSrvc/files/shelter/2026/04/202605190805307.jpg
443571202601158,레그돌,"기타(갈색, 흰색)","3주 전 첫 발견, 겁이 많은 친구",M,내수읍 공군부대 관사 부근,충청북도 청주시,보호중,http://openapi.animal.go.kr/openapi/service/rest/fileDownloadSrvc/files/shelter/2026/04/20260519170585.jpeg
443443202600347,한국 고양이,흰색/검은색 얼룩무늬,"[관리번호189]이원면 강청리에 위치한 민가 인근에서 발견,교통사고로 앞다리 파행",F,이원면,충청북도 옥천군,보호중,http://openapi.animal.go.kr/openapi/service/rest/fileDownloadSrvc/files/shelter/2026/05/202605191805154.jpeg
442434202600225,한국 고양이,흰색/검은색 얼룩무늬,순함.,F,파인리즈리조트 기숙사 지하,강원특별자치도 고성군,보호중,http://openapi.animal.go.kr/openapi/service/rest/fileDownloadSrvc/files/shelter/2026/04/202605191305154.jpg
442434202600224,한국 고양이,흰색/검은색 얼룩무늬,순함.,M,파인리즈리조트 기숙사 지하,강원특별자치도 고성군,보호중,http://openapi.animal.go.kr/openapi/service/rest/fileDownloadSrvc/files/shelter/2026/04/202605191305812.jpg
442434202600223,한국 고양이,흰색/검은색 얼룩무늬,순함.,F,파인리즈리조트 기숙사 지하,강원특별자치도 고성군,보호중,http://openapi.animal.go.kr/openapi/service/rest/fileDownloadSrvc/files/shelter/2026/04/202605191305908.jpg
442434202600222,한국 고양이,흰색/검은색 얼룩무늬,순함.,F,파인리즈리조트 기숙사 지하,강원특별자치도 고성군,보호중,http://openapi.animal.go.kr/openapi/service/rest/fileDownloadSrvc/files/shelter/2026/04/202605191305540.jpg
442434202600221,한국 고양이,기타(보리색),순함,M,강원특별자치도 고성군 토성면 경동대,강원특별자치도 고성군,보호중,http://openapi.animal.go.kr/openapi/service/rest/fileDownloadSrvc/files/shelter/2026/04/20260519110566.jpg
442434202600220,한국 고양이,검정색,순함,F,강원특별자치도 고성군 토성면 경동대,강원특별자치도 고성군,보호중,http://openapi.animal.go.kr/openapi/service/rest/fileDownloadSrvc/files/shelter/2026/04/202605191105162.jpg
442434202600219,한국 고양이,검정색,순함,M,강원특별자치도 고성군 토성면 경동대,강원특별자치도 고성군,보호중,http://openapi.animal.go.kr/openapi/service/rest/fileDownloadSrvc/files/shelter/2026/04/202605191105491.jpg
442420202600257,한국 고양이,"기타(검정,흰색)",어미없이 혼자발견,Q,해람중학교 부근,강원특별자치도 강릉시,보호중,http://openapi.animal.go.kr/openapi/service/rest/fileDownloadSrvc/files/shelter/2026/04/20260519160562.png
441554202601044,한국 고양이,기타(삼색),"5-58, 3일령 젖먹이, 죽은 형제들과 함께 발견됨, 저체온",F,광주시 퇴촌면 광동로 일대,경기도 광주시,보호중,http://openapi.animal.go.kr/openapi/service/rest/fileDownloadSrvc/files/shelter/2026/04/202605191705623.jpg
441553202601767,한국 고양이,레몬색&흰색,뒷다리가 아예 탈골된 상태로 들어온 상태 안좋은 고양이/경계심 있음,Q,정남 119,경기도 화성시,종료(안락사),http://openapi.animal.go.kr/openapi/service/rest/fileDownloadSrvc/files/shelter/2026/05/202605191705775[1].jpg
441408202601010,믹스묘,기타(흰색/회색),"5마리 같이 들어옴, 발생장소 인근 산 속에 버려짐",F,평리길 61~캠핑장 사이,경기도 안성시,보호중,http://openapi.animal.go.kr/openapi/service/rest/fileDownloadSrvc/files/shelter/2026/04/202605191605923.jpg
441408202601009,믹스묘,기타(흰색),"5마리 같이 들어옴, 발생장소 인근 산속에 버려짐",F,평리길 61~캠핑장 사이,경기도 안성시,보호중,http://openapi.animal.go.kr/openapi/service/rest/fileDownloadSrvc/files/shelter/2026/04/20260519160583.jpg
441408202601008,믹스묘,기타(흰색),"5마리 같이 들어옴, 발생장소 인근 산속에 버려짐",F,평리길 61~캠핑장 사이,경기도 안성시,보호중,http://openapi.animal.go.kr/openapi/service/rest/fileDownloadSrvc/files/shelter/2026/04/202605191605322.jpg
441408202601007,믹스묘,기타(흰색),"5마리 같이 들어옴, 발생장소 인근 산속에 버려짐",M,평리길 61~캠핑장 사이,경기도 안성시,보호중,http://openapi.animal.go.kr/openapi/service/rest/fileDownloadSrvc/files/shelter/2026/04/202605191605278.jpg
441408202601006,믹스묘,기타(흰색/회색),"5마리 같이 들어옴, 구더기 감염증, 기력 없음, 발생장소 인근 산속에 버려짐",M,평리길 61~캠핑장 사이,경기도 안성시,종료(자연사),http://openapi.animal.go.kr/openapi/service/rest/fileDownloadSrvc/files/shelter/2026/04/202605191505575.jpg
441404202600194,한국 고양이,검정색,"흰 양말 무늬가 특징인 턱시도 2개월령 아기고양이, 사람 잘 따",Q,"신장동 대신카센터, GS편의점",경기도 하남시,보호중,http://openapi.animal.go.kr/openapi/service/rest/fileDownloadSrvc/files/shelter/2026/04/202605191705831.jpeg
441402202600273,한국 고양이,기타(갈흑백),"겁많음,배쪽 외상심함,탈수심함,기력없음,예후불량",Q,군포시청에서 인수,경기도 군포시,보호중,http://openapi.animal.go.kr/openapi/service/rest/fileDownloadSrvc/files/shelter/2026/05/202605191605449.jpg
441400202600196,한국 고양이,레몬색&흰색,"심한설사,예후불량,인공포유",M,누읍동 휴먼시아,경기도 오산시,보호중,http://openapi.animal.go.kr/openapi/service/rest/fileDownloadSrvc/files/shelter/2026/04/202605191605247.jpg
441399202600850,한국 고양이,흰색,착하고 사람 손길을 잘 따름,F,남양주시 수동면 비룡로 1438-109,경기도 남양주시,보호중,http://openapi.animal.go.kr/openapi/service/rest/fileDownloadSrvc/files/shelter/2026/05/202605191605601.jpg
441394202601035,한국 고양이,기타(치즈),유기묘 / 아기고양이/ 임시보호(26.05.20~07.19),Q,장항동 558-1 부근,경기도 고양시,보호중,http://openapi.animal.go.kr/openapi/service/rest/fileDownloadSrvc/files/shelter/2026/05/202605191705552.jpg
441393202600620,한국 고양이,기타(갈흑백),"3주추정,수유필요,탈수심함,박스채버려짐,기력없음,예후불량",F,용신로470 부근,경기도 안산시,보호중,http://openapi.animal.go.kr/openapi/service/rest/fileDownloadSrvc/files/shelter/2026/05/202605191505843[1].jpg
441393202600619,한국 고양이,기타(흑백),"수유필요,탈수심함,박스채버려짐,기력없음,예후불량",M,용신로470 부근,경기도 안산시,보호중,http://openapi.animal.go.kr/openapi/service/rest/fileDownloadSrvc/files/shelter/2026/05/202605191505892[1].jpg
441386202600663,한국 고양이,흰색,"입소당시 순함, 좌측상악송곳니 없음, 기립 시 중심못잡고 쓰러짐, 보행가능 유무 확인 필요",F,송내대로 205번길 26,경기도 부천시,보호중,http://openapi.animal.go.kr/openapi/service/rest/fileDownloadSrvc/files/shelter/2026/04/202605191305390.jpg
441378202600632,한국 고양이,흰색/검은색 얼룩무늬,2주 추정,M,석운로 132,경기도 성남시,보호중,http://openapi.animal.go.kr/openapi/service/rest/fileDownloadSrvc/files/shelter/2026/04/202605191605946.jpg
441378202600631,한국 고양이,레몬색&흰색,2주 추정,M,석운로 132,경기도 성남시,보호중,http://openapi.animal.go.kr/openapi/service/rest/fileDownloadSrvc/files/shelter/2026/04/202605191605718.jpg
441378202600630,한국 고양이,레몬색&흰색,2주 추정,M,석운로 132,경기도 성남시,보호중,http://openapi.animal.go.kr/openapi/service/rest/fileDownloadSrvc/files/shelter/2026/04/202605191605129.jpg
441374202600607,한국 고양이,기타(흑갈백색),"어림(1개월 추정), 결막염, 호흡기질환",F,팔달구 팔달문로115번길 43(지동),경기도 수원시,보호중,http://openapi.animal.go.kr/openapi/service/rest/fileDownloadSrvc/files/shelter/2026/04/202605191105866.jpg
431372202600345,한국 고양이,흰색/검은색 얼룩무늬,몸이 전체적으로 오염된 상태,Q,상방로 81 동아청구아파트,울산광역시 북구,보호중,http://openapi.animal.go.kr/openapi/service/rest/fileDownloadSrvc/files/shelter/2026/05/202605191805981[1].jpg
428354202600416,한국 고양이,레몬색&흰색,어미잃은 자묘,Q,청천농장,인천광역시 부평구,보호중,http://openapi.animal.go.kr/openapi/service/rest/fileDownloadSrvc/files/shelter/2026/05/202605191205165.jpg
428354202600415,한국 고양이,레몬색&흰색,어미잃은 자묘,Q,청천농장,인천광역시 부평구,보호중,http://openapi.animal.go.kr/openapi/service/rest/fileDownloadSrvc/files/shelter/2026/05/20260519120593.jpg
428354202600414,한국 고양이,검은색흰색황토색조합,어미잃은 자묘,Q,청천농장,인천광역시 부평구,보호중,http://openapi.animal.go.kr/openapi/service/rest/fileDownloadSrvc/files/shelter/2026/05/202605191205271.jpg
428354202600413,한국 고양이,검은색흰색황토색조합,어미잃은 자묘,Q,청천농장,인천광역시 부평구,보호중,http://openapi.animal.go.kr/openapi/service/rest/fileDownloadSrvc/files/shelter/2026/05/202605191205580.jpg
428354202600412,한국 고양이,레몬색&흰색,어미잃은 자묘,Q,청천농장,인천광역시 부평구,보호중,http://openapi.animal.go.kr/openapi/service/rest/fileDownloadSrvc/files/shelter/2026/05/202605191205852.jpg
428354202600411,한국 고양이,레몬색&흰색,어미잃은 자묘,Q,청천농장,인천광역시 부평구,보호중,http://openapi.animal.go.kr/openapi/service/rest/fileDownloadSrvc/files/shelter/2026/05/202605191205923.jpg
428354202600410,한국 고양이,기타(삼색),엄마잃은 아기냥 결막염양상 보임 ,F,청천동 416-1,인천광역시 부평구,보호중,http://openapi.animal.go.kr/openapi/service/rest/fileDownloadSrvc/files/shelter/2026/04/202605191205306.jpg
428353202600432,한국 고양이,기타(초코),허피스심함,Q,간석동6-1,인천광역시 남동구,보호중,http://openapi.animal.go.kr/openapi/service/rest/fileDownloadSrvc/files/shelter/2026/05/202605191605482.jpg
428353202600431,믹스묘,기타(검정),없음,M,논현동 470,인천광역시 남동구,종료(자연사),http://openapi.animal.go.kr/openapi/service/rest/fileDownloadSrvc/files/shelter/2026/04/202605191305672.jpg
428353202600430,믹스묘,기타(검정),없음,M,논현동470,인천광역시 남동구,종료(자연사),http://openapi.animal.go.kr/openapi/service/rest/fileDownloadSrvc/files/shelter/2026/04/202605191305757.jpg
428353202600429,한국 고양이,흰색/검은색 얼룩무늬,탯줄있음,Q,구월동1409-25,인천광역시 남동구,보호중,http://openapi.animal.go.kr/openapi/service/rest/fileDownloadSrvc/files/shelter/2026/04/202605191105150.jpg
428353202600428,한국 고양이,검은색흰색황토색조합,탯줄있음,Q,구월동1409-25,인천광역시 남동구,보호중,http://openapi.animal.go.kr/openapi/service/rest/fileDownloadSrvc/files/shelter/2026/04/202605191105503.jpg
428353202600427,한국 고양이,검은색흰색황토색조합,탯줄있음,Q,구월동1409-25,인천광역시 남동구,보호중,http://openapi.animal.go.kr/openapi/service/rest/fileDownloadSrvc/files/shelter/2026/04/20260519110561.jpg
428353202600426,한국 고양이,검정색,탯줄 있음,Q,구월동1409-25,인천광역시 남동구,보호중,http://openapi.animal.go.kr/openapi/service/rest/fileDownloadSrvc/files/shelter/2026/04/202605191105604.jpg
428353202600425,한국 고양이,검은색흰색황토색조합,탯줄있음,Q,구월동1409-25,인천광역시 남동구,보호중,http://openapi.animal.go.kr/openapi/service/rest/fileDownloadSrvc/files/shelter/2026/04/202605191105583[1].jpg
428353202600424,한국 고양이,검은색흰색황토색조합,탯줄 있음,Q,구월동1409-25,인천광역시 남동구,보호중,http://openapi.animal.go.kr/openapi/service/rest/fileDownloadSrvc/files/shelter/2026/05/202605191205658.jpg
427348202600521,한국 고양이,흰색/검은색 얼룩무늬,온순,Q,가창소방서 부근,대구광역시 달성군,보호중,http://openapi.animal.go.kr/openapi/service/rest/fileDownloadSrvc/files/shelter/2026/05/202605191605686.jpg
427348202600517,한국 고양이,흰색/검은색 얼룩무늬,순하고 사람을잘따름,M,논공읍 비슬로 1737,대구광역시 달성군,보호중,http://openapi.animal.go.kr/openapi/service/rest/fileDownloadSrvc/files/shelter/2026/04/202605191005329.jpg
427346202600528,한국 고양이,"기타(검정, 흰색)",순하고 조용함,F,만촌동 1039-4,대구광역시 수성구,보호중,http://openapi.animal.go.kr/openapi/service/rest/fileDownloadSrvc/files/shelter/2026/04/202605191705903[1].jpg
427346202600527,한국 고양이,평행·전체·부분줄무늬,순하고 조용함,M,동원로 123,대구광역시 수성구,보호중,http://openapi.animal.go.kr/openapi/service/rest/fileDownloadSrvc/files/shelter/2026/04/202605191705686[1].jpg
427346202600526,한국 고양이,흰색/검은색 얼룩무늬,경계심이 없고 애교도 많아요...,M,월드컵 경기장 인근,대구광역시 수성구,보호중,http://openapi.animal.go.kr/openapi/service/rest/fileDownloadSrvc/files/shelter/2026/04/202605191605314.jpg
427344202600180,한국 고양이,검은색흰색황토색조합,"어미분리 자묘, 영양상태 불량,탈진",F,대명동 계대 부근,대구광역시 남구,보호중,http://openapi.animal.go.kr/openapi/service/rest/fileDownloadSrvc/files/shelter/2026/05/202605191405112.jpg
427343202600406,한국 고양이,레몬색&흰색,1개월령. 네발끝 흰색. 온순. 꼬리끝 약간 구불구불,M,개미산공원,대구광역시 서구,보호중,http://openapi.animal.go.kr/openapi/service/rest/fileDownloadSrvc/files/shelter/2026/05/202605191605180.jpg
427343202600405,한국 고양이,레몬색&흰색,흰색 많은 치즈태비. 1개월령. 온순,M,평사공원,대구광역시 서구,보호중,http://openapi.animal.go.kr/openapi/service/rest/fileDownloadSrvc/files/shelter/2026/05/202605191605381.jpg
427343202600404,한국 고양이,"기타(갈,백)","1개월령, 성격온순",M,달서천로235-8,대구광역시 서구,종료(자연사),http://openapi.animal.go.kr/openapi/service/rest/fileDownloadSrvc/files/shelter/2026/05/202605191405575.jpg
427343202600403,한국 고양이,흰색/검은색 얼룩무늬,"45일령 눈곱,콧물",M,서구 비산7동 인지초등부근,대구광역시 서구,보호중,http://openapi.animal.go.kr/openapi/service/rest/fileDownloadSrvc/files/shelter/2026/05/202605221605796.jpg
427343202600402,한국 고양이,레몬색&흰색,"2개월령 눈곱,콧물,온순함",M,서구 비산6동 산성교회부근,대구광역시 서구,보호중,http://openapi.animal.go.kr/openapi/service/rest/fileDownloadSrvc/files/shelter/2026/05/202605191005648.jpg
427341202600257,한국 고양이,검은색흰색황토색조합,온순,F,서문시장,대구광역시 중구,보호중,http://openapi.animal.go.kr/openapi/service/rest/fileDownloadSrvc/files/shelter/2026/05/202605191605379.jpg
426337202600196,한국 고양이,기타(황토색흰색),불량(호흡기장애),M,연제로 2 인근,부산광역시 연제구,보호중,http://openapi.animal.go.kr/openapi/service/rest/fileDownloadSrvc/files/shelter/2026/05/202605190905927.jpg
426337202600195,한국 고양이,기타(검은색흰색),불량(후지장애)기립불능,F,법원북로 16,부산광역시 연제구,종료(자연사),http://openapi.animal.go.kr/openapi/service/rest/fileDownloadSrvc/files/shelter/2026/05/202605190905621.jpg
426331202600175,믹스묘,기타(검정색),"외부기생충 감염, 보행 이상, 검정색",F,동명로157번길 50,부산광역시 남구,보호중,http://openapi.animal.go.kr/openapi/service/rest/fileDownloadSrvc/files/shelter/2026/05/202605191105268[1].jpg
426331202600174,믹스묘,기타(삼색),"털 오염, 안질환, 영양상태 불량, 삼색",F,북항로 191,부산광역시 남구,보호중,http://openapi.animal.go.kr/openapi/service/rest/fileDownloadSrvc/files/shelter/2026/05/202605191105623.jpg
426331202600173,믹스묘,기타(검+흰),"털 오염, 안질환, 영양상태 불량, 검+흰",M,북항로 191,부산광역시 남구,보호중,http://openapi.animal.go.kr/openapi/service/rest/fileDownloadSrvc/files/shelter/2026/05/202605191105352.jpg
426331202600172,믹스묘,기타(검+흰),"털 오염, 안질환, 영양상태 불량, 검+흰",M,북항로 191,부산광역시 남구,보호중,http://openapi.animal.go.kr/openapi/service/rest/fileDownloadSrvc/files/shelter/2026/05/20260519110574[1].jpg
426331202600171,믹스묘,갈색,"털 오염, 안질환, 영양상태 불량, 갈색",F,북항로 191,부산광역시 남구,보호중,http://openapi.animal.go.kr/openapi/service/rest/fileDownloadSrvc/files/shelter/2026/05/202605191105913.jpg
426331202600170,믹스묘,갈색,"털 오염, 안질환, 영양상태 불량, 갈색",F,북항로 191,부산광역시 남구,보호중,http://openapi.animal.go.kr/openapi/service/rest/fileDownloadSrvc/files/shelter/2026/05/202605191105866.jpg
426331202600169,믹스묘,갈색,"털 오염, 안질환, 영양상태 불량, 갈색",F,북항로 191,부산광역시 남구,보호중,http://openapi.animal.go.kr/openapi/service/rest/fileDownloadSrvc/files/shelter/2026/05/202605191105577.jpg
426331202600168,믹스묘,기타(삼색),"심한 안질환, 영양상태 불량, 삼색",F,고동골로18번길 30-4,부산광역시 남구,보호중,http://openapi.animal.go.kr/openapi/service/rest/fileDownloadSrvc/files/shelter/2026/05/202605191105454.jpg
426331202600167,믹스묘,기타(검+갈),"심한 안질환, 영양상태 불량, 검+갈",F,고동골로18번길 30-4,부산광역시 남구,보호중,http://openapi.animal.go.kr/openapi/service/rest/fileDownloadSrvc/files/shelter/2026/05/202605191105981.jpg
426331202600166,믹스묘,기타(검+갈+흰),"심한 안질환, 영양상태 불량, 검+갈+흰",M,고동골로18번길 30-4,부산광역시 남구,보호중,http://openapi.animal.go.kr/openapi/service/rest/fileDownloadSrvc/files/shelter/2026/05/202605191105400.jpg
426331202600165,믹스묘,기타(검+갈+흰),"심한 안질환, 영양상태 불량, 검+갈+흰",F,고동골로18번길 30-4,부산광역시 남구,보호중,http://openapi.animal.go.kr/openapi/service/rest/fileDownloadSrvc/files/shelter/2026/05/202605191105631.jpg
426331202600164,믹스묘,기타(검+갈+흰),"심한 안질환, 영양상태 불량, 검+갈+흰",M,고동골로18번길 30-4,부산광역시 남구,보호중,http://openapi.animal.go.kr/openapi/service/rest/fileDownloadSrvc/files/shelter/2026/05/202605191105628.jpg
426331202600163,믹스묘,기타(검정색),"탯줄 엉킨 채 구조됨, 영양상태 불량, 기력 매우 저하, 검정색",M,동명로157번길 45,부산광역시 남구,보호중,http://openapi.animal.go.kr/openapi/service/rest/fileDownloadSrvc/files/shelter/2026/05/20260519100548.jpg
426331202600162,믹스묘,기타(검+흰),"탯줄 엉킨 채 구조됨, 영양상태 불량, 기력 매우 저하, 검+흰",F,동명로157번길 45,부산광역시 남구,보호중,http://openapi.animal.go.kr/openapi/service/rest/fileDownloadSrvc/files/shelter/2026/05/202605191005749[1].jpg
426331202600161,믹스묘,기타(검+흰),"탯줄 엉킨 채 구조됨, 영양상태 불량, 기력 매우 저하, 검+흰",F,동명로157번길 45,부산광역시 남구,보호중,http://openapi.animal.go.kr/openapi/service/rest/fileDownloadSrvc/files/shelter/2026/05/202605191005513.jpg
426331202600160,믹스묘,기타(검정색),"탯줄 엉킨 채 구조됨, 영양상태 불량, 기력 매우 저하, 검정색",F,동명로157번길 45,부산광역시 남구,보호중,http://openapi.animal.go.kr/openapi/service/rest/fileDownloadSrvc/files/shelter/2026/05/202605191005254.jpg
426327202600066,한국 고양이,레몬색&흰색,무기력하며 움직이지 못함,F,부산진성 한복문화관 옆(자성로 75번길32),부산광역시 동구,종료(자연사),http://openapi.animal.go.kr/openapi/service/rest/fileDownloadSrvc/files/shelter/2026/04/202605192005523.jpg
443445202600330,한국 고양이,기타(태비),왼쪽앞다리 망에 걸려 절단됨/호흡기주사치료/예후는 지켜봐야 함,F,진천군 덕산읍 대월1길 26,충청북도 진천군,보호중,http://openapi.animal.go.kr/openapi/service/rest/fileDownloadSrvc/files/shelter/2026/05/202605220805990.jpg
426334202600362,한국 고양이,검정색,"탈수증상,영양상태부족,기력없음",Q,다대로 622,부산광역시 사하구,보호중,http://openapi.animal.go.kr/openapi/service/rest/fileDownloadSrvc/files/shelter/2026/05/202605211405459.jpg
411311202600219,한국 고양이,검은색흰색황토색조합,코 분홍. 눈곱. 콧물. 눈 못 뜸. 탯줄 있음. 저체온. 기력 없음. ,F,서울 은평구 연서로27길 31-6 (갈현동) 인근,서울특별시 은평구,보호중,http://openapi.animal.go.kr/openapi/service/rest/fileDownloadSrvc/files/shelter/2026/04/202605191505652.jpg
431370202600351,한국 고양이,검은색흰색황토색조합,"콧물, 허피스, 잘 안먹음",F,남구 무거동 일대,울산광역시 남구,보호중,http://openapi.animal.go.kr/openapi/service/rest/fileDownloadSrvc/files/shelter/2026/05/202605200905149.jpg
427347202600484,한국 고양이,기타(카오스),"어미분리 자묘, 영양상태 불량,탈진",F,죽전 파출소,대구광역시 달서구,종료(자연사),http://openapi.animal.go.kr/openapi/service/rest/fileDownloadSrvc/files/shelter/2026/05/202605200905832.jpg
427347202600483,한국 고양이,레몬색&흰색,"어미분리 자묘, 영양상태 불량,탈진",M,죽전 파출소,대구광역시 달서구,종료(자연사),http://openapi.animal.go.kr/openapi/service/rest/fileDownloadSrvc/files/shelter/2026/05/202605200905132.jpg
426340202600230,한국 고양이,레몬색&흰색,"교통사고, 안면 부상 및 출혈, 기립 불능, 기력 매우 저하, 갈색",F,장안읍 방모산2길 33,부산광역시 기장군,보호중,http://openapi.animal.go.kr/openapi/service/rest/fileDownloadSrvc/files/shelter/2026/05/202605201605113.jpg
426339202600120,한국 고양이,평행·전체·부분줄무늬,"젖먹이,인공수유,어미없이버려짐",Q,백양대로 879,부산광역시 사상구,보호중,http://openapi.animal.go.kr/openapi/service/rest/fileDownloadSrvc/files/shelter/2026/04/202605201705273.jpg
426339202600119,한국 고양이,흰색/검은색 얼룩무늬,"심각한구내염,몸에힘이없음,마른상태",M,학감대로49번길 34,부산광역시 사상구,보호중,http://openapi.animal.go.kr/openapi/service/rest/fileDownloadSrvc/files/shelter/2026/04/202605201705342.jpg
426326202600076,한국 고양이,검은색흰색황토색조합,"2두,젖먹이,안질환,기력없음,서구2-42",Q,부용로 38번길 22-8,부산광역시 서구,보호중,http://openapi.animal.go.kr/openapi/service/rest/fileDownloadSrvc/files/shelter/2026/04/202605201305549.jpg
426326202600075,한국 고양이,레몬색&흰색,"2두,젖먹이,안질환,기력없음,서구2-41",Q,부용로 38번길 22-8,부산광역시 서구,보호중,http://openapi.animal.go.kr/openapi/service/rest/fileDownloadSrvc/files/shelter/2026/04/20260520130531.jpg
411306202600329,한국 고양이,흰색/검은색 얼룩무늬,코 검정. 눈곱. 콧물. 털 상태 양호.,M,서울 중랑구 겸재로15길 44 (면목동) 인근,서울특별시 중랑구,보호중,http://openapi.animal.go.kr/openapi/service/rest/fileDownloadSrvc/files/shelter/2026/05/202605201605795.jpg
450650202601202,한국 고양이,기타(턱시도),개체관리번호 26069 - 유실고양이추정/축산과확인,F,제주시 노형동 과원로27 부영3차아파트,제주특별자치도,보호중,http://openapi.animal.go.kr/openapi/service/rest/fileDownloadSrvc/files/shelter/2026/04/202605191405529.jpg
450650202601201,한국 고양이,기타(검갈),개체관리번호 26196 - 2주차,M,제주시 애월읍 신용로132,제주특별자치도,보호중,http://openapi.animal.go.kr/openapi/service/rest/fileDownloadSrvc/files/shelter/2026/04/202605191405451.jpg
450650202601200,한국 고양이,기타(치즈),개체관리번호 26195 - 2주차,M,제주시 애월읍 신용로132,제주특별자치도,보호중,http://openapi.animal.go.kr/openapi/service/rest/fileDownloadSrvc/files/shelter/2026/04/202605191405676.jpg
450650202601199,한국 고양이,기타(흰검),개체관리번호 26194 - 앞다리상처,M,서귀포시 성산읍 삼달로124-7,제주특별자치도,보호중,http://openapi.animal.go.kr/openapi/service/rest/fileDownloadSrvc/files/shelter/2026/04/202605191305285.jpg
450650202601198,한국 고양이,기타(삼색),개체관리번호 26193 - 3주차,F,서귀포시 대정읍 에듀시티로239 제주아이파크스위트E동,제주특별자치도,보호중,http://openapi.animal.go.kr/openapi/service/rest/fileDownloadSrvc/files/shelter/2026/04/202605191305585.jpg
450650202601197,한국 고양이,기타(흰검),개체관리번호 26192 - 1주차,F,제주시 노형동 과원로11,제주특별자치도,종료(자연사),http://openapi.animal.go.kr/openapi/service/rest/fileDownloadSrvc/files/shelter/2026/04/202605191305307.jpg
450650202601196,한국 고양이,기타(치즈),개체관리번호 26069 - 6개월/뒷다리다침,F,제주시 용담이동 공항로1길38 특별한렌트카,제주특별자치도,보호중,http://openapi.animal.go.kr/openapi/service/rest/fileDownloadSrvc/files/shelter/2026/04/202605191305404.jpg
450650202601195,한국 고양이,기타(흰갈),개체관리번호 26190 - 6주차,F,제주시 화북이동 화삼로32 제주삼화LH2단지 아파트,제주특별자치도,보호중,http://openapi.animal.go.kr/openapi/service/rest/fileDownloadSrvc/files/shelter/2026/04/202605191305247.jpg
450650202601194,한국 고양이,기타(흰갈),개체관리번호 26189 - 6주차,M,제주시 화북이동 화삼로32 제주삼화LH2단지 아파트,제주특별자치도,보호중,http://openapi.animal.go.kr/openapi/service/rest/fileDownloadSrvc/files/shelter/2026/04/202605191305811.jpg
450650202601193,한국 고양이,검정색,개체관리번호 26188 - 6주차,M,제주시 화북이동 화삼로32 제주삼화LH2단지 아파트,제주특별자치도,보호중,http://openapi.animal.go.kr/openapi/service/rest/fileDownloadSrvc/files/shelter/2026/04/202605191305441.jpg
448541202600807,한국 고양이,레몬색&흰색,피부상해,M,이방면 우만길,경상남도 창녕군,보호중,http://openapi.animal.go.kr/openapi/service/rest/fileDownloadSrvc/files/shelter/2026/04/202605190805739.jpg
448541202600806,한국 고양이,레몬색&흰색,피부상해,M,이방면 우만길,경상남도 창녕군,보호중,http://openapi.animal.go.kr/openapi/service/rest/fileDownloadSrvc/files/shelter/2026/04/202605190805332.jpg
447505202600468,한국 고양이,검정색,딱 검은 고양이 그 자체! 턱 밑 가슴 쪽으로 흰 반점 있어요! 순하고 귀여워요,M,새안현로 21 부근,경상북도 경주시,보호중,http://openapi.animal.go.kr/openapi/service/rest/fileDownloadSrvc/files/shelter/2026/04/202605191305622[1].jpg
445467202601066,믹스묘,기타(검/흰),4주추정,M,회현면 옥삼길 33-1,전북특별자치도 군산시,보호중,http://openapi.animal.go.kr/openapi/service/rest/fileDownloadSrvc/files/shelter/2026/04/202605191505250[1].jpg
445467202601065,믹스묘,기타(삼색),4주추정,F,회현면 옥삼길 33-1,전북특별자치도 군산시,종료(자연사),http://openapi.animal.go.kr/openapi/service/rest/fileDownloadSrvc/files/shelter/2026/04/202605191505402.jpg
445467202601064,믹스묘,기타(검/흰),8주추정,F,하나운로28세경아파트206,전북특별자치도 군산시,보호중,http://openapi.animal.go.kr/openapi/service/rest/fileDownloadSrvc/files/shelter/2026/04/202605191505842[1].jpg
445467202601063,믹스묘,기타(검/흰),8주추정,F,하나운로28세경아파트206,전북특별자치도 군산시,보호중,http://openapi.animal.go.kr/openapi/service/rest/fileDownloadSrvc/files/shelter/2026/04/202605191505536[1].jpg
445467202601061,믹스묘,기타(검/흰),1살추정 양쪽뒷자리 상처있음,F,산북주공 농협,전북특별자치도 군산시,보호중,http://openapi.animal.go.kr/openapi/service/rest/fileDownloadSrvc/files/shelter/2026/05/20260519090514.jpg
441560202600483,한국 고양이,기타(검/갈/흰),심한눈곱. 양 눈 못 뜸. 얼굴 부종. 저체온. 구강질환. 기력없음. 여윔. 기립불능. 꼬리꺾임.,F,경기 포천시 군내면 반월산성로 332 인근,경기도 포천시,보호중,http://openapi.animal.go.kr/openapi/service/rest/fileDownloadSrvc/files/shelter/2026/04/20260519160524[1].jpg
441398202600233,한국 고양이,검정색,코 검정. 눈곱. 콧물. 털 상태 양호.,F,경기 구리시 아차산로487번길 46 (교문동) 인근,경기도 구리시,보호중,http://openapi.animal.go.kr/openapi/service/rest/fileDownloadSrvc/files/shelter/2026/04/202605191605704[1].jpg
441398202600232,한국 고양이,검정색,코 검정. 눈곱. 콧물. 털 상태 양호.,F,경기 구리시 아차산로487번길 46 (교문동) 인근,경기도 구리시,보호중,http://openapi.animal.go.kr/openapi/service/rest/fileDownloadSrvc/files/shelter/2026/04/202605191605609.jpg
441398202600231,한국 고양이,흰색/검은색 얼룩무늬,코 검정. 눈물. 눈곱. 콧물.  털 상태 양호.,F,경기 구리시 아차산로487번길 46 (교문동) 인근,경기도 구리시,보호중,http://openapi.animal.go.kr/openapi/service/rest/fileDownloadSrvc/files/shelter/2026/04/202605191605973.jpg
441398202600230,한국 고양이,기타(검/회/흰),코 분홍. 눈물. 눈곱. 콧물. 털 상태 양호.,M,경기 구리시 수택동 504-6 인근,경기도 구리시,보호중,http://openapi.animal.go.kr/openapi/service/rest/fileDownloadSrvc/files/shelter/2026/04/202605191605444.jpg
441394202601013,한국 고양이,검은색흰색황토색조합,아기고양이/임시보호(26.05.20~07.19),M,화전동 516-10,경기도 고양시,보호중,http://openapi.animal.go.kr/openapi/service/rest/fileDownloadSrvc/files/shelter/2026/05/202605182005425.jpg
441394202601012,한국 고양이,검은색흰색황토색조합,아기고양이/임시보호(26.05.20~07.19),F,화전동 516-10,경기도 고양시,보호중,http://openapi.animal.go.kr/openapi/service/rest/fileDownloadSrvc/files/shelter/2026/05/202605182005680.jpg
441394202601011,한국 고양이,검은색흰색황토색조합,아기고양이/임시보호(26.05.20~07.19),F,화전동 516-10,경기도 고양시,보호중,http://openapi.animal.go.kr/openapi/service/rest/fileDownloadSrvc/files/shelter/2026/05/202605182005617.jpg
441394202601010,한국 고양이,검은색흰색황토색조합,아기고양이/임시보호(26.05.20~07.19),M,화전동 516-10,경기도 고양시,보호중,http://openapi.animal.go.kr/openapi/service/rest/fileDownloadSrvc/files/shelter/2026/05/202605182005681.jpg
431373202600781,한국 고양이,레몬색&흰색,"습식가능,생후 한달반 추정, 완전 귀여움",M,서생면 신암리,울산광역시 울주군,보호중,http://openapi.animal.go.kr/openapi/service/rest/fileDownloadSrvc/files/shelter/2026/04/202605191005617.jpg
431373202600780,한국 고양이,레몬색&흰색,"습식가능,생후 한달반 추정, 완전 귀여움",M,서생면 신암리,울산광역시 울주군,보호중,http://openapi.animal.go.kr/openapi/service/rest/fileDownloadSrvc/files/shelter/2026/04/20260519090542.jpg
431373202600779,한국 고양이,평행·전체·부분줄무늬,"습식가능,생후 한달반 추정, 완전 귀여움",F,서생면 신암리,울산광역시 울주군,보호중,http://openapi.animal.go.kr/openapi/service/rest/fileDownloadSrvc/files/shelter/2026/04/202605190905749.jpg
431373202600778,한국 고양이,레몬색&흰색,"습식가능,생후 한달반 추정, 완전 귀여움",M,서생면 신암리,울산광역시 울주군,보호중,http://openapi.animal.go.kr/openapi/service/rest/fileDownloadSrvc/files/shelter/2026/04/202605190905793.jpg
431372202600344,한국 고양이,검은색흰색황토색조합,생후10일경,Q,북구 박상진2로,울산광역시 북구,보호중,http://openapi.animal.go.kr/openapi/service/rest/fileDownloadSrvc/files/shelter/2026/04/202605191105981.jpg
431372202600343,한국 고양이,검은색흰색황토색조합,생후10일경,Q,북구 박상진2로,울산광역시 북구,보호중,http://openapi.animal.go.kr/openapi/service/rest/fileDownloadSrvc/files/shelter/2026/04/202605191105757.jpg
431371202600283,한국 고양이,검은색흰색황토색조합,"탯줄달림, 너무 약함",Q,방어동 성끝길,울산광역시 동구,보호중,http://openapi.animal.go.kr/openapi/service/rest/fileDownloadSrvc/files/shelter/2026/04/202605191005661.jpg
431371202600282,한국 고양이,검은색흰색황토색조합,"탯줄달림, 너무 약함",Q,방어동 성끝길,울산광역시 동구,보호중,http://openapi.animal.go.kr/openapi/service/rest/fileDownloadSrvc/files/shelter/2026/04/202605191005873.jpg
431371202600281,한국 고양이,흰색/검은색 얼룩무늬,"탯줄달림, 너무 약함",Q,방어동 성끝길,울산광역시 동구,보호중,http://openapi.animal.go.kr/openapi/service/rest/fileDownloadSrvc/files/shelter/2026/04/202605191005487.jpg
431371202600280,한국 고양이,레몬색&흰색,"탯줄달림, 너무 약함",Q,방어동 성끝길,울산광역시 동구,보호중,http://openapi.animal.go.kr/openapi/service/rest/fileDownloadSrvc/files/shelter/2026/04/202605191005354[1].jpg
428352202600325,한국 고양이,기타(고등어테비),"교통사고로 왼쪽 앞,뒷다리 골절 되어 보행이 불가능한 상태로 구조됨 ",M,아트센터대로97번길45 채드윅송도국제학교 2번게이트 근처,인천광역시 연수구,종료(반환),http://openapi.animal.go.kr/openapi/service/rest/fileDownloadSrvc/files/shelter/2026/05/202605181705588.jpg
428350202600088,한국 고양이,기타(치즈테비),"어미가 도망가고 없는 상태에서 구조 되었으며 콧물,재채기,눈꼽",M,만석로85 수연재가 노인복지센터 근처 ,인천광역시 동구,보호중,http://openapi.animal.go.kr/openapi/service/rest/fileDownloadSrvc/files/shelter/2026/05/202605181705161.jpg
428350202600087,한국 고양이,기타(고등어테비),"어미가 도망가고 없는 상태에서 구조 되었으며 콧물,재채기,눈꼽",F,만석로85 수연재가 노인복지센터 근처 ,인천광역시 동구,보호중,http://openapi.animal.go.kr/openapi/service/rest/fileDownloadSrvc/files/shelter/2026/05/202605181705911.jpg
428350202600086,한국 고양이,기타(치즈테비),"어미가 도망가고 없는 상태에서 구조 되었으며 콧물,재채기,눈꼽",F,만석로85 수연재가 노인복지센터 근처 ,인천광역시 동구,보호중,http://openapi.animal.go.kr/openapi/service/rest/fileDownloadSrvc/files/shelter/2026/05/202605181705447.jpg
428349202600323,한국 고양이,흰색/검은색 얼룩무늬,"2마리 같이 구조, 10일령추정, 인공포유필요",F,영종LH 7단지 관리사무소,인천광역시 중구,종료(자연사),http://openapi.animal.go.kr/openapi/service/rest/fileDownloadSrvc/files/shelter/2026/05/202605191405989.jpg
428349202600322,한국 고양이,기타(삼색),"2마리 같이 구조, 10일령추정, 인공포유필요",F,영종LH 7단지 관리사무소,인천광역시 중구,종료(자연사),http://openapi.animal.go.kr/openapi/service/rest/fileDownloadSrvc/files/shelter/2026/05/20260519140553.jpg
427347202600480,한국 고양이,검정색,"어미분리 자묘, 영양상태 불량,탈진",Q,대명천로 66,대구광역시 달서구,종료(자연사),http://openapi.animal.go.kr/openapi/service/rest/fileDownloadSrvc/files/shelter/2026/05/202605191105248.jpg
427345202600245,한국 고양이,검은색흰색황토색조합,"어미분리 자묘, 영양상태 불량,탈진",F,호국로 43길 25,대구광역시 북구,종료(자연사),http://openapi.animal.go.kr/openapi/service/rest/fileDownloadSrvc/files/shelter/2026/05/202605191005402.jpg
427345202600244,한국 고양이,검은색흰색황토색조합,"어미분리 자묘, 영양상태 불량,탈진",F,호국로 43길 25,대구광역시 북구,종료(자연사),http://openapi.animal.go.kr/openapi/service/rest/fileDownloadSrvc/files/shelter/2026/05/202605191005654.jpg
427345202600243,한국 고양이,레몬색&흰색,"어미분리 자묘, 영양상태 불량,탈진",F,호국로 43길 25,대구광역시 북구,보호중,http://openapi.animal.go.kr/openapi/service/rest/fileDownloadSrvc/files/shelter/2026/05/202605191005870.jpg
427345202600242,한국 고양이,검은색흰색황토색조합,"어미분리 자묘, 영양상태 불량,탈진",F,호국로 43길 25,대구광역시 북구,종료(자연사),http://openapi.animal.go.kr/openapi/service/rest/fileDownloadSrvc/files/shelter/2026/05/202605191005239.jpg
427345202600241,한국 고양이,레몬색&흰색,"어미분리 자묘, 영양상태 불량,탈진",M,호국로 43길 25,대구광역시 북구,보호중,http://openapi.animal.go.kr/openapi/service/rest/fileDownloadSrvc/files/shelter/2026/05/202605191005243.jpg
427345202600240,한국 고양이,기타(회색),"어미분리 자묘, 영양상태 불량,탈진",F,칠곡중앙대로 126길 21,대구광역시 북구,종료(자연사),http://openapi.animal.go.kr/openapi/service/rest/fileDownloadSrvc/files/shelter/2026/05/202605191005957.jpg
427345202600239,한국 고양이,검정색,"어미분리 자묘, 영양상태 불량,탈진",F,칠곡중앙대로 126길 21,대구광역시 북구,종료(자연사),http://openapi.animal.go.kr/openapi/service/rest/fileDownloadSrvc/files/shelter/2026/05/202605191005305.jpg
427344202600179,한국 고양이,"기타(검정,흰색)","어미분리 자묘, 영양상태 불량,탈진",M,봉덕로 20길 38,대구광역시 남구,보호중,http://openapi.animal.go.kr/openapi/service/rest/fileDownloadSrvc/files/shelter/2026/05/202605191005673[1].jpg
426336202600136,한국 고양이,평행·전체·부분줄무늬,"2두동시입소,어미없이버려짐,기력없음,강서2-42",Q,명지동 3143-9,부산광역시 강서구,보호중,http://openapi.animal.go.kr/openapi/service/rest/fileDownloadSrvc/files/shelter/2026/04/202605191305555.jpg
426336202600135,한국 고양이,평행·전체·부분줄무늬,"2두동시입소,어미없이버려짐,기력없음,강서2-41",Q,명지동 3143-9,부산광역시 강서구,보호중,http://openapi.animal.go.kr/openapi/service/rest/fileDownloadSrvc/files/shelter/2026/04/202605191305500.jpg
426336202600134,한국 고양이,평행·전체·부분줄무늬,"6두동시입소,박스채버려짐,영양상태부족,강서2-40",Q,공항로 1359,부산광역시 강서구,보호중,http://openapi.animal.go.kr/openapi/service/rest/fileDownloadSrvc/files/shelter/2026/04/202605191305687.jpg
426336202600133,한국 고양이,평행·전체·부분줄무늬,"6두동시입소,박스채버려짐,영양상태부족,강서2-39",Q,공항로 1359,부산광역시 강서구,보호중,http://openapi.animal.go.kr/openapi/service/rest/fileDownloadSrvc/files/shelter/2026/04/202605191305157.jpg
426336202600132,한국 고양이,평행·전체·부분줄무늬,"6두동시입소,박스채버려짐,영양상태부족,강서2-38",Q,공항로 1359,부산광역시 강서구,보호중,http://openapi.animal.go.kr/openapi/service/rest/fileDownloadSrvc/files/shelter/2026/04/202605191305225.jpg
426336202600131,한국 고양이,검정색,"6두동시입소,박스채버려짐,영양상태부족,강서2-37",Q,공항로 1359,부산광역시 강서구,보호중,http://openapi.animal.go.kr/openapi/service/rest/fileDownloadSrvc/files/shelter/2026/04/202605191305785.jpg
426336202600130,한국 고양이,검정색,"6두동시입소,박스채버려짐,영양상태부족,강서2-36",Q,공항로 1359,부산광역시 강서구,보호중,http://openapi.animal.go.kr/openapi/service/rest/fileDownloadSrvc/files/shelter/2026/04/202605191305260.jpg
426336202600129,한국 고양이,검정색,"6두동시입소,박스채버려짐,영양상태부족,강서2-35",Q,공항로 1359,부산광역시 강서구,보호중,http://openapi.animal.go.kr/openapi/service/rest/fileDownloadSrvc/files/shelter/2026/04/202605191305867.jpg
426336202600128,한국 고양이,흰색/검은색 얼룩무늬,"뒷다리부상,영양상태부족,안질환,강서2-34",M,맥도생태공원 관리사무소,부산광역시 강서구,보호중,http://openapi.animal.go.kr/openapi/service/rest/fileDownloadSrvc/files/shelter/2026/04/202605191305916.jpg
426330202600078,믹스묘,기타(검흰),"수유 필요, 영양상태 불량",M,사직로 80,부산광역시 동래구,보호중,http://openapi.animal.go.kr/openapi/service/rest/fileDownloadSrvc/files/shelter/2026/05/202605191605994.jpg
426329202600312,한국 고양이,기타(노흰색),"사람손탐, 온순함",F,부산진구 서면로 74(E-마트24),부산광역시 부산진구,보호중,http://openapi.animal.go.kr/openapi/service/rest/fileDownloadSrvc/files/shelter/2026/04/202605190905974.png
411312202600347,한국 고양이,흰색/검은색 얼룩무늬,코 검정. 눈곱. 콧물. 기침. 털 상태 양호. ,F,"서울 서대문구 성산로7안길 38 (연희동, 명성빌라)",서울특별시 서대문구,보호중,http://openapi.animal.go.kr/openapi/service/rest/fileDownloadSrvc/files/shelter/2026/04/202605191505105.jpg
411310202600323,한국 고양이,평행·전체·부분줄무늬,코 분홍/검정. 눈곱. 콧물. 꼬리꺾임.,M,서울 노원구 하계동 255-1 인근,서울특별시 노원구,보호중,http://openapi.animal.go.kr/openapi/service/rest/fileDownloadSrvc/files/shelter/2026/04/202605191505637.jpg
411300202600373,한국 고양이,평행·전체·부분줄무늬,포유기. 코 검정. 눈곱. 콧물. 털 상태 양호. ,F,서울 종로구 종로6가 228-5 인근,서울특별시 종로구,보호중,http://openapi.animal.go.kr/openapi/service/rest/fileDownloadSrvc/files/shelter/2026/04/202605191605183.jpg
411300202600372,한국 고양이,평행·전체·부분줄무늬, 포유기. 코 검정. 눈곱. 콧물. 눈 못 뜸. 털 상태 양호. ,F,서울 종로구 종로6가 228-5 인근,서울특별시 종로구,보호중,http://openapi.animal.go.kr/openapi/service/rest/fileDownloadSrvc/files/shelter/2026/04/202605191605201.jpg
411300202600371,한국 고양이,평행·전체·부분줄무늬,포유기. 코 분홍. 눈곱. 콧물. 털 상태 양호. ,F,서울 종로구 종로6가 228-5 인근,서울특별시 종로구,보호중,http://openapi.animal.go.kr/openapi/service/rest/fileDownloadSrvc/files/shelter/2026/04/202605191605617.jpg
411300202600370,한국 고양이,평행·전체·부분줄무늬,포유기. 코 분홍. 눈곱. 콧물. 털 상태 양호. ,M,서울 종로구 종로6가 228-5 인근,서울특별시 종로구,보호중,http://openapi.animal.go.kr/openapi/service/rest/fileDownloadSrvc/files/shelter/2026/04/202605191605230.jpg
411300202600369,한국 고양이,평행·전체·부분줄무늬,코 검정. 눈곱. 콧물. 털 상태 양호. ,F,서울 종로구 평창동 440-14 인근,서울특별시 종로구,보호중,http://openapi.animal.go.kr/openapi/service/rest/fileDownloadSrvc/files/shelter/2026/04/202605191605327[1].jpg
411300202600368,한국 고양이,평행·전체·부분줄무늬,코 검정. 눈곱. 콧물. 털 상태 양호. ,M,서울 종로구 평창동 440-14 인근,서울특별시 종로구,보호중,http://openapi.animal.go.kr/openapi/service/rest/fileDownloadSrvc/files/shelter/2026/04/202605191605137[1].jpg
411300202600367,한국 고양이,흰색/검은색 얼룩무늬,코 검정. 눈곱. 콧물. 우안 못 뜸. 꼬리 꺾임. 털 상태 양호. ,F,서울 종로구 평창동 440-14 인근,서울특별시 종로구,보호중,http://openapi.animal.go.kr/openapi/service/rest/fileDownloadSrvc/files/shelter/2026/04/202605191605673.jpg
411300202600366,한국 고양이,검은색흰색황토색조합,코 검정/분홍. 눈곱. 콧물. 털 상태 양호. ,F,서울 종로구 평창동 440-14 인근,서울특별시 종로구,보호중,http://openapi.animal.go.kr/openapi/service/rest/fileDownloadSrvc/files/shelter/2026/04/202605191605718[1].jpg
411300202600365,한국 고양이,레몬색&흰색,코 분홍. 눈곱. 콧물. 털 상태 양호. ,M,서울 종로구 평창동 440-14 인근,서울특별시 종로구,보호중,http://openapi.animal.go.kr/openapi/service/rest/fileDownloadSrvc/files/shelter/2026/04/202605191605916.jpg
469569202600464,한국 고양이,검정색,북부소방서119구조대인계(4개월추정),M,세종 조치원읍 세종로 2439,세종특별자치시,보호중,http://openapi.animal.go.kr/openapi/service/rest/fileDownloadSrvc/files/shelter/2026/05/202605182205647.jpeg
469569202600460,한국 고양이,검정색,한솔119안전센터인계,M,세종시 한솔동 950 (참샘초등학교 뒷편),세종특별자치시,보호중,http://openapi.animal.go.kr/openapi/service/rest/fileDownloadSrvc/files/shelter/2026/05/202605182205703.jpeg
448537202601115,한국 고양이,레몬색&흰색,수유냥,Q,한화오션,경상남도 거제시,보호중,http://openapi.animal.go.kr/openapi/service/rest/fileDownloadSrvc/files/shelter/2026/05/202605181705641.jpg
448537202601114,한국 고양이,레몬색&흰색,수유냥,Q,한화오션,경상남도 거제시,종료(자연사),http://openapi.animal.go.kr/openapi/service/rest/fileDownloadSrvc/files/shelter/2026/05/202605181705105.jpg
448537202601113,한국 고양이,레몬색&흰색,다리다침,Q,남부면 대포길 72 ,경상남도 거제시,종료(자연사),http://openapi.animal.go.kr/openapi/service/rest/fileDownloadSrvc/files/shelter/2026/05/202605181705594.jpg
448537202601112,믹스묘,기타(흰색),하악질심함 ,Q,문동4길99,경상남도 거제시,종료(반환),http://openapi.animal.go.kr/openapi/service/rest/fileDownloadSrvc/files/shelter/2026/05/202605181505261.jpg
448537202601110,한국 고양이,레몬색&흰색,수유냥,Q,가조도7길56,경상남도 거제시,종료(자연사),http://openapi.animal.go.kr/openapi/service/rest/fileDownloadSrvc/files/shelter/2026/05/202605181505616.jpg
448537202601109,한국 고양이,레몬색&흰색,수유냥,Q,가조도7길56,경상남도 거제시,종료(자연사),http://openapi.animal.go.kr/openapi/service/rest/fileDownloadSrvc/files/shelter/2026/05/20260518150501.jpg
448537202601108,한국 고양이,검은색흰색황토색조합,수유냥,Q,가조도7길56,경상남도 거제시,보호중,http://openapi.animal.go.kr/openapi/service/rest/fileDownloadSrvc/files/shelter/2026/05/202605181505538.jpg
448537202601107,한국 고양이,레몬색&흰색,수유냥,Q,가조도7길56,경상남도 거제시,종료(자연사),http://openapi.animal.go.kr/openapi/service/rest/fileDownloadSrvc/files/shelter/2026/05/202605181505150.jpg
448537202601106,한국 고양이,레몬색&흰색,수유냥,Q,가조도7길56,경상남도 거제시,종료(자연사),http://openapi.animal.go.kr/openapi/service/rest/fileDownloadSrvc/files/shelter/2026/05/202605181505573.jpg
448537202601104,한국 고양이,기타(검정흰색),수유냥,Q,신현119,경상남도 거제시,보호중,http://openapi.animal.go.kr/openapi/service/rest/fileDownloadSrvc/files/shelter/2026/05/202605181405750.jpg
448537202601103,한국 고양이,검정색,허피스증세있음,Q,신현119,경상남도 거제시,종료(자연사),http://openapi.animal.go.kr/openapi/service/rest/fileDownloadSrvc/files/shelter/2026/05/202605181405628.jpg
448537202601102,한국 고양이,기타(검정흰색),허피스증세있음,Q,둔덕죽전마을,경상남도 거제시,종료(자연사),http://openapi.animal.go.kr/openapi/service/rest/fileDownloadSrvc/files/shelter/2026/05/202605181405271.jpg
448537202601101,한국 고양이,레몬색&흰색,허피스증세있음,Q,장평주공201동 ,경상남도 거제시,보호중,http://openapi.animal.go.kr/openapi/service/rest/fileDownloadSrvc/files/shelter/2026/05/202605181405936.jpg
448531202600885,스코티시폴드,기타(회색),순하고 착함 (무릎냥이),M,진주시 하대강변로,경상남도 진주시,보호중,http://openapi.animal.go.kr/openapi/service/rest/fileDownloadSrvc/files/shelter/2026/05/202605181705235.jpg
447512202600469,한국 고양이,평행·전체·부분줄무늬,허피스 바이러스 감염으로 식욕부진이며 많이 야윔,F,가은왕능,경상북도 문경시,보호중,http://openapi.animal.go.kr/openapi/service/rest/fileDownloadSrvc/files/shelter/2026/04/202605181605494.jpg
447506202600176,한국 고양이,검은색흰색황토색조합,어리고 순함,F,개령면 덕촌리,경상북도 김천시,보호중,http://openapi.animal.go.kr/openapi/service/rest/fileDownloadSrvc/files/shelter/2026/05/202605180805457.jpg
447506202600175,한국 고양이,흰색/검은색 얼룩무늬,어리고 순함,F,개령면 덕촌리,경상북도 김천시,보호중,http://openapi.animal.go.kr/openapi/service/rest/fileDownloadSrvc/files/shelter/2026/05/202605180805324.jpg
447506202600174,한국 고양이,레몬색&흰색,어리고 순함,F,개령면 덕촌리,경상북도 김천시,보호중,http://openapi.animal.go.kr/openapi/service/rest/fileDownloadSrvc/files/shelter/2026/05/20260518080503.jpg
447506202600173,한국 고양이,레몬색&흰색,어리고 순함,F,개령면 덕촌리,경상북도 김천시,보호중,http://openapi.animal.go.kr/openapi/service/rest/fileDownloadSrvc/files/shelter/2026/05/202605180805280.jpg
447505202600465,한국 고양이,검은색흰색황토색조합,흰색이 많은 둥글게 생긴 삼색냥 다리가 짧아 보이는 건 기분탓일겁니다 ㅎㅎ,M,석계산업단지길 57부근,경상북도 경주시,보호중,http://openapi.animal.go.kr/openapi/service/rest/fileDownloadSrvc/files/shelter/2026/05/202605181605205[1].jpg
447505202600464,한국 고양이,흰색/검은색 얼룩무늬,"흰 수염, 눈썹이 매력적이고 오른쪽으로 치우친 콧잔등 흰 털, 코의 얼룩이 귀여워요ㅠ",M,황성공원 부근,경상북도 경주시,보호중,http://openapi.animal.go.kr/openapi/service/rest/fileDownloadSrvc/files/shelter/2026/05/202605181605332.jpg
447505202600463,한국 고양이,검은색흰색황토색조합,허피스로 들어온 삼색냥! 현재 치료중이고 더 예뻐질 일만 남았다는~,F,포석로 942 인근,경상북도 경주시,보호중,http://openapi.animal.go.kr/openapi/service/rest/fileDownloadSrvc/files/shelter/2026/05/202605181605596[1].jpg
447505202600462,한국 고양이,검은색흰색황토색조합,허피스가 심해서 들어온 아인데 지금은 많이 괜찮아 졌답니다~ 뛰기도 잘뛰고 밥도 잘먹어요,M,백률로 20번길 20 인근,경상북도 경주시,보호중,http://openapi.animal.go.kr/openapi/service/rest/fileDownloadSrvc/files/shelter/2026/05/202605181605179.jpg
447505202600461,한국 고양이,흰색/검은색 얼룩무늬,형제 중 유일한 암컷 얼굴이 뭔가 이국적으로 생겼어요! 밥도 잘먹어서 입이 주황색~,F,북군동 주변,경상북도 경주시,보호중,http://openapi.animal.go.kr/openapi/service/rest/fileDownloadSrvc/files/shelter/2026/05/20260518150590[1].jpg
447505202600460,한국 고양이,흰색/검은색 얼룩무늬,검은 몸에 듬성듬성 박혀있는 흰털이 신기한 아이 너무 잘생겼어요...!,M,북군동 주변,경상북도 경주시,보호중,http://openapi.animal.go.kr/openapi/service/rest/fileDownloadSrvc/files/shelter/2026/05/202605181505230.jpg
447505202600459,한국 고양이,흰색/검은색 얼룩무늬,형제들 중에서 가장 흰부분이 많은 아깽이 미간에 흰하트가 넘 예뻐요,M,북군동 주변,경상북도 경주시,보호중,http://openapi.animal.go.kr/openapi/service/rest/fileDownloadSrvc/files/shelter/2026/05/202605181505541.jpg
447505202600458,한국 고양이,레몬색&흰색,뭔가 얼굴에서 사막여우가 보이는 듯한 치즈냥 암컷이라 그런지 미묘입니다...!,F,강동로 151 부근,경상북도 경주시,보호중,http://openapi.animal.go.kr/openapi/service/rest/fileDownloadSrvc/files/shelter/2026/05/202605181505138.jpg
447505202600457,한국 고양이,레몬색&흰색,올라간 눈꼬리! 날아갈 듯하게 펼쳐진 귀가 매력포인트 치즈냥!,Q,강동로 151 부근,경상북도 경주시,보호중,http://openapi.animal.go.kr/openapi/service/rest/fileDownloadSrvc/files/shelter/2026/05/202605181505383.jpg
447505202600456,한국 고양이,레몬색&흰색,형제들 중 가장 털이 뽀용하게 나있는 치즈! 나 잘먹고 잘싸요!,M,강동로 151 부근,경상북도 경주시,보호중,http://openapi.animal.go.kr/openapi/service/rest/fileDownloadSrvc/files/shelter/2026/05/202605181505210[1].jpg
447505202600455,한국 고양이,흰색/검은색 얼룩무늬,태어나자마자 구조되어 열심히 분유먹고 큰 현 캣초딩! 오른 눈의 얼룩무늬가 매력적!,M,황성동 인근,경상북도 경주시,보호중,http://openapi.animal.go.kr/openapi/service/rest/fileDownloadSrvc/files/shelter/2026/05/202605181505875.jpg
446482202600149,한국 고양이,평행·전체·부분줄무늬,2차접종,M,안신길4길71,전라남도 순천시,보호중,http://openapi.animal.go.kr/openapi/service/rest/fileDownloadSrvc/files/shelter/2026/04/20260518160575.jpg
446482202600148,러시안 블루,기타(회색),진료예정,F,부영3차,전라남도 순천시,종료(반환),http://openapi.animal.go.kr/openapi/service/rest/fileDownloadSrvc/files/shelter/2026/04/202605181405818.jpg
445479202600519,믹스묘,크림색,새끼 고양이 (50일정도),Q, 하서면 대포 청사길 2,전북특별자치도 부안군,보호중,http://openapi.animal.go.kr/openapi/service/rest/fileDownloadSrvc/files/shelter/2026/05/202605181305554.jpg
445464202601764,한국 고양이,평행·전체·부분줄무늬,차량에서 구조,M,완산소방서,전북특별자치도 전주시,보호중,http://openapi.animal.go.kr/openapi/service/rest/fileDownloadSrvc/files/shelter/2026/04/202605181605637.jpg
445464202601763,한국 고양이,흰색/검은색 얼룩무늬,어미없이 돌아다님,M,태평동 공용주차장,전북특별자치도 전주시,보호중,http://openapi.animal.go.kr/openapi/service/rest/fileDownloadSrvc/files/shelter/2026/04/202605181605444[1].jpg
445464202601755,한국 고양이,기타(고등어),종이박스안에 있었음,F,송천동 1가 835-3,전북특별자치도 전주시,보호중,http://openapi.animal.go.kr/openapi/service/rest/fileDownloadSrvc/files/shelter/2026/04/202605181205138.jpg
445464202601754,한국 고양이,기타(고등어),종이박스안에 있었음,F,송천동 1가 835-3,전북특별자치도 전주시,보호중,http://openapi.animal.go.kr/openapi/service/rest/fileDownloadSrvc/files/shelter/2026/04/202605181205463.jpg
445464202601753,한국 고양이,흰색/검은색 얼룩무늬,어미가 버리고 감 ,M,백제대로 열화전차,전북특별자치도 전주시,보호중,http://openapi.animal.go.kr/openapi/service/rest/fileDownloadSrvc/files/shelter/2026/04/202605181205565[1].jpg
444453202600691,한국 고양이,레몬색&흰색,입소 당시 1개월령 추정,M,공림5길 16 서산농협 예천지점,충청남도 서산시,보호중,http://openapi.animal.go.kr/openapi/service/rest/fileDownloadSrvc/files/shelter/2026/05/202605181705109[1].jpg
444453202600690,한국 고양이,레몬색&흰색,입소 당시 1개월령 추정,M,공림5길 16 서산농협 예천지점,충청남도 서산시,보호중,http://openapi.animal.go.kr/openapi/service/rest/fileDownloadSrvc/files/shelter/2026/05/202605181705103.jpg
444453202600689,한국 고양이,레몬색&흰색,입소 당시 1개월령 추정,M,공림5길 16 서산농협 예천지점,충청남도 서산시,보호중,http://openapi.animal.go.kr/openapi/service/rest/fileDownloadSrvc/files/shelter/2026/05/202605181705747.jpg
444453202600688,한국 고양이,검정색,입소 당시 1주령 추정,Q,갈산매수길 49-8,충청남도 서산시,보호중,http://openapi.animal.go.kr/openapi/service/rest/fileDownloadSrvc/files/shelter/2026/05/202605181705412.jpg
444453202600687,한국 고양이,레몬색&흰색,입소 당시 1주령 추정,Q,갈산매수길 49-8,충청남도 서산시,종료(자연사),http://openapi.animal.go.kr/openapi/service/rest/fileDownloadSrvc/files/shelter/2026/05/202605181705720.jpg
444453202600686,한국 고양이,검은색흰색황토색조합,입소 당시 1주령 추정,Q,갈산매수길 49-8,충청남도 서산시,종료(자연사),http://openapi.animal.go.kr/openapi/service/rest/fileDownloadSrvc/files/shelter/2026/05/202605181705542.jpg
444449202601165,페르시안-페르시안 친칠라,흰색,"순함, 미용되어 있음",F,동남구 병천면 유관순길 38 (유관순 사우 앞 버스정류장),충청남도 천안시,보호중,http://openapi.animal.go.kr/openapi/service/rest/fileDownloadSrvc/files/shelter/2026/05/202605181405774.jpg
443443202600346,한국 고양이,검은색흰색황토색조합,"[관리번호188]옥천읍 금구리에 위치한 가게 창고에서 발견, 관리번호 184 발견위치와 동일",F,옥천읍,충청북도 옥천군,보호중,http://openapi.animal.go.kr/openapi/service/rest/fileDownloadSrvc/files/shelter/2026/05/202605181705455.jpeg
443443202600345,한국 고양이,검정색,"[관리번호187]옥천읍 마암리에 위치한 음식점에서 관리번호 185, 186과 함께 발견",M,옥천읍,충청북도 옥천군,보호중,http://openapi.animal.go.kr/openapi/service/rest/fileDownloadSrvc/files/shelter/2026/05/202605181705432.jpeg
443443202600344,한국 고양이,레몬색&흰색,"[관리번호186]옥천읍 마암리에 위치한 음식점에서 관리번호 185, 187과 함께 발견",M,옥천읍,충청북도 옥천군,보호중,http://openapi.animal.go.kr/openapi/service/rest/fileDownloadSrvc/files/shelter/2026/05/20260518170525.jpeg
443443202600343,한국 고양이,검은색흰색황토색조합,"[관리번호185]옥천읍 마암리에 위치한 음식점에서 관리번호 186, 187과 함께 발견",F,옥천읍,충청북도 옥천군,보호중,http://openapi.animal.go.kr/openapi/service/rest/fileDownloadSrvc/files/shelter/2026/05/202605181705354.jpeg
443443202600342,한국 고양이,레몬색&흰색,[관리번호184]옥천읍 금구리에 위치한 가게 창고안에서 발견,F,옥천읍,충청북도 옥천군,보호중,http://openapi.animal.go.kr/openapi/service/rest/fileDownloadSrvc/files/shelter/2026/05/202605181705252.jpeg
443443202600340,한국 고양이,평행·전체·부분줄무늬,[관리번호182]동이면 남곡리에 위치한 배수로 안에서 발견,M,동이면,충청북도 옥천군,보호중,http://openapi.animal.go.kr/openapi/service/rest/fileDownloadSrvc/files/shelter/2026/05/202605181705716.jpeg
442423202600209,한국 고양이,검은색흰색황토색조합,생후3개월미만,F,(구)소방서 근처,강원특별자치도 속초시,보호중,http://openapi.animal.go.kr/openapi/service/rest/fileDownloadSrvc/files/shelter/2026/05/202605181705460.jpg
441570202600215,한국 고양이,기타(흰회갈검줄),"야윔, 몸가눔이 다소 불편",M,대신면 율촌리,경기도 여주시,보호중,http://openapi.animal.go.kr/openapi/service/rest/fileDownloadSrvc/files/shelter/2026/05/202605181805383[1].jpg
441570202600213,한국 고양이,기타(흰회갈검줄),"매우야윔, 눈이 좋지 않음",M,금사면 이포리,경기도 여주시,보호중,http://openapi.animal.go.kr/openapi/service/rest/fileDownloadSrvc/files/shelter/2026/05/202605181805755.jpg
441570202600212,한국 고양이,흰색/검은색 얼룩무늬,"매우야윔, 몸을 잘 가누지 못함",M,금사면 이포리,경기도 여주시,보호중,http://openapi.animal.go.kr/openapi/service/rest/fileDownloadSrvc/files/shelter/2026/05/202605181805808.jpg
441554202601037,한국 고양이,기타(검백색),"5-57, 50일령, 하수도에서 구조됨, 저체온, 야윔, 기력적음",M,광주시 남종면 산수로 일대,경기도 광주시,보호중,http://openapi.animal.go.kr/openapi/service/rest/fileDownloadSrvc/files/shelter/2026/04/20260518180535.jpg
441554202601033,한국 고양이,기타(노랑색),"5-53, 50일령 새끼고양이, 좌측 안구 돌출, 수술필요",M,광주시 송정동 일대,경기도 광주시,보호중,http://openapi.animal.go.kr/openapi/service/rest/fileDownloadSrvc/files/shelter/2026/04/202605181805882.jpg
441554202601026,한국 고양이,검정색,"5-52, 1개월령 아기고양이, 야윈상태, 새까만 털속에 반짝반짝 빛나는 눈",M,광주시 통미로 일대,경기도 광주시,보호중,http://openapi.animal.go.kr/openapi/service/rest/fileDownloadSrvc/files/shelter/2026/04/202605181405463.jpg
441553202601740,한국 고양이,검정색,사랑스럽게 생긴 아기냥이/ 완전 순댕이/ 온순한 성격,Q,장안면 매바위로인근,경기도 화성시,보호중,http://openapi.animal.go.kr/openapi/service/rest/fileDownloadSrvc/files/shelter/2026/05/202605181705396.jpg
441553202601739,한국 고양이,검은색흰색황토색조합,너무예쁜 외모를가짐/ 사람을 좋아함,Q,장안면 매바위로인근,경기도 화성시,보호중,http://openapi.animal.go.kr/openapi/service/rest/fileDownloadSrvc/files/shelter/2026/05/202605181705740.jpg
441553202601738,한국 고양이,검은색흰색황토색조합,콧수염처럼 보이는귀여운 무늬를 가짐/ 순함/ 앞머리가 있는것처럼 생김,Q,장안면 매바위로인근,경기도 화성시,보호중,http://openapi.animal.go.kr/openapi/service/rest/fileDownloadSrvc/files/shelter/2026/05/202605181705408.jpg
441553202601737,한국 고양이,검은색흰색황토색조합,너무 귀여운 아기냥이/ 너무순함/ 등에는 줄무늬 무늬가 있음,Q,장안면 매바위로인근,경기도 화성시,보호중,http://openapi.animal.go.kr/openapi/service/rest/fileDownloadSrvc/files/shelter/2026/05/202605181705798.jpg
441553202601733,한국 고양이,검은색흰색황토색조합,경계심이 있어보임/ 사람을 무서워함/기운이 없고 몸 상태가 안좋아보임,Q,병점구 경기대로인근,경기도 화성시,보호중,http://openapi.animal.go.kr/openapi/service/rest/fileDownloadSrvc/files/shelter/2026/05/202605181505886.jpg
441408202600970,한국 고양이,평행·전체·부분줄무늬,다른 애기들은 어미가 데려가고 주택 계단 아래에 혼자 남겨짐,M,승두 3길 31-5,경기도 안성시,보호중,http://openapi.animal.go.kr/openapi/service/rest/fileDownloadSrvc/files/shelter/2026/05/202605181505404.jpg
441407202600534,한국 고양이,평행·전체·부분줄무늬,"매우야윔, 몸을 잘 가누지 못함",M,중리동 부악로,경기도 이천시,보호중,http://openapi.animal.go.kr/openapi/service/rest/fileDownloadSrvc/files/shelter/2026/05/202605181905375.jpg
441405202601233,한국 고양이,"기타(검, 흰색)","2마리 함께 입소, 생후 3주령 추정",M,처인구 남사읍 원암로 21-8 장업시스템,경기도 용인시,보호중,http://openapi.animal.go.kr/openapi/service/rest/fileDownloadSrvc/files/shelter/2026/05/202605181805251.jpg
441405202601232,한국 고양이,레몬색&흰색,"2마리 함께 입소, 생후 3주령 추정",F,처인구 남사읍 원암로 21-8 장업시스템,경기도 용인시,보호중,http://openapi.animal.go.kr/openapi/service/rest/fileDownloadSrvc/files/shelter/2026/05/20260518180566.jpg
441400202600194,한국 고양이,검은색흰색황토색조합,"기립불능,예후불량",F,궐동657-5,경기도 오산시,보호중,http://openapi.animal.go.kr/openapi/service/rest/fileDownloadSrvc/files/shelter/2026/04/20260518160533[1].jpg
441399202600849,믹스묘,기타(고등어), 사람을 좋아하고 애교가 많은 아이,M,호평동 늘을1로 135,경기도 남양주시,보호중,http://openapi.animal.go.kr/openapi/service/rest/fileDownloadSrvc/files/shelter/2026/04/202605181705147.png
441391202600894,한국 고양이,기타(흰/치즈),우측전지 부종 및 괴사 / 좌측 안구 치료요함,M,포승읍 불당길 130,경기도 평택시,보호중,http://openapi.animal.go.kr/openapi/service/rest/fileDownloadSrvc/files/shelter/2026/04/202605181605475.jpg
441391202600888,한국 고양이,평행·전체·부분줄무늬,수유고양이/개인구조/생후1주일 추정/고등어태비,Q,안중읍 인중믿음길7,경기도 평택시,보호중,http://openapi.animal.go.kr/openapi/service/rest/fileDownloadSrvc/files/shelter/2026/05/202605181105384.jpg
441378202600629,한국 고양이,기타(갈색),"동물 등록 칩있는데 외국에서 등록된 칩이라 검색해도 안 나옴,중성화 되어있음,비만",M,성남시 백현로 156번길 17-2,경기도 성남시,보호중,http://openapi.animal.go.kr/openapi/service/rest/fileDownloadSrvc/files/shelter/2026/05/202605181605961.jpg
441374202600591,한국 고양이,기타(백흑갈색),"어림(1개월 추정), 사고묘 추정",F,권선구 경수대로225번길 20(세류동),경기도 수원시,보호중,http://openapi.animal.go.kr/openapi/service/rest/fileDownloadSrvc/files/shelter/2026/04/202605181405203.jpg
431370202600349,한국 고양이,레몬색&흰색,어리고 허약,F,남구 팔등로 132,울산광역시 남구,보호중,http://openapi.animal.go.kr/openapi/service/rest/fileDownloadSrvc/files/shelter/2026/05/202605181805833[1].jpg
431370202600348,한국 고양이,레몬색&흰색,어리고 허약,F,남구 팔등로 132,울산광역시 남구,보호중,http://openapi.animal.go.kr/openapi/service/rest/fileDownloadSrvc/files/shelter/2026/05/202605181805682.jpg
431370202600347,한국 고양이,기타(삼색),성격 온순함. 설사증,M,무거동  빅세일마트,울산광역시 남구,보호중,http://openapi.animal.go.kr/openapi/service/rest/fileDownloadSrvc/files/shelter/2026/04/20260518160583[2].jpg
431370202600343,한국 고양이,기타(치즈색),"호흡기질환,결막염심함.",M,남구청인근,울산광역시 남구,보호중,http://openapi.animal.go.kr/openapi/service/rest/fileDownloadSrvc/files/shelter/2026/04/202605181205234[1].jpg
429362202600298,한국 고양이,레몬색&흰색,26-4026 해외내장칩 있음,M,북구 용봉동,광주광역시 북구,보호중,http://openapi.animal.go.kr/openapi/service/rest/fileDownloadSrvc/files/shelter/2026/05/20260518160517.jpg
428349202600321,한국 고양이,기타(고등어테비),"어미가 도망가고 없는 상태에서 구조 되었으며 약간의 콧물과 재채기,눈꼽",F,개항로45번길 21-27 성신파크뷰 근처 ,인천광역시 중구,보호중,http://openapi.animal.go.kr/openapi/service/rest/fileDownloadSrvc/files/shelter/2026/05/202605181705109.jpg
428349202600320,한국 고양이,기타(크림색),"5마리 동시 구조됨,콧물,눈꼽",M,중구 도원서길71 주택 근처,인천광역시 중구,보호중,http://openapi.animal.go.kr/openapi/service/rest/fileDownloadSrvc/files/shelter/2026/05/202605181605226.jpg
428349202600319,한국 고양이,기타(노랑+흰색),"5마리 동시 구조됨,콧물,눈꼽",M,중구 도원서길71 주택 근처,인천광역시 중구,보호중,http://openapi.animal.go.kr/openapi/service/rest/fileDownloadSrvc/files/shelter/2026/05/202605181605564.jpg
428349202600318,한국 고양이,기타(삼색),"5마리 동시 구조됨,콧물,눈꼽",F,중구 도원서길71 주택 근처,인천광역시 중구,보호중,http://openapi.animal.go.kr/openapi/service/rest/fileDownloadSrvc/files/shelter/2026/05/202605181605767.jpg
428349202600317,한국 고양이,기타(노랑+흰색),"5마리 동시 구조됨,콧물,눈꼽",M,중구 도원서길71 주택 근처,인천광역시 중구,보호중,http://openapi.animal.go.kr/openapi/service/rest/fileDownloadSrvc/files/shelter/2026/05/20260518160549.jpg
428349202600316,한국 고양이,기타(노랑+흰색),"5마리 동시 구조됨,콧물,눈꼽",M,중구 도원서길71 주택 근처,인천광역시 중구,보호중,http://openapi.animal.go.kr/openapi/service/rest/fileDownloadSrvc/files/shelter/2026/05/202605181605473.jpg
428349202600315,한국 고양이,기타(삼색),"1개월령추정, 기침,콧물증세",F,을왕리 해수욕장 인근,인천광역시 중구,보호중,http://openapi.animal.go.kr/openapi/service/rest/fileDownloadSrvc/files/shelter/2026/05/202605181405801.jpg
428349202600314,한국 고양이,"기타(황색,백색)","45일령추정, 눈이 부어있음, 콧물",F,중구청 당직실,인천광역시 중구,보호중,http://openapi.animal.go.kr/openapi/service/rest/fileDownloadSrvc/files/shelter/2026/05/202605181305559.jpg
428349202600313,한국 고양이,기타(삼색),"2개월령추정, 매우 순하고 사람을 잘 따름",F,중구청 당직실,인천광역시 중구,보호중,http://openapi.animal.go.kr/openapi/service/rest/fileDownloadSrvc/files/shelter/2026/05/202605181305860.jpg
427348202600515,한국 고양이,기타(흰노),4주령. 좌안 안구 손상,M,화원읍 비슬로 2725,대구광역시 달성군,보호중,http://openapi.animal.go.kr/openapi/service/rest/fileDownloadSrvc/files/shelter/2026/05/202605181605717.jpg
427346202600520,한국 고양이,검정색,순하고 조용함,M,동원로 123,대구광역시 수성구,보호중,http://openapi.animal.go.kr/openapi/service/rest/fileDownloadSrvc/files/shelter/2026/04/202605181805388.jpg
427346202600517,한국 고양이,기타(고등어태비),분유 수유 중입니다...,M,아파트 단지 109동앞,대구광역시 수성구,종료(자연사),http://openapi.animal.go.kr/openapi/service/rest/fileDownloadSrvc/files/shelter/2026/04/202605181305928.jpg
427346202600516,한국 고양이,기타(검갈.회색),"겁이 많아 구석으로 다니며, 조금 까칠하지만 만지면 순응 해요....",F,지산동943,대구광역시 수성구,보호중,http://openapi.animal.go.kr/openapi/service/rest/fileDownloadSrvc/files/shelter/2026/04/202605181205139.jpg
427341202600256,한국 고양이,검은색흰색황토색조합,"1달 남짓 , 순하고 이유식도 잘 먹어요",F,중구청 도로,대구광역시 중구,보호중,http://openapi.animal.go.kr/openapi/service/rest/fileDownloadSrvc/files/shelter/2026/05/202605181805603.jpg
426338202600091,믹스묘,기타(검정색),"뒷다리 부상, 경계 심함, 예민함, 검정색",M,민락동 푸르지오 아파트,부산광역시 수영구,보호중,http://openapi.animal.go.kr/openapi/service/rest/fileDownloadSrvc/files/shelter/2026/04/202605181105650.jpg
426337202600194,한국 고양이,기타(황토색흰색),양호(온순),M,연수로148번길39,부산광역시 연제구,보호중,http://openapi.animal.go.kr/openapi/service/rest/fileDownloadSrvc/files/shelter/2026/04/202605181005889.jpg
411303202600281,페르시안,"기타(그레, 흰색)",없음,M,강변금호타운 101동 앞(성수동),서울특별시 성동구,종료(반환),http://openapi.animal.go.kr/openapi/service/rest/fileDownloadSrvc/files/shelter/2026/05/20260518190536.jpeg
429363202600350,한국 고양이,흰색/검은색 얼룩무늬,26-7137,F,광산구 임방울대로 310,광주광역시 광산구,보호중,http://openapi.animal.go.kr/openapi/service/rest/fileDownloadSrvc/files/shelter/2026/05/202605181605918.jpg
429360202600229,한국 고양이,"기타(회,노,흰)",26-7136 ,F,서구 구성로93번길,광주광역시 서구,종료(자연사),http://openapi.animal.go.kr/openapi/service/rest/fileDownloadSrvc/files/shelter/2026/05/202605181505457.jpg
429362202600297,한국 고양이,레몬색&흰색,"26-6022 귀 컷팅됨, 기립 어려움",M,북구 용봉동,광주광역시 북구,종료(자연사),http://openapi.animal.go.kr/openapi/service/rest/fileDownloadSrvc/files/shelter/2026/05/20260518150560[1].jpg
448546202600250,한국 고양이,평행·전체·부분줄무늬,켄넬안에 담긴 채 오리오리꿀꿀이 식당 앞에 유기됨,F,함양읍 오리오리꿀꿀이 식당 앞,경상남도 함양군,보호중,http://openapi.animal.go.kr/openapi/service/rest/fileDownloadSrvc/files/shelter/2026/04/202605211505873.jpeg
442419202600355,한국 고양이,레몬색&흰색,뒷다리 상처로 인해 염증,M,치악로2457부근,강원특별자치도 원주시,보호중,http://openapi.animal.go.kr/openapi/service/rest/fileDownloadSrvc/files/shelter/2026/05/202605212205741.jpg
445467202601060,믹스묘,기타(검/흰),3주추정,F,내초동 226  청보리밭,전북특별자치도 군산시,보호중,http://openapi.animal.go.kr/openapi/service/rest/fileDownloadSrvc/files/shelter/2026/05/202605190905976.jpg
445467202601059,믹스묘,기타(검/흰),3주추정,F,내초동 226  청보리밭,전북특별자치도 군산시,종료(자연사),http://openapi.animal.go.kr/openapi/service/rest/fileDownloadSrvc/files/shelter/2026/05/202605190905741.jpg
445467202601058,믹스묘,기타(고등어),3주추정,M,내초동 226  청보리밭,전북특별자치도 군산시,종료(자연사),http://openapi.animal.go.kr/openapi/service/rest/fileDownloadSrvc/files/shelter/2026/05/202605190805878.jpg
445467202601057,믹스묘,기타(검/흰),3주추정,F,내초동 226  청보리밭,전북특별자치도 군산시,종료(자연사),http://openapi.animal.go.kr/openapi/service/rest/fileDownloadSrvc/files/shelter/2026/05/202605190805336.jpg
445467202601056,믹스묘,기타(고등어),3주추정,F,내초동 226  청보리밭,전북특별자치도 군산시,보호중,http://openapi.animal.go.kr/openapi/service/rest/fileDownloadSrvc/files/shelter/2026/05/202605190805530.jpg
441559202600676,한국 고양이,레몬색&흰색,코 분홍. 심한 눈곱. 콧물. 양 눈 못 뜸. 털 상태 양호. ,F,경기 양주시 삼숭동 28-11,경기도 양주시,보호중,http://openapi.animal.go.kr/openapi/service/rest/fileDownloadSrvc/files/shelter/2026/04/202605181605828.jpg
441559202600675,한국 고양이,레몬색&흰색,코 분홍. 심한 눈곱. 콧물. 좌안 못 뜸. 털 상태 양호. ,M,경기 양주시 삼숭동 28-11,경기도 양주시,보호중,http://openapi.animal.go.kr/openapi/service/rest/fileDownloadSrvc/files/shelter/2026/04/20260518160594.jpg
441559202600673,한국 고양이,레몬색&흰색,코 분홍. 눈곱. 콧물. 털 상태 양호. ,F,경기 양주시 삼숭동 28-11,경기도 양주시,보호중,http://openapi.animal.go.kr/openapi/service/rest/fileDownloadSrvc/files/shelter/2026/04/202605181605546.jpg
427347202600482,한국 고양이,레몬색&흰색,"어미분리 자묘, 영양상태 불량,탈진",M,성당 래미안,대구광역시 달서구,보호중,http://openapi.animal.go.kr/openapi/service/rest/fileDownloadSrvc/files/shelter/2026/05/202605191105254[1].jpg
427347202600481,한국 고양이,"기타(검정,흰색)","어미분리 자묘, 영양상태 불량,탈진",M,장기동 814,대구광역시 달서구,보호중,http://openapi.animal.go.kr/openapi/service/rest/fileDownloadSrvc/files/shelter/2026/05/20260519110509.jpg
411302202600251,한국 고양이,검은색흰색황토색조합,끈끈이에 붙여서 며칠 방치중으로 호흡도 부족하고 상태 매우 좋지않음. 예후불량.,F,두텁바위로 116 주변,서울특별시 용산구,종료(자연사),http://openapi.animal.go.kr/openapi/service/rest/fileDownloadSrvc/files/shelter/2026/05/202605181305540.jpg
446483202600702,한국 고양이,기타(갈색),생후50일정도로보임 온순함,M,나주시다시면원동길1석재공장,전라남도 나주시,보호중,http://openapi.animal.go.kr/openapi/service/rest/fileDownloadSrvc/files/shelter/2026/04/202605181805503.jpg
446483202600701,한국 고양이,기타(갈흰),생후50일정도로보임 온순함,F,나주시다시면원동길1석재공장,전라남도 나주시,보호중,http://openapi.animal.go.kr/openapi/service/rest/fileDownloadSrvc/files/shelter/2026/04/202605181805428[1].jpg
446483202600700,한국 고양이,기타(갈흰),생후50일정도로보임 온순함,F,나주시다시면원동길1석재공장,전라남도 나주시,보호중,http://openapi.animal.go.kr/openapi/service/rest/fileDownloadSrvc/files/shelter/2026/04/202605181805605.jpg
446483202600699,한국 고양이,기타(갈흰),생후50일정도로보임 온순함,M,나주시다시면원동길1석재공장,전라남도 나주시,보호중,http://openapi.animal.go.kr/openapi/service/rest/fileDownloadSrvc/files/shelter/2026/04/202605181805314.jpg
446483202600698,한국 고양이,기타(갈검흰),생후2개월정도로보임 온순함,F,나주시산포면산남로68,전라남도 나주시,보호중,http://openapi.animal.go.kr/openapi/service/rest/fileDownloadSrvc/files/shelter/2026/04/202605181805564.jpg
446483202600697,한국 고양이,기타(갈검흰),생후2개월정도로보임 온순함,F,나주시산포면산남로68,전라남도 나주시,보호중,http://openapi.animal.go.kr/openapi/service/rest/fileDownloadSrvc/files/shelter/2026/04/202605181805611.jpg
446483202600696,한국 고양이,기타(갈검),생후2개월정도로보임 온순함,F,나주시산포면산남로68,전라남도 나주시,보호중,http://openapi.animal.go.kr/openapi/service/rest/fileDownloadSrvc/files/shelter/2026/04/20260518180506.jpg
446483202600695,한국 고양이,기타(회흰),생후2개월정도로보임 온순함,F,나주시산포면산남로68,전라남도 나주시,보호중,http://openapi.animal.go.kr/openapi/service/rest/fileDownloadSrvc/files/shelter/2026/04/202605181805211.jpg
446483202600694,한국 고양이,기타(회흰),생후2개월정도로보임 온순함,F,나주시산포면산남로68,전라남도 나주시,보호중,http://openapi.animal.go.kr/openapi/service/rest/fileDownloadSrvc/files/shelter/2026/04/202605181805684.jpg
445468202601240,한국 고양이,검은색흰색황토색조합,생후 8일정도 되었으며 감기에걸려있고 한쪽눈이 감겨있음,F,익산시 목천동 평화아파트 길가,전북특별자치도 익산시,보호중,http://openapi.animal.go.kr/openapi/service/rest/fileDownloadSrvc/files/shelter/2026/04/202605181205936.jpg
445468202601239,한국 고양이,검은색흰색황토색조합,생후20일 정도로 보이며 작고 순함.,F,익산시 목천동 평화아파트 길가,전북특별자치도 익산시,보호중,http://openapi.animal.go.kr/openapi/service/rest/fileDownloadSrvc/files/shelter/2026/04/202605181205305.jpg
445468202601238,한국 고양이,검은색흰색황토색조합,생후20일 정도로 보이며 작고 순함.,F,익산시 목천동 평화아파트 길가,전북특별자치도 익산시,보호중,http://openapi.animal.go.kr/openapi/service/rest/fileDownloadSrvc/files/shelter/2026/04/202605181205649.jpg
445468202601237,한국 고양이,흰색/검은색 얼룩무늬,생후20일 정도로 보이며 작고 순함. 말라있음,F,익산시 목천동 평화아파트 길가,전북특별자치도 익산시,보호중,http://openapi.animal.go.kr/openapi/service/rest/fileDownloadSrvc/files/shelter/2026/04/202605181205568.jpg
445468202601236,한국 고양이,흰색/검은색 얼룩무늬,생후20일 정도로 보이며 작고 순함. 말라있음,M,익산시 목천동 평화아파트 길가,전북특별자치도 익산시,보호중,http://openapi.animal.go.kr/openapi/service/rest/fileDownloadSrvc/files/shelter/2026/04/202605181205262.jpg
445468202601235,한국 고양이,레몬색&흰색,생후20일 정도로 보이며 작고 순함. 말라있음.,M,익산시 목천동 평화아파트 길가,전북특별자치도 익산시,보호중,http://openapi.animal.go.kr/openapi/service/rest/fileDownloadSrvc/files/shelter/2026/04/202605181205645.jpg
445468202601234,한국 고양이,레몬색&흰색,생후 5일정도 되었으며 몸에 파리유충과 구더기가 붙어있어 건강이 걱정됨,M,익산시 오산면 원오산길31,전북특별자치도 익산시,보호중,http://openapi.animal.go.kr/openapi/service/rest/fileDownloadSrvc/files/shelter/2026/04/202605181205464.jpg
445468202601233,한국 고양이,레몬색&흰색,깨끗한 상태이며 어리고 순함,F,익산시 선화로20길 10,전북특별자치도 익산시,보호중,http://openapi.animal.go.kr/openapi/service/rest/fileDownloadSrvc/files/shelter/2026/04/202605181105587.jpg
441374202600589,한국 고양이,기타(흑백색),사고묘추정,F,장안구 경수대로878번길 14(조원동),경기도 수원시,보호중,http://openapi.animal.go.kr/openapi/service/rest/fileDownloadSrvc/files/shelter/2026/04/202605181005987[1].jpg
441374202600587,한국 고양이,기타(회백색),어림(2주미만),Q,권선구 정조로 410(세류동),경기도 수원시,종료(자연사),http://openapi.animal.go.kr/openapi/service/rest/fileDownloadSrvc/files/shelter/2026/04/20260518100555[1].jpg
430368202600192,스핑크스,크림색,.,Q,미호동 420-7 번지,대전광역시 대덕구,보호중,http://openapi.animal.go.kr/openapi/service/rest/fileDownloadSrvc/files/shelter/2026/04/202605181105137.png
430368202600191,스핑크스,크림색,.,Q,미호동 420-7 번지,대전광역시 대덕구,보호중,http://openapi.animal.go.kr/openapi/service/rest/fileDownloadSrvc/files/shelter/2026/04/202605181105460.png
430368202600190,스핑크스,크림색,.,Q,미호동 420-7 번지,대전광역시 대덕구,보호중,http://openapi.animal.go.kr/openapi/service/rest/fileDownloadSrvc/files/shelter/2026/04/202605181005846.png
427342202600288,한국 고양이,검은색흰색황토색조합,어미분리 자묘,F,신암동 230-2,대구광역시 동구,종료(자연사),http://openapi.animal.go.kr/openapi/service/rest/fileDownloadSrvc/files/shelter/2026/05/202605180905468.jpg
426340202600229,한국 고양이,검정색,"안질환, 영양상태 불량, 등 상처, 검정색",M,명례리 878,부산광역시 기장군,보호중,http://openapi.animal.go.kr/openapi/service/rest/fileDownloadSrvc/files/shelter/2026/05/202605181405711.jpg
426329202600311,한국 고양이,기타(검갈색),"어미없음, 허약&탈진",Q,부산진구 신암로 181-6,부산광역시 부산진구,보호중,http://openapi.animal.go.kr/openapi/service/rest/fileDownloadSrvc/files/shelter/2026/04/202605180905456.png
411306202600327,한국 고양이,평행·전체·부분줄무늬,포유기. 코 분홍. 눈 못 뜸. 탯줄 있음. 기력 없음. 식욕 없음. 좌 후지 상처. 저체온.,M,서울 중랑구 상봉로15나길 13 (면목동) 인근,서울특별시 중랑구,종료(자연사),http://openapi.animal.go.kr/openapi/service/rest/fileDownloadSrvc/files/shelter/2026/04/202605181605785.jpg
411306202600326,한국 고양이,평행·전체·부분줄무늬,포유기. 눈곱. 콧물. 코 분홍. 눈 못 뜸. 탯줄 있음. 저체온. 기력 없음. ,M,서울 중랑구 상봉로15나길 13 (면목동) 인근,서울특별시 중랑구,보호중,http://openapi.animal.go.kr/openapi/service/rest/fileDownloadSrvc/files/shelter/2026/04/202605181605573.jpg
429362202600296,한국 고양이,레몬색&흰색,26-7135 몸이 젖어있고 기력이 없음,M,북구 신용동 67-17,광주광역시 북구,종료(자연사),http://openapi.animal.go.kr/openapi/service/rest/fileDownloadSrvc/files/shelter/2026/05/202605181505943.jpg
429361202600157,한국 고양이,흰색/검은색 얼룩무늬,"26-6021, 경계심함, 기립불가, 후지외상",M,남구 효덕로 298,광주광역시 남구,종료(자연사),http://openapi.animal.go.kr/openapi/service/rest/fileDownloadSrvc/files/shelter/2026/05/202605180805294.jpg
448541202600801,한국 고양이,평행·전체·부분줄무늬,차량상해,M,남지읍 남포길,경상남도 창녕군,보호중,http://openapi.animal.go.kr/openapi/service/rest/fileDownloadSrvc/files/shelter/2026/04/202605171905381.jpg
447502202600285,한국 고양이,흰색/검은색 얼룩무늬,"2주추정, 호흡기질환으로 어미에개 돌봄을 받지 못함, 기력은 있으나 밥을 잘 안먹을려고 함",F,경상북도 포항시 남구 상도로 58,경상북도 포항시,보호중,http://openapi.animal.go.kr/openapi/service/rest/fileDownloadSrvc/files/shelter/2026/05/202605171105876.jpg
445464202601742,한국 고양이,레몬색&흰색,쓰레기통 주변에서 발견 ,M,기린대로 400-61,전북특별자치도 전주시,보호중,http://openapi.animal.go.kr/openapi/service/rest/fileDownloadSrvc/files/shelter/2026/04/202605171505550.jpg
443571202601156,믹스묘,갈색,순한 성격으로 엉덩이쪽에 외상있음,M,"방서교-장평교 사이, 분평동 방향 무심천 산책로",충청북도 청주시,보호중,http://openapi.animal.go.kr/openapi/service/rest/fileDownloadSrvc/files/shelter/2026/04/202605171805832.jpeg
443571202601154,한국 고양이,기타(치즈),임보중이나 입양신청/입양문의 가능!  4/3일생 이유식단계의 귀여운 아기 고양이,M,청주시 반려동물 보호센터 내,충청북도 청주시,보호중,http://openapi.animal.go.kr/openapi/service/rest/fileDownloadSrvc/files/shelter/2026/04/202605171505559.jpeg
443571202601153,한국 고양이,기타(고등어),임보중이나 입양신청/입양문의 가능! 4/3일생 이유식단계의 귀여운 아기 고양이,F,청주시 반려동물 보호센터 내,충청북도 청주시,보호중,http://openapi.animal.go.kr/openapi/service/rest/fileDownloadSrvc/files/shelter/2026/04/202605171505440.jpeg
443571202601152,한국 고양이,기타(삼색이),입양전제 임보중,F,청주시 반려동물 보호센터 내,충청북도 청주시,보호중,http://openapi.animal.go.kr/openapi/service/rest/fileDownloadSrvc/files/shelter/2026/04/202605171505386.jpeg
441399202600838,한국 고양이,검은색흰색황토색조합, 사람을 좋아하고 귀여운 아이,F,남양주시동물보호센터,경기도 남양주시,보호중,http://openapi.animal.go.kr/openapi/service/rest/fileDownloadSrvc/files/shelter/2026/04/202605171505554.jpg
441399202600837,한국 고양이,검은색흰색황토색조합,착하고 사람 손길을 잘 따름,F,남양주시동물보호센터,경기도 남양주시,보호중,http://openapi.animal.go.kr/openapi/service/rest/fileDownloadSrvc/files/shelter/2026/04/202605171505442.jpg
441399202600836,한국 고양이,검은색흰색황토색조합, 사람을 좋아하고 귀여운 아이,F,남양주시 동물보호센터,경기도 남양주시,보호중,http://openapi.animal.go.kr/openapi/service/rest/fileDownloadSrvc/files/shelter/2026/04/202605171505198.jpg
441399202600835,한국 고양이,검은색흰색황토색조합,순하고  귀여우며 사람을 좋아함,F,남양주시 동물보호센터,경기도 남양주시,보호중,http://openapi.animal.go.kr/openapi/service/rest/fileDownloadSrvc/files/shelter/2026/04/20260517150551.jpg
441399202600833,한국 고양이,기타(치즈),착하고 사람 손길을 잘 따름,Q,남양주시동물보호센터,경기도 남양주시,보호중,http://openapi.animal.go.kr/openapi/service/rest/fileDownloadSrvc/files/shelter/2026/04/202605171305758.png
441386202600650,한국 고양이,흰색/검은색 얼룩무늬,"입소당시 기력없음, 기립불능, 골반골절, 예후 매우불량, TNR되어있음, 구내염",M,경기도 부천시 소사로 837 ,경기도 부천시,종료(자연사),http://openapi.animal.go.kr/openapi/service/rest/fileDownloadSrvc/files/shelter/2026/04/202605171405727.jpg
441378202600627,한국 고양이,검은색흰색황토색조합,코마로 상태 매우 나쁨,F,자혜로10번길22-1,경기도 성남시,종료(안락사),http://openapi.animal.go.kr/openapi/service/rest/fileDownloadSrvc/files/shelter/2026/04/202605172005908.jpg
431372202600342,한국 고양이,흰색/검은색 얼룩무늬,건강함,Q,북구농소3동 대동황토방아파트,울산광역시 북구,보호중,http://openapi.animal.go.kr/openapi/service/rest/fileDownloadSrvc/files/shelter/2026/05/202605172305245.jpg
431372202600341,한국 고양이,레몬색&흰색,건강함,Q,북구농소3동 대동황토방아파트,울산광역시 북구,보호중,http://openapi.animal.go.kr/openapi/service/rest/fileDownloadSrvc/files/shelter/2026/05/202605172305923.jpg
431372202600340,한국 고양이,레몬색&흰색,얼굴에서 목까지 긁힌 상처 있음,Q,북구농소3동 대동황토방아파트,울산광역시 북구,보호중,http://openapi.animal.go.kr/openapi/service/rest/fileDownloadSrvc/files/shelter/2026/05/20260517230547.jpg
431372202600339,한국 고양이,흰색/검은색 얼룩무늬,건강함,Q,북구농소3동 대동황토방아파트,울산광역시 북구,보호중,http://openapi.animal.go.kr/openapi/service/rest/fileDownloadSrvc/files/shelter/2026/05/202605172305647.jpg
431372202600338,한국 고양이,레몬색&흰색,"태어난 일자에 비해 체중이 과다하게 높음, 유의 필요",Q,오치골,울산광역시 북구,보호중,http://openapi.animal.go.kr/openapi/service/rest/fileDownloadSrvc/files/shelter/2026/05/202605172305787.jpg
431369202600269,한국 고양이,평행·전체·부분줄무늬,교통사고,M,학성공원,울산광역시 중구,보호중,http://openapi.animal.go.kr/openapi/service/rest/fileDownloadSrvc/files/shelter/2026/04/202605170705669.jpg
429360202600227,한국 고양이,레몬색&흰색,26-7134,M,서구 화운로 7-31,광주광역시 서구,종료(기증),http://openapi.animal.go.kr/openapi/service/rest/fileDownloadSrvc/files/shelter/2026/05/202605171405577.jpg
429360202600226,한국 고양이,레몬색&흰색,26-7133,F,서구 화운로 7-31,광주광역시 서구,종료(기증),http://openapi.animal.go.kr/openapi/service/rest/fileDownloadSrvc/files/shelter/2026/05/202605171405525.jpg
429360202600225,한국 고양이,레몬색&흰색,26-7132,M,서구 화운로 7-31,광주광역시 서구,종료(기증),http://openapi.animal.go.kr/openapi/service/rest/fileDownloadSrvc/files/shelter/2026/05/202605171405961.jpg
429360202600224,한국 고양이,흰색/검은색 얼룩무늬,26-7131,M,서구 화운로 7-31,광주광역시 서구,종료(기증),http://openapi.animal.go.kr/openapi/service/rest/fileDownloadSrvc/files/shelter/2026/05/202605171405692.jpg
447523202600338,한국 고양이,레몬색&흰색,길거리 아기천사가 또 우리보호소에 놀러왔어요~,Q,예천읍 대심리,경상북도 예천군,보호중,http://openapi.animal.go.kr/openapi/service/rest/fileDownloadSrvc/files/shelter/2026/05/202605221105116.jpeg
443445202600323,한국 고양이,검은색흰색황토색조합,피모상태양호/전반적인 건강상태 양호,F,진천군 백곡면 안구수길 34-31,충청북도 진천군,보호중,http://openapi.animal.go.kr/openapi/service/rest/fileDownloadSrvc/files/shelter/2026/05/202605220805748.jpg
443445202600322,한국 고양이,검은색흰색황토색조합,피모상태양호/전반적인 건강상태 양호,F,진천군 백곡면 안구수길 34-31,충청북도 진천군,보호중,http://openapi.animal.go.kr/openapi/service/rest/fileDownloadSrvc/files/shelter/2026/05/202605220805296.jpg
443445202600321,한국 고양이,검은색흰색황토색조합,피모상태양호/전반적인 건강상태 양호,F,진천군 백곡면 안구수길 34-31,충청북도 진천군,보호중,http://openapi.animal.go.kr/openapi/service/rest/fileDownloadSrvc/files/shelter/2026/05/202605220805462.jpg
443445202600320,한국 고양이,검은색흰색황토색조합,피모상태양호/전반적인 건강상태 양호,F,진천군 백곡면 안구수길 34-31,충청북도 진천군,보호중,http://openapi.animal.go.kr/openapi/service/rest/fileDownloadSrvc/files/shelter/2026/05/202605220805807.jpg
443445202600319,한국 고양이,검은색흰색황토색조합,피모상태양호/전반적인 건강상태 양호,F,진천군 백곡면 안구수길 34-31,충청북도 진천군,보호중,http://openapi.animal.go.kr/openapi/service/rest/fileDownloadSrvc/files/shelter/2026/05/20260522080520.jpg
445479202600513,믹스묘,기타(고등어색),새끼 고양이 (35~40일정도),Q, 행안면 신목길,전북특별자치도 부안군,보호중,http://openapi.animal.go.kr/openapi/service/rest/fileDownloadSrvc/files/shelter/2026/05/202605180905985.jpg
445479202600510,믹스묘,"기타(검,회,흰)",새끼 고양이 (35~40일정도),Q, 행안면 신목길,전북특별자치도 부안군,보호중,http://openapi.animal.go.kr/openapi/service/rest/fileDownloadSrvc/files/shelter/2026/05/202605180905917.jpg
445468202601232,한국 고양이,검은색흰색황토색조합,생후35일정도로 보이며 경계심은 있지만 순함.,F,익산시 동산동 158-15,전북특별자치도 익산시,보호중,http://openapi.animal.go.kr/openapi/service/rest/fileDownloadSrvc/files/shelter/2026/04/202605181105113.jpg
445468202601231,한국 고양이,검은색흰색황토색조합,생후35일정도로 보이며 경계심은 있지만 순함.,F,익산시 동산동 158-15,전북특별자치도 익산시,보호중,http://openapi.animal.go.kr/openapi/service/rest/fileDownloadSrvc/files/shelter/2026/04/202605181105880.jpg
445468202601230,한국 고양이,검정색,생후35일정도로 보이며 경계심은 있지만 순함.,M,익산시 동산동 158-15,전북특별자치도 익산시,보호중,http://openapi.animal.go.kr/openapi/service/rest/fileDownloadSrvc/files/shelter/2026/04/20260518110533[2].jpg
445468202601229,한국 고양이,검정색,생후35일정도로 보이며 경계심은 있지만 순함.,M,익산시 동산동 158-15,전북특별자치도 익산시,보호중,http://openapi.animal.go.kr/openapi/service/rest/fileDownloadSrvc/files/shelter/2026/04/202605181105232.jpg
445468202601228,한국 고양이,검은색흰색황토색조합,생후35일정도로 보이며 경계심은 있지만 순함.,M,익산시 동산동 158-15,전북특별자치도 익산시,보호중,http://openapi.animal.go.kr/openapi/service/rest/fileDownloadSrvc/files/shelter/2026/04/20260518110580.jpg
445468202601226,한국 고양이,흰색/검은색 얼룩무늬,"눈도 못뜬 새끼로, 파리유충이 많이 붙어있음",M,왕궁면 금광길 54-12,전북특별자치도 익산시,보호중,http://openapi.animal.go.kr/openapi/service/rest/fileDownloadSrvc/files/shelter/2026/04/20260518110534.jpg
441374202600586,한국 고양이,기타(갈백색),어림(1개월미만),Q,영통구 창룡대로 370-1(이의동),경기도 수원시,보호중,http://openapi.animal.go.kr/openapi/service/rest/fileDownloadSrvc/files/shelter/2026/04/202605181005246.jpg
428356202600611,한국 고양이,검정색,"순하고 귀여움, 누런 콧물 흘림, 겁 많은 소심쟁이",M,신현동 308-5,인천광역시 서구,보호중,http://openapi.animal.go.kr/openapi/service/rest/fileDownloadSrvc/files/shelter/2026/04/202605161805330.jpg
428353202600415,한국 고양이,흰색/검은색 얼룩무늬,눈꼽많이낌,F,남동구청,인천광역시 남동구,보호중,http://openapi.animal.go.kr/openapi/service/rest/fileDownloadSrvc/files/shelter/2026/05/202605161605909.jpg
426334202600358,한국 고양이,흰색/검은색 얼룩무늬,"젖먹이,탈수,영양상태부족",Q,다송로 59,부산광역시 사하구,보호중,http://openapi.animal.go.kr/openapi/service/rest/fileDownloadSrvc/files/shelter/2026/04/202605181505445.jpg
426334202600357,한국 고양이,흰색/검은색 얼룩무늬,"젖먹이,탈수,영양상태부족",Q,다송로 59,부산광역시 사하구,보호중,http://openapi.animal.go.kr/openapi/service/rest/fileDownloadSrvc/files/shelter/2026/04/202605181505396.jpg
426334202600356,한국 고양이,흰색/검은색 얼룩무늬,"젖먹이,탈수,영양상태부족",Q,다송로 59,부산광역시 사하구,보호중,http://openapi.animal.go.kr/openapi/service/rest/fileDownloadSrvc/files/shelter/2026/04/202605181505870.jpg
426328202600121,한국 고양이,기타(황색흰색),"탈수, 몸을 제대로 못가눔, 기력없음",M,영도구청,부산광역시 영도구,보호중,http://openapi.animal.go.kr/openapi/service/rest/fileDownloadSrvc/files/shelter/2026/04/20260518180526.jpg
411323202600435,한국 고양이,흰색/검은색 얼룩무늬,코 분홍. 눈곱. 콧물. 기력 없음. ,F,서울 송파구 오금로20길 4-11 (송파동) 인근,서울특별시 송파구,보호중,http://openapi.animal.go.kr/openapi/service/rest/fileDownloadSrvc/files/shelter/2026/04/202605181605899.jpg
411321202600182,한국 고양이,레몬색&흰색,코 분홍. 눈곱. 콧물. 이표. 피부 질환. 기력 없음. 저체온. 기립 불능. ,M,"서울 서초구 태봉로2길 65 (우면동, 서초네이처힐4단지)",서울특별시 서초구,종료(자연사),http://openapi.animal.go.kr/openapi/service/rest/fileDownloadSrvc/files/shelter/2026/04/202605181605373.jpg
411305202600283,한국 고양이,레몬색&흰색,온순. 얌전. 코 분홍. 이표. 눈곱. 양 후지 마비. 혈뇨. 기력 없음. ,F,"서울 동대문구 장안벚꽃로 107 (장안동, 장안현대홈타운)",서울특별시 동대문구,보호중,http://openapi.animal.go.kr/openapi/service/rest/fileDownloadSrvc/files/shelter/2026/04/202605181605889.jpg
446480202600456,한국 고양이,레몬색&흰색,어미없이 발견된 자묘,M,포미1차@,전라남도 목포시,종료(반환),http://openapi.animal.go.kr/openapi/service/rest/fileDownloadSrvc/files/shelter/2026/04/202605162005207.jpg
445467202601052,믹스묘,기타(고등어),생후 4주 추정,F,서래2길6-10,전북특별자치도 군산시,보호중,http://openapi.animal.go.kr/openapi/service/rest/fileDownloadSrvc/files/shelter/2026/04/202605171505777.jpg
442423202600207,한국 고양이,레몬색&흰색,생후2주미만,M,대포해맛이공원,강원특별자치도 속초시,보호중,http://openapi.animal.go.kr/openapi/service/rest/fileDownloadSrvc/files/shelter/2026/05/202605171505756.jpg
448537202601078,한국 고양이,검은색흰색황토색조합,눈 상태 안좋음,Q,거제소방서,경상남도 거제시,보호중,http://openapi.animal.go.kr/openapi/service/rest/fileDownloadSrvc/files/shelter/2026/05/202605161705481.jpg
447502202600282,한국 고양이,레몬색&흰색,"등과 얼굴에 엉망진창으로 상처가 있음, 병원진료 완료, 약 먹으면서 회복중",F,경상북도 포항시 남구 죽도동 보담동물병원 인근,경상북도 포항시,보호중,http://openapi.animal.go.kr/openapi/service/rest/fileDownloadSrvc/files/shelter/2026/05/20260516120509.jpg
446483202600690,한국 고양이,기타(갈검),생후2개월정도로보임 온순함,F,나주시다시면다시로185다시파출소,전라남도 나주시,보호중,http://openapi.animal.go.kr/openapi/service/rest/fileDownloadSrvc/files/shelter/2026/04/202605161605568[1].jpg
444449202601163,한국 고양이,기타(고등어),"tnr개체, 경계심함, 교통사고 추정, 우측 후지골절 및 혈뇨",M,동남구 안서동 백석대학교 앞 ,충청남도 천안시,보호중,http://openapi.animal.go.kr/openapi/service/rest/fileDownloadSrvc/files/shelter/2026/05/20260516160553.jpg
443571202601147,한국 고양이,기타(고등어),입양전제임보중,F,낭성면 지산길,충청북도 청주시,종료(자연사),http://openapi.animal.go.kr/openapi/service/rest/fileDownloadSrvc/files/shelter/2026/05/202605161505547.jpeg
443443202600339,한국 고양이,레몬색&흰색,[관리번호181]옥천읍 서정리에 위치한 민가에서 발견,M,옥천읍,충청북도 옥천군,보호중,http://openapi.animal.go.kr/openapi/service/rest/fileDownloadSrvc/files/shelter/2026/05/202605161905920.jpeg
443443202600338,한국 고양이,검은색흰색황토색조합,[관리번호180]동이면 남곡리에 위치한 민가에서 발견,M,동이면,충청북도 옥천군,보호중,http://openapi.animal.go.kr/openapi/service/rest/fileDownloadSrvc/files/shelter/2026/05/202605161905762.jpeg
443443202600337,한국 고양이,검정색,"[관리번호179]군북면 자모리에 위치한 창고안에서 관리번호 177, 178와 함께 발견",M,군북면,충청북도 옥천군,보호중,http://openapi.animal.go.kr/openapi/service/rest/fileDownloadSrvc/files/shelter/2026/05/202605161905750.jpeg
443443202600336,한국 고양이,검은색흰색황토색조합,"[관리번호178]군북면 자모리에 위치한 창고안에서 관리번호 177, 179와 함께 발견",F,군북면,충청북도 옥천군,보호중,http://openapi.animal.go.kr/openapi/service/rest/fileDownloadSrvc/files/shelter/2026/05/202605161905654.jpeg
443443202600335,한국 고양이,검은색흰색황토색조합,"[관리번호177]군북면 자모리에 위치한 창고안에서 관리번호 178, 179와 함께 발견",F,군북면,충청북도 옥천군,보호중,http://openapi.animal.go.kr/openapi/service/rest/fileDownloadSrvc/files/shelter/2026/05/202605161905434.jpeg
441402202600266,한국 고양이,기타(갈흑백),"4주추정,수유필요,탈수심함,기력없음,예후불량",F,군포시청에서 인수,경기도 군포시,보호중,http://openapi.animal.go.kr/openapi/service/rest/fileDownloadSrvc/files/shelter/2026/05/202605161605869.jpg
441399202600831,레그돌,기타(갈색 흰색),착하고 사람 손길을 잘 따름,F,덕소리 두산A 상황실,경기도 남양주시,보호중,http://openapi.animal.go.kr/openapi/service/rest/fileDownloadSrvc/files/shelter/2026/04/202605161305614.png
441394202600994,한국 고양이,기타(검정흰색),"유기묘 / 오른쪽귀커팅,파란색목줄착용",M,삼송동78-33부근,경기도 고양시,보호중,http://openapi.animal.go.kr/openapi/service/rest/fileDownloadSrvc/files/shelter/2026/04/202605161505902.jpg
441393202600586,한국 고양이,기타(흑백),"수유필요,설사심함",F,다문화1길58 부근,경기도 안산시,보호중,http://openapi.animal.go.kr/openapi/service/rest/fileDownloadSrvc/files/shelter/2026/05/202605161605285.jpg
441378202600626,한국 고양이,흰색/검은색 얼룩무늬,2일 추정,F,양현로 14,경기도 성남시,보호중,http://openapi.animal.go.kr/openapi/service/rest/fileDownloadSrvc/files/shelter/2026/04/202605161105342.jpg
431369202600268,한국 고양이,레몬색&흰색,교통사고,F,신기3길 35-1,울산광역시 중구,보호중,http://openapi.animal.go.kr/openapi/service/rest/fileDownloadSrvc/files/shelter/2026/04/202605161105593.jpg
427514202600107,한국 고양이,검은색흰색황토색조합,"새끼 고양이, 기운이 살짝 떨어짐 ",F,군위읍 수서리,대구광역시 군위군,보호중,http://openapi.animal.go.kr/openapi/service/rest/fileDownloadSrvc/files/shelter/2026/05/202605161405320.jpg
427514202600106,한국 고양이,검은색흰색황토색조합,"새끼고양이, 사람손잘탐",F,군위읍 수서리,대구광역시 군위군,보호중,http://openapi.animal.go.kr/openapi/service/rest/fileDownloadSrvc/files/shelter/2026/05/20260516140514.jpg
427514202600105,한국 고양이,흰색/검은색 얼룩무늬,"새끼고양이, 기운이 살짝 떨어짐",M,군위읍 수서리,대구광역시 군위군,보호중,http://openapi.animal.go.kr/openapi/service/rest/fileDownloadSrvc/files/shelter/2026/05/20260516140562.jpg
427514202600104,한국 고양이,검은색흰색황토색조합,"새끼고양이, 기운이 살짝 떨어짐",F,군위읍 수서리,대구광역시 군위군,보호중,http://openapi.animal.go.kr/openapi/service/rest/fileDownloadSrvc/files/shelter/2026/05/202605161405486.jpg
427514202600103,한국 고양이,검은색흰색황토색조합,"새끼고양이, 기운이 살짝 떨어짐",F,군위읍 수서리,대구광역시 군위군,보호중,http://openapi.animal.go.kr/openapi/service/rest/fileDownloadSrvc/files/shelter/2026/05/202605161405462.jpg
427514202600102,한국 고양이,검은색흰색황토색조합,손을 어느정도 타지만 경계심이 있음,F,군위읍 수서리,대구광역시 군위군,보호중,http://openapi.animal.go.kr/openapi/service/rest/fileDownloadSrvc/files/shelter/2026/05/202605161405918.jpg
427346202600512,한국 고양이,기타(검흰),양쪽 눈이 안좋음 한쪽은 돌출 된 듯 보임. 초롱이라 부르고 있어요,F,지산역 근처,대구광역시 수성구,보호중,http://openapi.animal.go.kr/openapi/service/rest/fileDownloadSrvc/files/shelter/2026/04/202605161705500.jpg
427346202600511,한국 고양이,기타(고등어),귀엽고 순해요 ,M,수성시장네거리,대구광역시 수성구,보호중,http://openapi.animal.go.kr/openapi/service/rest/fileDownloadSrvc/files/shelter/2026/04/202605161705988.jpg
427343202600398,한국 고양이,검은색흰색황토색조합,온순하고 예쁨,F,황제맨션화단,대구광역시 서구,보호중,http://openapi.animal.go.kr/openapi/service/rest/fileDownloadSrvc/files/shelter/2026/05/202605161105157.jpg
426331202600158,믹스묘,기타(검+갈+흰),"수유 필요, 영양상태 불량, 기력 저하, 검+갈+흰",F,못골번영로60번길 9 ,부산광역시 남구,보호중,http://openapi.animal.go.kr/openapi/service/rest/fileDownloadSrvc/files/shelter/2026/04/202605161105179.jpg
426331202600157,믹스묘,기타(검+흰),"탯줄에 엉킨 채 구조, 영양상태 불량, 기력 저하, 검+흰",M,진남로46번길 47,부산광역시 남구,보호중,http://openapi.animal.go.kr/openapi/service/rest/fileDownloadSrvc/files/shelter/2026/04/202605161105936.jpg
426331202600156,믹스묘,기타(검+흰),"탯줄에 엉킨 채 구조, 영양상태 불량, 기력 저하, 검+흰",F,진남로46번길 47,부산광역시 남구,보호중,http://openapi.animal.go.kr/openapi/service/rest/fileDownloadSrvc/files/shelter/2026/04/202605161105696.jpg
426331202600155,믹스묘,기타(검+흰),"탯줄에 엉킨 채 구조, 영양상태 불량, 기력 저하, 검+흰",M,진남로46번길 47,부산광역시 남구,보호중,http://openapi.animal.go.kr/openapi/service/rest/fileDownloadSrvc/files/shelter/2026/04/202605161105758.jpg
426331202600154,믹스묘,기타( 검+흰),"탯줄에 엉킨 채 구조, 영양상태 불량, 기력 저하, 검+흰",M,진남로46번길 47,부산광역시 남구,보호중,http://openapi.animal.go.kr/openapi/service/rest/fileDownloadSrvc/files/shelter/2026/04/202605161105702.jpg
426331202600153,믹스묘,기타(검+흰),"탯줄에 엉킨 채 구조, 영양상태 불량, 기력 저하, 검+흰",M,진남로46번길 47,부산광역시 남구,보호중,
426331202600152,믹스묘,기타(검+갈),"수유 필요, 안질환, 영양상태 불량, 기력 저하, 검+갈",F,용당동 100-9,부산광역시 남구,보호중,http://openapi.animal.go.kr/openapi/service/rest/fileDownloadSrvc/files/shelter/2026/04/202605161105381.jpg
426331202600151,믹스묘,기타(검+갈+흰),"수유 필요, 안질환, 영양상태 불량, 기력 저하, 검+갈+흰",M,용당동 100-9,부산광역시 남구,보호중,http://openapi.animal.go.kr/openapi/service/rest/fileDownloadSrvc/files/shelter/2026/04/202605161105865.jpg
411319202600224,한국 고양이,기타(검흰색),인공 수유 필요함. 눈 떴음. 생후 2주령 추정.,F,사당동,서울특별시 동작구,보호중,http://openapi.animal.go.kr/openapi/service/rest/fileDownloadSrvc/files/shelter/2026/05/202605161505858.jpg
411319202600223,한국 고양이,기타(검흰색),인공 수유 필요함.눈 떴음.생후 2주 정도로 추정,M,사당동,서울특별시 동작구,보호중,http://openapi.animal.go.kr/openapi/service/rest/fileDownloadSrvc/files/shelter/2026/05/202605161505958.jpg
429360202600223,한국 고양이,레몬색&흰색,26-7130,M,서구 화정동,광주광역시 서구,종료(자연사),http://openapi.animal.go.kr/openapi/service/rest/fileDownloadSrvc/files/shelter/2026/04/202605161605114.jpg
429359202600295,한국 고양이,검정색,26-7128,F,동구 대인동,광주광역시 동구,종료(자연사),http://openapi.animal.go.kr/openapi/service/rest/fileDownloadSrvc/files/shelter/2026/04/202605161605759.jpg
429363202600294,한국 고양이,흰색/검은색 얼룩무늬,26-7129,M,광산구 첨단건영,광주광역시 광산구,종료(자연사),http://openapi.animal.go.kr/openapi/service/rest/fileDownloadSrvc/files/shelter/2026/04/202605161605661.jpg
429363202600293,한국 고양이,흰색/검은색 얼룩무늬,26-7127,M,광산구 운수동,광주광역시 광산구,종료(자연사),http://openapi.animal.go.kr/openapi/service/rest/fileDownloadSrvc/files/shelter/2026/04/202605161605233.jpg
429361202600155,한국 고양이,검은색흰색황토색조합,25-7126,F,남구 월산동,광주광역시 남구,종료(자연사),http://openapi.animal.go.kr/openapi/service/rest/fileDownloadSrvc/files/shelter/2026/04/202605161605763.jpg
429362202600294,한국 고양이,레몬색&흰색,25-7125,M,북구 중흥동,광주광역시 북구,종료(자연사),http://openapi.animal.go.kr/openapi/service/rest/fileDownloadSrvc/files/shelter/2026/04/202605161605548.jpg
442424202600273,한국 고양이,"기타(검,흰색)",생후 2~3주 추정,M,도계읍 육백산길 21-13,강원특별자치도 삼척시,보호중,http://openapi.animal.go.kr/openapi/service/rest/fileDownloadSrvc/files/shelter/2026/04/202605180905919.jpg
428355202600210,한국 고양이,평행·전체·부분줄무늬,"원기부족,기관지염증상있슴",M,계양소방서(임학동 69-25),인천광역시 계양구,보호중,http://openapi.animal.go.kr/openapi/service/rest/fileDownloadSrvc/files/shelter/2026/05/202605182305855.jpg
428355202600209,한국 고양이,기타(갈검색),"원기부족,기관지염증상있슴",M,계양소방서(임학동 69-25),인천광역시 계양구,보호중,http://openapi.animal.go.kr/openapi/service/rest/fileDownloadSrvc/files/shelter/2026/05/202605182305951.jpg
428355202600208,한국 고양이,평행·전체·부분줄무늬,"원기부족,기관지염증상있슴",F,계양소방서(임학동 69-25),인천광역시 계양구,보호중,http://openapi.animal.go.kr/openapi/service/rest/fileDownloadSrvc/files/shelter/2026/05/202605182305224.jpg
428355202600207,한국 고양이,검은색흰색황토색조합,"사람을 경계함,자묘 수유중",F,계양소방서(임학동 69-25),인천광역시 계양구,보호중,http://openapi.animal.go.kr/openapi/service/rest/fileDownloadSrvc/files/shelter/2026/05/20260518230592.jpg
411302202600249,한국 고양이,레몬색&흰색,양호하고 친근함. ,F,청파로 304  삼일교회주변,서울특별시 용산구,보호중,http://openapi.animal.go.kr/openapi/service/rest/fileDownloadSrvc/files/shelter/2026/04/202605151605863.jpg
411302202600248,한국 고양이,검정색,양호하고 친근함. ,F,청파로327 주택가,서울특별시 용산구,보호중,http://openapi.animal.go.kr/openapi/service/rest/fileDownloadSrvc/files/shelter/2026/04/202605151605937[1].jpg
411302202600247,한국 고양이,검은색흰색황토색조합,양호하고 친근함. ,F,청파로327 주택가,서울특별시 용산구,보호중,http://openapi.animal.go.kr/openapi/service/rest/fileDownloadSrvc/files/shelter/2026/04/202605151605979.jpg
448535202600357,한국 고양이,검정색,"김해시-341, 3개월미만 추정, 어미잃은 젖먹이 새끼 고양이, 3두 입소",Q,김해시 한림면 장방리 2036,경상남도 김해시,보호중,http://openapi.animal.go.kr/openapi/service/rest/fileDownloadSrvc/files/shelter/2026/05/202605180905390.png
448535202600356,한국 고양이,검정색,"김해시-340, 3개월미만 추정, 어미잃은 젖먹이 새끼 고양이, 3두 입소",Q,김해시 한림면 장방리 2036,경상남도 김해시,보호중,http://openapi.animal.go.kr/openapi/service/rest/fileDownloadSrvc/files/shelter/2026/05/202605180905775.png
448535202600355,한국 고양이,검정색,"김해시-339, 3개월미만 추정, 어미잃은 젖먹이 새끼 고양이, 3두 입소",Q,김해시 한림면 장방리 2036,경상남도 김해시,보호중,http://openapi.animal.go.kr/openapi/service/rest/fileDownloadSrvc/files/shelter/2026/05/202605180905138.png
448535202600354,한국 고양이,검은색흰색황토색조합,"김해시-338, 3개월미만 추정, 어미잃은 젖먹이 새끼 고양이, 3두 입소",Q,김해시 가락로 282,경상남도 김해시,보호중,http://openapi.animal.go.kr/openapi/service/rest/fileDownloadSrvc/files/shelter/2026/05/202605180905220.png
448535202600353,한국 고양이,검은색흰색황토색조합,"김해시-337, 3개월미만 추정, 어미잃은 젖먹이 새끼 고양이, 3두 입소",Q,김해시 가락로 282,경상남도 김해시,보호중,http://openapi.animal.go.kr/openapi/service/rest/fileDownloadSrvc/files/shelter/2026/05/202605180905410.png
448535202600352,한국 고양이,검은색흰색황토색조합,"김해시-336, 3개월미만 추정, 어미잃은 젖먹이 새끼 고양이, 3두 입소",Q,김해시 가락로 282,경상남도 김해시,보호중,http://openapi.animal.go.kr/openapi/service/rest/fileDownloadSrvc/files/shelter/2026/05/202605180905117.png
444455202600350,믹스묘,기타(회색),4마리 유기,Q,부리중학교,충청남도 금산군,보호중,http://openapi.animal.go.kr/openapi/service/rest/fileDownloadSrvc/files/shelter/2026/05/202605180905875.jpg
444455202600349,믹스묘,기타(회색),4마리 유기,Q,부리중학교,충청남도 금산군,종료(자연사),http://openapi.animal.go.kr/openapi/service/rest/fileDownloadSrvc/files/shelter/2026/05/202605180905933.jpg
444455202600348,믹스묘,갈색,4마리 유기,Q,부리중하교,충청남도 금산군,보호중,http://openapi.animal.go.kr/openapi/service/rest/fileDownloadSrvc/files/shelter/2026/05/20260518090581.jpg
444455202600347,믹스묘,갈색,4마리 유기,Q,부리중학교,충청남도 금산군,보호중,http://openapi.animal.go.kr/openapi/service/rest/fileDownloadSrvc/files/shelter/2026/05/202605180905831.jpg
444454202600752,한국 고양이,레몬색&흰색,"교통사고추정,예후불량",M,은진면,충청남도 논산시,종료(안락사),http://openapi.animal.go.kr/openapi/service/rest/fileDownloadSrvc/files/shelter/2026/05/202605181505192.jpg
431371202600278,한국 고양이,흰색/검은색 얼룩무늬,건강함,Q,서부동 지웰아파트,울산광역시 동구,보호중,http://openapi.animal.go.kr/openapi/service/rest/fileDownloadSrvc/files/shelter/2026/05/202605151905588.jpg
431369202600270,한국 고양이,기타(갈색&흰색),구조당시 등에 상처있어 치료함,Q,향교1길,울산광역시 중구,보호중,http://openapi.animal.go.kr/openapi/service/rest/fileDownloadSrvc/files/shelter/2026/04/202605181105238.jpg
428351202600294,한국 고양이,기타(삼색),어미가 도망가고 없고 너무 어려서 분유로 보호해야 함,F,독배로183 현대블루핸즈 송도종합서비스 내,인천광역시 미추홀구,종료(자연사),http://openapi.animal.go.kr/openapi/service/rest/fileDownloadSrvc/files/shelter/2026/04/202605151905154.jpg
428351202600293,한국 고양이,레몬색&흰색,어미가 도망가고 없고 너무 어려서 분유로 보호해야 함,M,독배로183 현대블루핸즈 송도종합서비스 내,인천광역시 미추홀구,종료(자연사),http://openapi.animal.go.kr/openapi/service/rest/fileDownloadSrvc/files/shelter/2026/04/202605151905517.jpg
427348202600509,한국 고양이,검은색흰색황토색조합,"기력 부진, 결막염",F,다사읍 매곡로4길 9,대구광역시 달성군,종료(자연사),http://openapi.animal.go.kr/openapi/service/rest/fileDownloadSrvc/files/shelter/2026/04/20260515170528[1].jpg
426339202600118,한국 고양이,검은색흰색황토색조합,"경계심, 털에때가많이탐,영양상태부족",F,"가야대로 170, 현대모비스",부산광역시 사상구,보호중,http://openapi.animal.go.kr/openapi/service/rest/fileDownloadSrvc/files/shelter/2026/04/20260518150583.jpg
426334202600360,한국 고양이,흰색/검은색 얼룩무늬,"젖먹이,안질환,영양상태부족",Q,"을숙도대로 522, 동성케미칼 건너편",부산광역시 사하구,보호중,http://openapi.animal.go.kr/openapi/service/rest/fileDownloadSrvc/files/shelter/2026/04/202605181505841[1].jpg
426334202600359,한국 고양이,레몬색&흰색,"젖먹이,안질환,영양상태부족",Q,"을숙도대로 522, 동성케미칼 건너편",부산광역시 사하구,보호중,http://openapi.animal.go.kr/openapi/service/rest/fileDownloadSrvc/files/shelter/2026/04/202605181505551.jpg
426334202600355,한국 고양이,레몬색&흰색,"3개월미만 추정, 어미없이버려짐,영양상태부족",Q,"을숙도대로 522, 동성케미칼 건너편",부산광역시 사하구,보호중,http://openapi.animal.go.kr/openapi/service/rest/fileDownloadSrvc/files/shelter/2026/04/202605181505956.jpg
426334202600354,한국 고양이,레몬색&흰색,"3개월미만 추정, 어미없이버려짐,영양상태부족",Q,"을숙도대로 522, 동성케미칼 건너편",부산광역시 사하구,보호중,http://openapi.animal.go.kr/openapi/service/rest/fileDownloadSrvc/files/shelter/2026/04/202605181505165[2].jpg
426330202600077,믹스묘,기타(삼색),"안질환, 기력 저하",F,수안역 부근,부산광역시 동래구,보호중,http://openapi.animal.go.kr/openapi/service/rest/fileDownloadSrvc/files/shelter/2026/04/202605181305459.jpg
426330202600076,믹스묘,기타(검갈흰),"심한 안질환, 기력 저하",M,수안역 부근,부산광역시 동래구,보호중,http://openapi.animal.go.kr/openapi/service/rest/fileDownloadSrvc/files/shelter/2026/04/20260518130590.jpg
426330202600075,믹스묘,기타(삼색),"안질환, 기력 저하",F,수안역 부근,부산광역시 동래구,보호중,http://openapi.animal.go.kr/openapi/service/rest/fileDownloadSrvc/files/shelter/2026/04/202605181305958.jpg
411321202600181,한국 고양이,검은색흰색황토색조합,코 살구색. 눈곱. 콧물. 털상태 양호.,F,서울 서초구 반포동 120-2 인근,서울특별시 서초구,보호중,http://openapi.animal.go.kr/openapi/service/rest/fileDownloadSrvc/files/shelter/2026/05/20260516170524.jpg
411313202600186,한국 고양이,기타(검은젖소),수유묘 7day 검은젖소 ,M,마포구 광선로16,서울특별시 마포구,종료(자연사),http://openapi.animal.go.kr/openapi/service/rest/fileDownloadSrvc/files/shelter/2026/05/202605151405168.jpg
411313202600185,한국 고양이,기타(고등젖소),수유묘 7day 고등젖소 ,M,마포구 광선로16,서울특별시 마포구,보호중,http://openapi.animal.go.kr/openapi/service/rest/fileDownloadSrvc/files/shelter/2026/05/202605151405989.jpg
450650202601180,한국 고양이,기타(흰노),개체관리번호 26187 - 5개월,M,제주시 용담일동 용담로125,제주특별자치도,종료(자연사),http://openapi.animal.go.kr/openapi/service/rest/fileDownloadSrvc/files/shelter/2026/04/202605161105891.jpg
450650202601179,한국 고양이,기타(삼색),개체관리번호 26186 - 3주차,F,서귀포시 동홍동 1300-2,제주특별자치도,종료(안락사),http://openapi.animal.go.kr/openapi/service/rest/fileDownloadSrvc/files/shelter/2026/04/202605161005310.jpg
450650202601178,한국 고양이,기타(삼색),개체관리번호 26185 - 3주차,F,서귀포시 동홍동 1300-2,제주특별자치도,종료(안락사),http://openapi.animal.go.kr/openapi/service/rest/fileDownloadSrvc/files/shelter/2026/04/202605161005616.jpg
447512202600466,한국 고양이,평행·전체·부분줄무늬,만삭이나 후구마비이며 위중한상태,F,유진청과인근,경상북도 문경시,종료(자연사),http://openapi.animal.go.kr/openapi/service/rest/fileDownloadSrvc/files/shelter/2026/05/202605151605155.jpg
445467202601006,믹스묘,기타(검/흰),3주추정 눈안좋음 기력없음,F,산단동서로 170,전북특별자치도 군산시,종료(자연사),http://openapi.animal.go.kr/openapi/service/rest/fileDownloadSrvc/files/shelter/2026/04/202605161105731.jpg
445467202601005,믹스묘,기타(치즈),3주추정 눈안좋음 기력없음,M,산단동서로 170,전북특별자치도 군산시,종료(자연사),http://openapi.animal.go.kr/openapi/service/rest/fileDownloadSrvc/files/shelter/2026/04/202605161105816.jpg
445464202601739,한국 고양이,검은색흰색황토색조합,사람손 탐,Q,완산구 중화산로 68,전북특별자치도 전주시,보호중,http://openapi.animal.go.kr/openapi/service/rest/fileDownloadSrvc/files/shelter/2026/04/202605161005651.jpg
441560202600466,한국 고양이,기타(검/흰),"기력없음. 저체온. 코 분홍. 눈곱, 아래 앞니 4개 빠짐. 털 때탐.",M,경기 포천시 포천로 1589 (신읍동) 인근,경기도 포천시,종료(자연사),http://openapi.animal.go.kr/openapi/service/rest/fileDownloadSrvc/files/shelter/2026/04/202605161705892.jpg
441560202600465,한국 고양이,기타(갈/흰/검),포유기. 눈곱. 콧물. 코 분홍. 털 상태 양호.,M,경기 포천시 호국로 873 (설운동) 인근,경기도 포천시,보호중,http://openapi.animal.go.kr/openapi/service/rest/fileDownloadSrvc/files/shelter/2026/04/202605161705187.jpg
441560202600464,한국 고양이,기타(갈/흰/검),포유기. 눈곱. 콧물. 코 분홍. 털 상태 양호.,F,경기 포천시 호국로 873 (설운동) 인근,경기도 포천시,보호중,http://openapi.animal.go.kr/openapi/service/rest/fileDownloadSrvc/files/shelter/2026/04/202605161705443.jpg
441560202600463,한국 고양이,기타(갈/흰),포유기. 눈곱. 콧물. 코 분홍. 꼬리 꺾임. 털 상태 양호.,M,경기 포천시 호국로 873 (설운동) 인근,경기도 포천시,보호중,http://openapi.animal.go.kr/openapi/service/rest/fileDownloadSrvc/files/shelter/2026/04/202605161705489[1].jpg
441553202601694,한국 고양이,검은색흰색황토색조합,눈꼽이 있는아이/ 사람에대한 경계가 있음/ 겁이많음,Q,시청로 인근,경기도 화성시,보호중,http://openapi.animal.go.kr/openapi/service/rest/fileDownloadSrvc/files/shelter/2026/05/202605151705598.jpg
441553202601693,한국 고양이,검은색흰색황토색조합,눈이 너무이쁜아이/ 순하고 사람경계 없음/ 호기심이 있음,Q,봉담119,경기도 화성시,보호중,http://openapi.animal.go.kr/openapi/service/rest/fileDownloadSrvc/files/shelter/2026/05/202605151705102.jpg
441406202600521,한국 고양이,기타(검/흰),코분홍/검정. 눈곱. 털 상태 양호.,F,경기 파주시 월롱면 휴암로 12 인근,경기도 파주시,보호중,http://openapi.animal.go.kr/openapi/service/rest/fileDownloadSrvc/files/shelter/2026/04/202605161705725.jpg
441406202600520,한국 고양이,기타(검/갈/흰),코분홍. 눈물자국. 양 후지 이상. 상처. 경계. 예민. 털 상태 양호.,F,경기 파주시 운정역 2번출구 주차장,경기도 파주시,보호중,http://openapi.animal.go.kr/openapi/service/rest/fileDownloadSrvc/files/shelter/2026/04/202605161705586.jpg
441393202600585,한국 고양이,기타(갈백),겁많음,F,고잔로116 부근,경기도 안산시,보호중,http://openapi.animal.go.kr/openapi/service/rest/fileDownloadSrvc/files/shelter/2026/05/202605161605156.jpg
441382202600406,기타,흰색,코 분홍. 이표. 털 상태 양호.,F,경기 의정부시 문화로 38 인근,경기도 의정부시,보호중,http://openapi.animal.go.kr/openapi/service/rest/fileDownloadSrvc/files/shelter/2026/04/202605161705426.jpg
427347202600477,한국 고양이,기타(회색),"어미분리 자묘, 저체온증,상태 매우 나쁨",Q,달서구청 당직실,대구광역시 달서구,종료(자연사),http://openapi.animal.go.kr/openapi/service/rest/fileDownloadSrvc/files/shelter/2026/05/202605161705808.jpg
427347202600475,스코티시폴드,기타(삼색),"미용, 빌라 계단 발견",F,대명천로 12안길 43,대구광역시 달서구,보호중,http://openapi.animal.go.kr/openapi/service/rest/fileDownloadSrvc/files/shelter/2026/05/202605160905765.jpg
427346202600508,한국 고양이,기타(고등어),"오른쪽 상완골 골절, 성격이 너무 좋고 순해요, 짜장이라고 부르고있어요",M,가게 근처,대구광역시 수성구,보호중,http://openapi.animal.go.kr/openapi/service/rest/fileDownloadSrvc/files/shelter/2026/05/202605161405857.jpg
427345202600237,한국 고양이,기타(갈회색),어미분리 자묘,F,유통단지 전자관,대구광역시 북구,보호중,http://openapi.animal.go.kr/openapi/service/rest/fileDownloadSrvc/files/shelter/2026/05/202605161305805.jpg
427344202600176,한국 고양이,기타(흰/검정),"어미분리 자묘, 저체온증,상태 나쁨",Q,대명 119,대구광역시 남구,종료(자연사),http://openapi.animal.go.kr/openapi/service/rest/fileDownloadSrvc/files/shelter/2026/05/202605160905120.jpg
411319202600222,한국 고양이,기타(검흰색),울음소리가 우렁차며 생후 3주령 정도로 추정됨.상태 양호,M,사당동1159,서울특별시 동작구,보호중,http://openapi.animal.go.kr/openapi/service/rest/fileDownloadSrvc/files/shelter/2026/05/202605161205406.jpg
411316202600394,한국 고양이,기타(갈/검/흰),코분홍/검정. 비강출혈. 기력없음. 저체온. 털 상태 양호.,F,서울 구로구 개봉로11길 98 인근,서울특별시 구로구,종료(자연사),http://openapi.animal.go.kr/openapi/service/rest/fileDownloadSrvc/files/shelter/2026/04/20260516170574.jpg
411308202600168,한국 고양이,평행·전체·부분줄무늬,포유기. 코 갈색. 눈곱. 콧물. 꼬리꺾임. 좌안못뜸. 털 상태 양호.,F,서울 강북구 오현로 208 인근,서울특별시 강북구,보호중,http://openapi.animal.go.kr/openapi/service/rest/fileDownloadSrvc/files/shelter/2026/05/202605161805450.jpg
411308202600167,한국 고양이,평행·전체·부분줄무늬,포유기. 눈곱. 콧물. 코 검정. 꼬리 꺾임. 털 상태 양호.,F,서울 강북구 오현로 208 인근,서울특별시 강북구,보호중,http://openapi.animal.go.kr/openapi/service/rest/fileDownloadSrvc/files/shelter/2026/05/202605161705902.jpg
411308202600166,한국 고양이,평행·전체·부분줄무늬,포유기. 눈곱. 콧물. 꼬리꺾임. 코 분홍.  털상태 양호.,M,서울 강북구 오현로 208 인근,서울특별시 강북구,보호중,http://openapi.animal.go.kr/openapi/service/rest/fileDownloadSrvc/files/shelter/2026/05/202605161705822.jpg
411308202600165,한국 고양이,흰색/검은색 얼룩무늬,포유기. 눈곱. 콧물. 코 검정. 털상태 양호.,F,서울 강북구 오현로 208 인근,서울특별시 강북구,보호중,http://openapi.animal.go.kr/openapi/service/rest/fileDownloadSrvc/files/shelter/2026/05/202605161705656.jpg
411308202600164,한국 고양이,흰색/검은색 얼룩무늬,포유기. 눈곱. 콧물. 코분홍/검정. 털 상태 양호.,F,서울 강북구 오현로 208 인근,서울특별시 강북구,보호중,http://openapi.animal.go.kr/openapi/service/rest/fileDownloadSrvc/files/shelter/2026/05/20260516170582.jpg
411308202600163,한국 고양이,흰색/검은색 얼룩무늬,갈색가죽목걸이 인식표. 눈곱. 콧물. 아래 양 송곳니 제외 전부 빠짐. 이표. 머리탈모. 비강출혈. 경계.,M,서울 강북구 삼양로74다길 20 인근,서울특별시 강북구,종료(반환),http://openapi.animal.go.kr/openapi/service/rest/fileDownloadSrvc/files/shelter/2026/05/202605161705528.jpg
411300202600363,페르시안,기타(흰),코 분홍. 눈곱. 온순. 털 때탐.,F,서울 종로구 청계천로 403 인근,서울특별시 종로구,보호중,http://openapi.animal.go.kr/openapi/service/rest/fileDownloadSrvc/files/shelter/2026/05/202605161705541[1].jpg
448536202600371,한국 고양이,검은색흰색황토색조합,"사료급식이 가능한 개월수로 보임, 귀엽고 순함",M,부북면,경상남도 밀양시,보호중,http://openapi.animal.go.kr/openapi/service/rest/fileDownloadSrvc/files/shelter/2026/05/202605151405681.jpg
447505202600451,한국 고양이,흰색/검은색 얼룩무늬,눈 사이 하얀 눈길에서 나랑 같이 스키 탈 사람~? 나 미래의 무릎냥!! 얼른 델꼬가!,M,건천읍 대곡사일길 26 부근,경상북도 경주시,보호중,http://openapi.animal.go.kr/openapi/service/rest/fileDownloadSrvc/files/shelter/2026/04/20260515180585.jpg
446483202600684,한국 고양이,기타(갈흰),생후1개월정도로보임 온순함,M,나주시금천면벽류길88-4금성원,전라남도 나주시,보호중,http://openapi.animal.go.kr/openapi/service/rest/fileDownloadSrvc/files/shelter/2026/04/202605151605624.jpg
445479202600506,믹스묘,"기타(갈색,흰색)",눈에염증있음.상태확인후 병원예정 (1개월정도),Q, 부안읍 부풍로 81( 삼천리자전거),전북특별자치도 부안군,보호중,http://openapi.animal.go.kr/openapi/service/rest/fileDownloadSrvc/files/shelter/2026/04/202605151605333.jpg
445468202601189,한국 고양이,검은색흰색황토색조합,생후 한달정도 되었으며 허피스기가 있고 기력이 없음,F,익산시 남중동 127-52,전북특별자치도 익산시,보호중,http://openapi.animal.go.kr/openapi/service/rest/fileDownloadSrvc/files/shelter/2026/04/202605151505778.jpg
445468202601188,한국 고양이,흰색/검은색 얼룩무늬,생후 한달정도 되었으며 허피스기가 있고 기력이 없음,F,익산시 남중동 127-52,전북특별자치도 익산시,보호중,http://openapi.animal.go.kr/openapi/service/rest/fileDownloadSrvc/files/shelter/2026/04/202605151505501.jpg
445467202601004,믹스묘,기타(검/흰),1주추정,M,성산면 타타대우창고,전북특별자치도 군산시,종료(자연사),http://openapi.animal.go.kr/openapi/service/rest/fileDownloadSrvc/files/shelter/2026/04/20260515150533.jpg
445464202601736,한국 고양이,기타(흰색검정),안검부착,F,한옥마을 주차장,전북특별자치도 전주시,보호중,http://openapi.animal.go.kr/openapi/service/rest/fileDownloadSrvc/files/shelter/2026/05/202605151805950[1].jpg
445464202601733,한국 고양이,검정색,꼬리 뭉툭하고 꺽임,M,서곡로 22 두산아파트,전북특별자치도 전주시,보호중,http://openapi.animal.go.kr/openapi/service/rest/fileDownloadSrvc/files/shelter/2026/04/202605151805174.jpg
445464202601732,한국 고양이,검정색,귀작고 짧게 말린 꼬리,M,서곡로 22 두산아파트,전북특별자치도 전주시,보호중,http://openapi.animal.go.kr/openapi/service/rest/fileDownloadSrvc/files/shelter/2026/04/202605151805567.jpg
445464202601731,한국 고양이,기타(고등어),어미 잃은 새끼양이,M,화산천변로 50,전북특별자치도 전주시,보호중,http://openapi.animal.go.kr/openapi/service/rest/fileDownloadSrvc/files/shelter/2026/05/202605151705482.jpg
445464202601730,한국 고양이,기타(고등어),어미 잃은 새끼양이,M,화산천변로 50,전북특별자치도 전주시,보호중,http://openapi.animal.go.kr/openapi/service/rest/fileDownloadSrvc/files/shelter/2026/05/202605151705669[1].jpg
445464202601729,한국 고양이,흰색/검은색 얼룩무늬,코부분 무늬가 반반,F,서곡로 22 두산아파트,전북특별자치도 전주시,보호중,http://openapi.animal.go.kr/openapi/service/rest/fileDownloadSrvc/files/shelter/2026/04/202605151705212.jpg
445464202601728,한국 고양이,기타(흰색검정),종이박스안에 있었음,M,백제대로 611,전북특별자치도 전주시,보호중,http://openapi.animal.go.kr/openapi/service/rest/fileDownloadSrvc/files/shelter/2026/05/202605151705153.jpg
445464202601727,한국 고양이,흰색/검은색 얼룩무늬,뚜렷한 무늬 가진 고등어 색깔,M,서곡로 22 두산아파트,전북특별자치도 전주시,보호중,http://openapi.animal.go.kr/openapi/service/rest/fileDownloadSrvc/files/shelter/2026/04/202605151705761.jpg
445464202601726,한국 고양이,레몬색&흰색,연한 노란색 많이 섞임,F,서곡로 22 두산아파트,전북특별자치도 전주시,종료(자연사),http://openapi.animal.go.kr/openapi/service/rest/fileDownloadSrvc/files/shelter/2026/04/20260515170520[1].jpg
445464202601725,한국 고양이,기타(치즈),전체적으로 노란털,F,서곡로 22 두산아파트,전북특별자치도 전주시,보호중,http://openapi.animal.go.kr/openapi/service/rest/fileDownloadSrvc/files/shelter/2026/04/202605151705864.jpg
444453202600682,한국 고양이,레몬색&흰색,입소 당시 심한 탈진  꼬리 부상,M,운산면 홍안벌로 694-88,충청남도 서산시,종료(자연사),http://openapi.animal.go.kr/openapi/service/rest/fileDownloadSrvc/files/shelter/2026/04/202605151705318.jpg
444453202600678,한국 고양이,"기타(검정, 갈색)",입소 당시 2개월령 추정,F,해미면 남문5로 14,충청남도 서산시,보호중,http://openapi.animal.go.kr/openapi/service/rest/fileDownloadSrvc/files/shelter/2026/04/20260515150553.jpg
443571202601142,한국 고양이,기타(고등어),"입양전제 임시보호중, 4월 3일령의 이유식 단계고양이",M,청주시 반려동물보호센터 내,충청북도 청주시,보호중,http://openapi.animal.go.kr/openapi/service/rest/fileDownloadSrvc/files/shelter/2026/05/202605151505775.jpeg
441554202601019,한국 고양이,기타(노랑색),"5-51, 3주령 미만 젖먹이, 젖병수유필요, 어미가 이틀째 오지 않음",M,광주시 도척면 도척로 일대,경기도 광주시,보호중,http://openapi.animal.go.kr/openapi/service/rest/fileDownloadSrvc/files/shelter/2026/04/202605151805934.jpg
441554202601018,한국 고양이,기타(노랑색),"5-50, 3주령 미만 젖먹이, 젖병수유필요, 어미가 이틀째 오지 않음",M,광주시 도척면 도척로 일대,경기도 광주시,보호중,http://openapi.animal.go.kr/openapi/service/rest/fileDownloadSrvc/files/shelter/2026/04/202605151805386.jpg
441554202601017,한국 고양이,기타(노랑색),"5-49, 3주령 미만 젖먹이, 젖병수유필요, 어미가 이틀째 오지 않음",M,광주시 도척면 도척로 일대,경기도 광주시,보호중,http://openapi.animal.go.kr/openapi/service/rest/fileDownloadSrvc/files/shelter/2026/04/202605151805583.jpg
441554202601016,한국 고양이,기타(노랑색),"5-48, 3주령 미만 젖먹이, 젖병수유필요, 어미가 이틀째 오지 않음",F,광주시 도척면 도척로 일대,경기도 광주시,보호중,http://openapi.animal.go.kr/openapi/service/rest/fileDownloadSrvc/files/shelter/2026/04/202605151805257.jpg
441554202601015,한국 고양이,기타(노랑색),"5-47, 3주령 미만 젖먹이, 젖병수유필요, 어미가 이틀째 오지 않음",F,광주시 도척면 도척로 일대,경기도 광주시,보호중,http://openapi.animal.go.kr/openapi/service/rest/fileDownloadSrvc/files/shelter/2026/04/202605151805974.jpg
441554202601014,한국 고양이,기타(노랑색),"5-46, 3주령 미만 젖먹이, 젖병수유필요, 어미가 이틀째 오지 않음",F,광주시 도척면 도척로 일대,경기도 광주시,보호중,http://openapi.animal.go.kr/openapi/service/rest/fileDownloadSrvc/files/shelter/2026/04/202605151805122.jpg
441553202601690,한국 고양이,흰색/검은색 얼룩무늬,*수유임보가능*어미없이 발견된 아기고양이/활동성이 좋은 친구,Q,장안면 수촌리 인근,경기도 화성시,종료(자연사),http://openapi.animal.go.kr/openapi/service/rest/fileDownloadSrvc/files/shelter/2026/04/202605151405874[1].jpg
441553202601689,한국 고양이,기타(회색검정색),*수유임보가능*어미없이 발견된 아기고양이/가장 몸집이 작은 아이,Q,장안면 수촌리 인근,경기도 화성시,보호중,http://openapi.animal.go.kr/openapi/service/rest/fileDownloadSrvc/files/shelter/2026/04/202605151405855.jpg
441553202601688,한국 고양이,레몬색&흰색,*수유임보가능*어미없이 발견된 아기고양이/뽀샵한것같은 미묘,Q,장안면 수촌리 인근,경기도 화성시,보호중,http://openapi.animal.go.kr/openapi/service/rest/fileDownloadSrvc/files/shelter/2026/04/202605151405562.jpg
441553202601687,한국 고양이,레몬색&흰색,*수유임보가능*어미없이 발견된 아기고양이/가장 잘먹는 튼튼이,Q,장안면 수촌리 인근,경기도 화성시,보호중,http://openapi.animal.go.kr/openapi/service/rest/fileDownloadSrvc/files/shelter/2026/04/202605151405895.jpg
441553202601686,한국 고양이,레몬색&흰색,*수유임보가능*어미없이 발견된 아기고양이/순딩이 얼굴이 매력 포인트,Q,장안면 수촌리 인근,경기도 화성시,보호중,http://openapi.animal.go.kr/openapi/service/rest/fileDownloadSrvc/files/shelter/2026/04/202605151405126[2].jpg
441553202601685,한국 고양이,레몬색&흰색,*수유임보가능*어미없이 발견된 아기고양이/6형제 중 흰색이 제일 많이 섞임,Q,장안면 수촌리 인근,경기도 화성시,보호중,http://openapi.animal.go.kr/openapi/service/rest/fileDownloadSrvc/files/shelter/2026/04/20260515140534.jpg
441408202600953,한국 고양이,레몬색&흰색,"탯줄과 엉켜있어서 신고, 6마리 같이 들어옴 ",M,아양주공 107동 3-4라인 1층 계단 옆,경기도 안성시,보호중,http://openapi.animal.go.kr/openapi/service/rest/fileDownloadSrvc/files/shelter/2026/05/202605151205524.jpg
441408202600952,한국 고양이,흰색/검은색 얼룩무늬,"탯줄과 엉켜있어서 신고, 6마리 같이 들어옴 ",F,아양주공 107동 3-4라인 1층 계단 옆,경기도 안성시,종료(자연사),http://openapi.animal.go.kr/openapi/service/rest/fileDownloadSrvc/files/shelter/2026/05/202605151205345.jpg
441408202600951,한국 고양이,레몬색&흰색,"탯줄과 엉켜있어서 신고, 6마리 같이 들어옴 ",M,아양주공 107동 3-4라인 1층 계단 옆,경기도 안성시,종료(자연사),http://openapi.animal.go.kr/openapi/service/rest/fileDownloadSrvc/files/shelter/2026/05/202605151205867.jpg
441408202600950,한국 고양이,흰색/검은색 얼룩무늬,"탯줄과 엉켜있어서 신고, 6마리 같이 들어옴 ",F,아양주공 107동 3-4라인 1층 계단 옆,경기도 안성시,종료(자연사),http://openapi.animal.go.kr/openapi/service/rest/fileDownloadSrvc/files/shelter/2026/05/202605151205389.jpg
441408202600949,한국 고양이,레몬색&흰색,"탯줄과 엉켜있어서 신고, 6마리 같이 들어옴 ",M,아양주공 107동 3-4라인 1층 계단 옆,경기도 안성시,종료(자연사),http://openapi.animal.go.kr/openapi/service/rest/fileDownloadSrvc/files/shelter/2026/05/202605151205654.jpg
441408202600948,한국 고양이,검은색흰색황토색조합,"탯줄과 엉켜있어서 신고, 6마리 같이 들어옴 ",F,아양주공 107동 3-4라인 1층 계단 옆,경기도 안성시,종료(자연사),http://openapi.animal.go.kr/openapi/service/rest/fileDownloadSrvc/files/shelter/2026/05/202605151205147.jpg
441399202600830,한국 고양이,흰색,착하고 사람 손길을 잘 따름,Q,진건읍 사능리 107 사능관리소,경기도 남양주시,보호중,http://openapi.animal.go.kr/openapi/service/rest/fileDownloadSrvc/files/shelter/2026/04/202605151405184.png
441399202600829,한국 고양이,흰색,착하고 사람 손길을 잘 따름,Q,진건읍 사능리 107 사능관리소,경기도 남양주시,보호중,http://openapi.animal.go.kr/openapi/service/rest/fileDownloadSrvc/files/shelter/2026/04/202605151405446.png
441391202600854,한국 고양이,기타(치즈),2-3일 추정 / 어미가 태반 안 끊고 감,Q,팽성읍 함정리,경기도 평택시,종료(자연사),http://openapi.animal.go.kr/openapi/service/rest/fileDownloadSrvc/files/shelter/2026/05/202605151105989.jpg
441391202600853,한국 고양이,흰색/검은색 얼룩무늬,2-3일 추정 / 어미가 태반 안 끊고 감,Q,팽성읍 함정리,경기도 평택시,종료(자연사),http://openapi.animal.go.kr/openapi/service/rest/fileDownloadSrvc/files/shelter/2026/05/20260515110501.jpg
441391202600852,한국 고양이,기타(치즈),2-3일 추정 / 어미가 태반 안 끊고 감,Q,팽성읍 함정리,경기도 평택시,종료(자연사),http://openapi.animal.go.kr/openapi/service/rest/fileDownloadSrvc/files/shelter/2026/05/202605151105893.jpg
441391202600851,한국 고양이,기타(치즈),2-3일 추정 / 어미가 태반 안 끊고 감,Q,팽성읍 함정리,경기도 평택시,종료(자연사),http://openapi.animal.go.kr/openapi/service/rest/fileDownloadSrvc/files/shelter/2026/05/20260515110532[1].jpg
431373202600777,한국 고양이,검은색흰색황토색조합,"활발함, 귀엽지만 성격있는 냥이",Q,청량읍 상남리,울산광역시 울주군,보호중,http://openapi.animal.go.kr/openapi/service/rest/fileDownloadSrvc/files/shelter/2026/04/202605151705677[1].jpg
431373202600776,한국 고양이,검은색흰색황토색조합,활발함,Q,청량읍 상남리,울산광역시 울주군,보호중,http://openapi.animal.go.kr/openapi/service/rest/fileDownloadSrvc/files/shelter/2026/04/202605151705134.jpg
431373202600775,한국 고양이,레몬색&흰색,활발함,Q,청량읍 상남리,울산광역시 울주군,보호중,http://openapi.animal.go.kr/openapi/service/rest/fileDownloadSrvc/files/shelter/2026/04/202605151705242.jpg
431373202600774,한국 고양이,레몬색&흰색,활발함,Q,청량읍 상남리,울산광역시 울주군,보호중,http://openapi.animal.go.kr/openapi/service/rest/fileDownloadSrvc/files/shelter/2026/04/202605151705606.jpg
431372202600335,한국 고양이,검정색,건강함,Q,북부순환도로,울산광역시 북구,보호중,http://openapi.animal.go.kr/openapi/service/rest/fileDownloadSrvc/files/shelter/2026/05/202605151505473.jpg
431372202600334,한국 고양이,평행·전체·부분줄무늬,활력저하,F,진장동,울산광역시 북구,보호중,http://openapi.animal.go.kr/openapi/service/rest/fileDownloadSrvc/files/shelter/2026/05/202605151405770.jpg
431372202600333,한국 고양이,검은색흰색황토색조합,활력저하,F,천곡동,울산광역시 북구,보호중,http://openapi.animal.go.kr/openapi/service/rest/fileDownloadSrvc/files/shelter/2026/05/202605151405281.jpg
431370202600342,한국 고양이,흰색,아주 귀여움/순함,M,신정동 회사 근처,울산광역시 남구,보호중,http://openapi.animal.go.kr/openapi/service/rest/fileDownloadSrvc/files/shelter/2026/05/202605151805958.jpg
431370202600341,한국 고양이,기타(삼색이),아주 귀여움/순함,F,신정동 회사 근처,울산광역시 남구,보호중,http://openapi.animal.go.kr/openapi/service/rest/fileDownloadSrvc/files/shelter/2026/05/202605151805557.jpg
431370202600340,한국 고양이,레몬색&흰색,너무 어리고 허약,Q,울산대학교,울산광역시 남구,보호중,http://openapi.animal.go.kr/openapi/service/rest/fileDownloadSrvc/files/shelter/2026/05/202605151605382.jpg
427348202600508,한국 고양이,레몬색&흰색,2주 정도 된 것 추정 ,M,대구 달성군 유가읍 테크노공원로 58,대구광역시 달성군,종료(자연사),http://openapi.animal.go.kr/openapi/service/rest/fileDownloadSrvc/files/shelter/2026/04/202605151605498.jpg
427348202600506,한국 고양이,검은색흰색황토색조합,2주 정도 된 것 추정 ,F,대구 달성군 유가읍 테크노공원로 58,대구광역시 달성군,종료(자연사),http://openapi.animal.go.kr/openapi/service/rest/fileDownloadSrvc/files/shelter/2026/04/202605151605944.jpg
427348202600505,한국 고양이,흰색/검은색 얼룩무늬,2주 정도 된 것 추정 ,M,대구 달성군 유가읍 테크노공원로 58,대구광역시 달성군,보호중,http://openapi.animal.go.kr/openapi/service/rest/fileDownloadSrvc/files/shelter/2026/04/202605151605469.jpg
427348202600504,한국 고양이,레몬색&흰색,2주 정도 된 것 같음 ,M,대구 달성군 유가읍 테크노공원로 58,대구광역시 달성군,종료(자연사),http://openapi.animal.go.kr/openapi/service/rest/fileDownloadSrvc/files/shelter/2026/04/202605151605734.jpg
427348202600503,한국 고양이,레몬색&흰색,성격이 활발하며 귀여움 !! ,M,유가읍 테크노대로 165,대구광역시 달성군,보호중,http://openapi.animal.go.kr/openapi/service/rest/fileDownloadSrvc/files/shelter/2026/04/202605151605571.jpg
427346202600507,한국 고양이,기타(고등어),순해요. 눈곱이 조금 있어요,F,공원,대구광역시 수성구,보호중,http://openapi.animal.go.kr/openapi/service/rest/fileDownloadSrvc/files/shelter/2026/04/202605152105868.jpg
427346202600506,한국 고양이,레몬색&흰색,"아직 눈을 못뜨고 있는 상태, 저체온, 식욕 부진",M,만촌동 1016-1,대구광역시 수성구,종료(자연사),http://openapi.animal.go.kr/openapi/service/rest/fileDownloadSrvc/files/shelter/2026/05/202605151805494.jpg
427346202600501,한국 고양이,기타(고등어태비),사료 잘 먹고 순한 애기 냥이 입니다.,M,황금역 인근,대구광역시 수성구,종료(자연사),http://openapi.animal.go.kr/openapi/service/rest/fileDownloadSrvc/files/shelter/2026/04/202605151305138.jpg
427346202600499,한국 고양이,흰색/검은색 얼룩무늬,사람손이 타서 아주 순해요....,F,만촌동1088-9,대구광역시 수성구,보호중,http://openapi.animal.go.kr/openapi/service/rest/fileDownloadSrvc/files/shelter/2026/04/202605151105522.jpg
427346202600497,한국 고양이,검은색흰색황토색조합,자기 주관이 뚜렷하고 활발하며 무늬가 매력적인 새끼냥이예요.,F,아멘교회 앞 주차장,대구광역시 수성구,보호중,http://openapi.animal.go.kr/openapi/service/rest/fileDownloadSrvc/files/shelter/2026/04/202605151005692.jpg
427343202600396,한국 고양이,기타(흑갈색태비),횡와자세로 겨우 숨을 쉬는 상태,Q,국채보상로49길 3-22,대구광역시 서구,종료(자연사),http://openapi.animal.go.kr/openapi/service/rest/fileDownloadSrvc/files/shelter/2026/05/202605151905670.jpg
427343202600395,한국 고양이,평행·전체·부분줄무늬,고등어(전신 줄무늬). 꼬리끝 `L`자 꺽임. 결막염. 약간의 경계심. 활발함,M,달구벌대로329길 137,대구광역시 서구,보호중,http://openapi.animal.go.kr/openapi/service/rest/fileDownloadSrvc/files/shelter/2026/05/202605151605521[1].jpg
427343202600393,한국 고양이,레몬색&흰색,1개월령. 결막염과 콧물. 매우 마른 상태. 저체온,M,서대구로 64 횟집 창고,대구광역시 서구,종료(자연사),http://openapi.animal.go.kr/openapi/service/rest/fileDownloadSrvc/files/shelter/2026/05/202605150905615.jpg
427342202600283,한국 고양이,기타(회색),"어미분리 자묘, 저체온증,상태 매우 나쁨",Q,율하 15단지 ,대구광역시 동구,보호중,http://openapi.animal.go.kr/openapi/service/rest/fileDownloadSrvc/files/shelter/2026/05/202605151405685.jpg
427341202600255,한국 고양이,레몬색&흰색,"2달 추정,  피부염",M,남산로 3안길 9,대구광역시 중구,보호중,http://openapi.animal.go.kr/openapi/service/rest/fileDownloadSrvc/files/shelter/2026/05/202605151405894.jpg
426337202600193,한국 고양이,기타(갈검흰색),불량(쇠약),M,거제대로178번길51-1,부산광역시 연제구,보호중,http://openapi.animal.go.kr/openapi/service/rest/fileDownloadSrvc/files/shelter/2026/04/202605151605684.jpg
426327202600065,한국 고양이,검은색흰색황토색조합,거의 움직이지 못함,F,수정공원로 12번길15(수정이불 옆 계단쪽),부산광역시 동구,종료(자연사),http://openapi.animal.go.kr/openapi/service/rest/fileDownloadSrvc/files/shelter/2026/04/20260515130515.jpg
442419202600351,페르시안,기타(흰색),"허피스, 결막염",M,오리현길 293,강원특별자치도 원주시,보호중,http://openapi.animal.go.kr/openapi/service/rest/fileDownloadSrvc/files/shelter/2026/05/202605212105390.jpg
442419202600350,한국 고양이,검은색흰색황토색조합,5일미만,Q,향교길주택가,강원특별자치도 원주시,종료(자연사),http://openapi.animal.go.kr/openapi/service/rest/fileDownloadSrvc/files/shelter/2026/05/202605212105671.jpg
430367202600324,한국 고양이,기타(백황),없음,Q,학하서로 174,대전광역시 유성구,보호중,http://openapi.animal.go.kr/openapi/service/rest/fileDownloadSrvc/files/shelter/2026/05/202605211405721.png
430367202600323,한국 고양이,기타(흑황),100-103 동시구조,Q,구암동 586-7 유성교회,대전광역시 유성구,보호중,http://openapi.animal.go.kr/openapi/service/rest/fileDownloadSrvc/files/shelter/2026/05/202605211405701.png
430367202600322,한국 고양이,기타(흑황),100-103 동시구조,Q,구암동 586-7 유성교회,대전광역시 유성구,보호중,http://openapi.animal.go.kr/openapi/service/rest/fileDownloadSrvc/files/shelter/2026/05/202605211405768.png
430367202600321,한국 고양이,기타(흑황),100-103 동시구조,Q,구암동 586-7 유성교회,대전광역시 유성구,보호중,http://openapi.animal.go.kr/openapi/service/rest/fileDownloadSrvc/files/shelter/2026/05/202605211405774.png
430367202600320,한국 고양이,기타(흑황),100-103 동시구조,Q,구암동 586-7 유성교회,대전광역시 유성구,보호중,http://openapi.animal.go.kr/openapi/service/rest/fileDownloadSrvc/files/shelter/2026/05/202605211405920.png
426326202600074,한국 고양이,기타(검은색흰색),"젖먹이,눈을못뜸,기력없음,서구2-40",Q,해돋이로 340번길 21-1 마당,부산광역시 서구,보호중,http://openapi.animal.go.kr/openapi/service/rest/fileDownloadSrvc/files/shelter/2026/04/20260520130532.jpg
426326202600073,한국 고양이,평행·전체·부분줄무늬,"안질환,탈수,기력없음,서구2-39",F,암남공원 입구쪽 1전망대,부산광역시 서구,보호중,http://openapi.animal.go.kr/openapi/service/rest/fileDownloadSrvc/files/shelter/2026/04/20260520130534.jpg
431371202600279,한국 고양이,검정색,"갓태어난새끼,분유먹어야함",Q,현대중공업,울산광역시 동구,보호중,http://openapi.animal.go.kr/openapi/service/rest/fileDownloadSrvc/files/shelter/2026/05/202605190905455.jpg
426328202600120,한국 고양이,흰색/검은색 얼룩무늬,"안질환, 탈수, 경계심과 공격성",Q,영도구청,부산광역시 영도구,보호중,http://openapi.animal.go.kr/openapi/service/rest/fileDownloadSrvc/files/shelter/2026/04/202605181005977.jpg
411324202600273,한국 고양이,기타(검정&흰색),포유기,F,강동구 성내동 118-29,서울특별시 강동구,보호중,http://openapi.animal.go.kr/openapi/service/rest/fileDownloadSrvc/files/shelter/2026/04/202605161605835.jpg
411324202600272,한국 고양이,기타(검정&흰색),포유기,F,강동구 성내동 118-29,서울특별시 강동구,보호중,http://openapi.animal.go.kr/openapi/service/rest/fileDownloadSrvc/files/shelter/2026/04/202605161605237.jpg
411324202600271,한국 고양이,레몬색&흰색,포유기,M,강동구 성내동 118-29,서울특별시 강동구,보호중,http://openapi.animal.go.kr/openapi/service/rest/fileDownloadSrvc/files/shelter/2026/04/202605161605635.jpg
445467202601007,믹스묘,갈색,2살추정 중성화완료 못움직임,F,옥서면 선연길 97,전북특별자치도 군산시,보호중,http://openapi.animal.go.kr/openapi/service/rest/fileDownloadSrvc/files/shelter/2026/04/20260516110562.jpg
450650202601167,한국 고양이,기타(삼색),개체관리번호 26184 - 4주차,F,서귀포시 남원읍 의귀리1144,제주특별자치도,보호중,http://openapi.animal.go.kr/openapi/service/rest/fileDownloadSrvc/files/shelter/2026/04/202605151305308.jpg
450650202601166,한국 고양이,기타(삼색),개체관리번호 26183 - 4주차,F,서귀포시 남원읍 의귀리1144,제주특별자치도,보호중,http://openapi.animal.go.kr/openapi/service/rest/fileDownloadSrvc/files/shelter/2026/04/20260515130538.jpg
450650202601165,한국 고양이,기타(흰노),개체관리번호 26182 - 4주차,F,서귀포시 남원읍 의귀리1144,제주특별자치도,보호중,http://openapi.animal.go.kr/openapi/service/rest/fileDownloadSrvc/files/shelter/2026/04/202605151305925.jpg
448535202600351,한국 고양이,검은색흰색황토색조합,"김해시-335, 3개월미만 추정, 어미잃은 젖먹이 새끼 고양이, 허약, 탈진",Q,김해시 분성로 675-1,경상남도 김해시,보호중,http://openapi.animal.go.kr/openapi/service/rest/fileDownloadSrvc/files/shelter/2026/04/202605150905358.png
447502202600279,한국 고양이,검은색흰색황토색조합,"2개월추정, 탈수로 인한 기력없음, 살짝 마른 상태, 병원처지 완료",M,경상북도 포항시 북구 중흥로 300번길 5,경상북도 포항시,보호중,http://openapi.animal.go.kr/openapi/service/rest/fileDownloadSrvc/files/shelter/2026/04/20260514150594.jpg
445467202601002,믹스묘,기타(치즈),1주추정,M,시외버스터미널 맞은편 CU,전북특별자치도 군산시,종료(자연사),http://openapi.animal.go.kr/openapi/service/rest/fileDownloadSrvc/files/shelter/2026/04/202605151505318.jpg
445467202601001,믹스묘,기타(고등어),4주추정,F,하마타일상사,전북특별자치도 군산시,보호중,http://openapi.animal.go.kr/openapi/service/rest/fileDownloadSrvc/files/shelter/2026/04/202605151505456.jpg
445464202601721,한국 고양이,기타(회색),미용 돼있음,F,완산구 홍산로 260,전북특별자치도 전주시,보호중,http://openapi.animal.go.kr/openapi/service/rest/fileDownloadSrvc/files/shelter/2026/04/202605151005527.jpg
444454202600738,한국 고양이,기타(회백색),"2마리구조,눈곱심함,야윔,예후불량",F,연산면,충청남도 논산시,보호중,http://openapi.animal.go.kr/openapi/service/rest/fileDownloadSrvc/files/shelter/2026/05/202605151005947.jpg
444454202600737,한국 고양이,기타(회색),"2마리구조,눈곱심함",M,연산면,충청남도 논산시,보호중,http://openapi.animal.go.kr/openapi/service/rest/fileDownloadSrvc/files/shelter/2026/05/202605151005203.jpg
444454202600736,한국 고양이,레몬색&흰색,소방서구조,M,가야곡면,충청남도 논산시,보호중,http://openapi.animal.go.kr/openapi/service/rest/fileDownloadSrvc/files/shelter/2026/05/202605151005951.jpg
443446202600294,한국 고양이,흰색/검은색 얼룩무늬,오른쪽 뒷다리 골절,F,괴산군 괴산읍 충민로 356,충청북도 괴산군,보호중,http://openapi.animal.go.kr/openapi/service/rest/fileDownloadSrvc/files/shelter/2026/05/202605151705677.jpg
443445202600302,한국 고양이,기타(태비),이유된지 얼마안됨/예후는 지켜봐야함,F,덕산읍 신척산단5로 14-14,충청북도 진천군,보호중,http://openapi.animal.go.kr/openapi/service/rest/fileDownloadSrvc/files/shelter/2026/04/202605151305913.jpeg
443445202600301,한국 고양이,기타(태비),눈꼽이 조금 있음/사나움/예후는 지켜봐야함,F,덕산읍 신척산단5로 14-14,충청북도 진천군,보호중,http://openapi.animal.go.kr/openapi/service/rest/fileDownloadSrvc/files/shelter/2026/04/202605151305539.jpeg
441560202600461,한국 고양이,레몬색&흰색,경계. 예민. 코 분홍. 꼬리 꺾임. 털 상태 양호. ,F,경기 포천시 내촌면 진목리 286-1,경기도 포천시,보호중,http://openapi.animal.go.kr/openapi/service/rest/fileDownloadSrvc/files/shelter/2026/04/202605151705808.jpg
441560202600460,한국 고양이,흰색/검은색 얼룩무늬,눈병. 심한 눈곱. 좌안 못 뜸. 사나움. 코 검정. 털 상태 양호.,M,"경기 포천시 원모루로2길 10-14 (신읍동, 원모루빌라) 인근",경기도 포천시,보호중,http://openapi.animal.go.kr/openapi/service/rest/fileDownloadSrvc/files/shelter/2026/04/202605151705104.jpg
441560202600459,한국 고양이,검은색흰색황토색조합,포유기. 코 분홍/검정. 심한 눈곱/콧물. 우안 못 뜸. 기력 없음. 저체온. ,F,경기 포천시 일동면 소야길 125-20 인근,경기도 포천시,종료(자연사),http://openapi.animal.go.kr/openapi/service/rest/fileDownloadSrvc/files/shelter/2026/04/202605151605699.jpg
441560202600458,한국 고양이,검은색흰색황토색조합,코 분홍. 심한 눈곱. 콧물. 좌안 못 뜸. 털 상태 양호. ,F,경기 포천시 일동면 소야길 125-20 (기산리) 인근,경기도 포천시,보호중,http://openapi.animal.go.kr/openapi/service/rest/fileDownloadSrvc/files/shelter/2026/04/202605151605727.jpg
441560202600457,한국 고양이,평행·전체·부분줄무늬,코 검정. 심한 눈곱. 콧물. 양 눈 못 뜸. 털 상태 양호. ,F,경기 포천시 일동면 소야길 125-20 (기산리) 인근,경기도 포천시,종료(자연사),http://openapi.animal.go.kr/openapi/service/rest/fileDownloadSrvc/files/shelter/2026/04/202605151605471[1].jpg
441560202600456,한국 고양이,레몬색&흰색,코 분홍. 심한 눈곱. 콧물. 우안 못 뜸. 털 상태 양호. ,M,경기 포천시 일동면 소야길 125-20 (기산리) 인근,경기도 포천시,종료(자연사),http://openapi.animal.go.kr/openapi/service/rest/fileDownloadSrvc/files/shelter/2026/04/202605151605400[1].jpg
441560202600455,한국 고양이,레몬색&흰색,코 분홍. 심한 눈곱. 콧물. 좌안 못 뜸. 털 상태 양호. ,M,경기 포천시 일동면 소야길 125-20 인근,경기도 포천시,보호중,http://openapi.animal.go.kr/openapi/service/rest/fileDownloadSrvc/files/shelter/2026/04/202605151605963.jpg
441560202600454,한국 고양이,레몬색&흰색,코 분홍. 심한 눈곱. 콧물. 양 눈 못 뜸. 털 상태 양호. ,M,경기 포천시 일동면 소야길 125-20 인근,경기도 포천시,보호중,http://openapi.animal.go.kr/openapi/service/rest/fileDownloadSrvc/files/shelter/2026/04/202605151605339.jpg
441560202600453,한국 고양이,검은색흰색황토색조합,코 분홍. 심한 눈곱/콧물. 털 상태 양호. ,F,"경기 포천시 왕방로130번길 5 (신읍동, 백자타운빌아파트)",경기도 포천시,보호중,http://openapi.animal.go.kr/openapi/service/rest/fileDownloadSrvc/files/shelter/2026/04/20260515160544.jpg
441409202600437,발리네즈,기타(흰/회),온순. 코 검정. 눈곱. 좌안 안구 혼탁. 털 상태 양호. ,F,경기 김포시 장기동 1439,경기도 김포시,보호중,http://openapi.animal.go.kr/openapi/service/rest/fileDownloadSrvc/files/shelter/2026/04/202605151705153.jpg
441409202600436,한국 고양이,레몬색&흰색,포유기. 코 분홍. 눈 못 뜸. 탯줄 있음. 저체온. 눈곱. 콧물. 기력 없음. ,M,"경기 김포시 걸포1로 40 (걸포동, 한강파크뷰 우방아이유쉘)",경기도 김포시,종료(자연사),http://openapi.animal.go.kr/openapi/service/rest/fileDownloadSrvc/files/shelter/2026/04/202605151705458.jpg
441398202600220,기타,기타(회/흰),코분홍. 눈곱. 치석. 양 눈 백내장. 온순. 털 상태 양호. 칩있음.,M,경기 구리시 안골로 65 (수택동) 인근,경기도 구리시,종료(반환),http://openapi.animal.go.kr/openapi/service/rest/fileDownloadSrvc/files/shelter/2026/04/202605151605893.jpg
431373202600773,한국 고양이,검정색,젤 크고 건강함,M,언양읍 언양로,울산광역시 울주군,보호중,http://openapi.animal.go.kr/openapi/service/rest/fileDownloadSrvc/files/shelter/2026/04/202605151605923.jpg
431373202600772,한국 고양이,검은색흰색황토색조합,"눈결막염, 허약",Q,언양읍 언양로,울산광역시 울주군,보호중,http://openapi.animal.go.kr/openapi/service/rest/fileDownloadSrvc/files/shelter/2026/04/202605151605552.jpg
431373202600768,한국 고양이,레몬색&흰색,활동적,M,언양읍 언양로,울산광역시 울주군,보호중,http://openapi.animal.go.kr/openapi/service/rest/fileDownloadSrvc/files/shelter/2026/04/202605151505650.jpg
431372202600336,한국 고양이,평행·전체·부분줄무늬,활발하고 귀여움,Q,북구 호계매곡1로,울산광역시 북구,보호중,http://openapi.animal.go.kr/openapi/service/rest/fileDownloadSrvc/files/shelter/2026/04/202605151705818.jpg
428355202600206,한국 고양이,평행·전체·부분줄무늬,"기관지염,안구염증상있슴",F,계양구청 당직실(효성동),인천광역시 계양구,보호중,http://openapi.animal.go.kr/openapi/service/rest/fileDownloadSrvc/files/shelter/2026/05/202605142205138.jpg
428355202600204,한국 고양이,레몬색&흰색,"교통사고,기립불능",M,계양구청 당직실(임학동263),인천광역시 계양구,보호중,http://openapi.animal.go.kr/openapi/service/rest/fileDownloadSrvc/files/shelter/2026/05/202605142205895.jpg
428349202600307,한국 고양이,검정색,"어미가 도망가고 없고 너무 어려서 분유로 보호해야 함,콧물,눈꼽,눈사이흰줄",M,서해대로209번길13 케이프리미엄쇼링 근처,인천광역시 중구,종료(자연사),http://openapi.animal.go.kr/openapi/service/rest/fileDownloadSrvc/files/shelter/2026/04/202605141805892[1].jpg
428349202600306,한국 고양이,기타(고등어테비),"어미가 도망가고 없고 너무 어려서 분유로 보호해야 함,콧물,눈꼽,감기",F,서해대로209번길13 케이프리미엄쇼링 근처,인천광역시 중구,종료(자연사),http://openapi.animal.go.kr/openapi/service/rest/fileDownloadSrvc/files/shelter/2026/04/202605141805650.jpg
428349202600305,한국 고양이,기타(고등어테비),"어미가 도망가고 없고 너무 어려서 분유로 보호해야 함,콧물,눈꼽,감기",F,서해대로209번길13 케이프리미엄쇼링 근처,인천광역시 중구,종료(자연사),http://openapi.animal.go.kr/openapi/service/rest/fileDownloadSrvc/files/shelter/2026/04/202605141805670.jpg
427348202600507,한국 고양이,검은색흰색황토색조합,2주령의 귀여운 고양이,F,현풍 유가읍 테크로중앙대로1길 25,대구광역시 달성군,종료(자연사),http://openapi.animal.go.kr/openapi/service/rest/fileDownloadSrvc/files/shelter/2026/04/202605151605404[1].jpg
427348202600502,한국 고양이,레몬색&흰색,2주령의 귀여운 고양이,M,현풍 유가읍 테크로중앙대로1길 25,대구광역시 달성군,보호중,http://openapi.animal.go.kr/openapi/service/rest/fileDownloadSrvc/files/shelter/2026/04/202605151605340.jpg
427348202600501,한국 고양이,기타(검정+흰색),2주령의 귀여운 고양이,M,현풍 유가읍 테크로중앙대로1길 25,대구광역시 달성군,보호중,http://openapi.animal.go.kr/openapi/service/rest/fileDownloadSrvc/files/shelter/2026/04/202605151605764.jpg
427348202600498,한국 고양이,레몬색&흰색,심한 호흡기 증상 ,M,사문진 주막촌 식당,대구광역시 달성군,보호중,http://openapi.animal.go.kr/openapi/service/rest/fileDownloadSrvc/files/shelter/2026/04/202605141605435[1].jpg
427345202600235,한국 고양이,기타(회색),"태반 분리 안됨 저체온, 상태 매우 나쁨",Q,침산 119,대구광역시 북구,종료(자연사),http://openapi.animal.go.kr/openapi/service/rest/fileDownloadSrvc/files/shelter/2026/05/202605151005342.jpg
427345202600234,한국 고양이,기타(회색흰색),"어미분리 자묘, 영양상태 불량,탈진",M,북구청 당직실,대구광역시 북구,보호중,http://openapi.animal.go.kr/openapi/service/rest/fileDownloadSrvc/files/shelter/2026/05/202605151005735.jpg
427345202600233,한국 고양이,기타(회색흰색),"어미분리 자묘, 영양상태 불량,탈진",M,북구청 당직실,대구광역시 북구,종료(자연사),http://openapi.animal.go.kr/openapi/service/rest/fileDownloadSrvc/files/shelter/2026/05/202605151005473.jpg
427345202600232,한국 고양이,검은색흰색황토색조합,"어미분리 자묘, 영양상태 불량,탈진",F,옥산로 82,대구광역시 북구,종료(자연사),http://openapi.animal.go.kr/openapi/service/rest/fileDownloadSrvc/files/shelter/2026/05/202605151005152.jpg
426335202600265,믹스묘,기타(흰색),"탯줄에 엉킨 채 구조됨, 영양상태 불량, 기력 매우 저하",M,동부곡로23번길 40,부산광역시 금정구,보호중,http://openapi.animal.go.kr/openapi/service/rest/fileDownloadSrvc/files/shelter/2026/05/202605151405688.jpg
426335202600264,믹스묘,기타(흰색),"탯줄에 엉킨 채 구조됨, 영양상태 불량, 기력 매우 저하",F,동부곡로23번길 40,부산광역시 금정구,보호중,http://openapi.animal.go.kr/openapi/service/rest/fileDownloadSrvc/files/shelter/2026/05/202605151305833.jpg
426335202600263,믹스묘,기타(검정색),"탯줄에 엉킨 채 구조됨, 영양상태 불량, 기력 매우 저하",M,동부곡로23번길 40,부산광역시 금정구,보호중,http://openapi.animal.go.kr/openapi/service/rest/fileDownloadSrvc/files/shelter/2026/05/202605151305117.jpg
426335202600262,믹스묘,기타(검+갈),"탯줄에 엉킨 채 구조됨, 영양상태 불량, 기력 매우 저하",M,동부곡로23번길 40,부산광역시 금정구,보호중,http://openapi.animal.go.kr/openapi/service/rest/fileDownloadSrvc/files/shelter/2026/05/202605151305886.jpg
426334202600352,한국 고양이,레몬색&흰색,"젖먹이,안질환,영양상태부족",Q,"다대로 136번길 138, 주택 2층",부산광역시 사하구,보호중,http://openapi.animal.go.kr/openapi/service/rest/fileDownloadSrvc/files/shelter/2026/05/202605151705492.jpg
426334202600351,한국 고양이,레몬색&흰색,"젖먹이,안질환,영양상태부족",Q,"다대로 136번길 138, 주택 2층",부산광역시 사하구,보호중,http://openapi.animal.go.kr/openapi/service/rest/fileDownloadSrvc/files/shelter/2026/05/202605151705546.jpg
426334202600350,한국 고양이,레몬색&흰색,"젖먹이,안질환,영양상태부족",Q,"다대로 136번길 138, 주택 2층",부산광역시 사하구,보호중,http://openapi.animal.go.kr/openapi/service/rest/fileDownloadSrvc/files/shelter/2026/05/202605151705987[1].jpg
426334202600349,한국 고양이,레몬색&흰색,"젖먹이,안질환,영양상태부족",Q,"다대로 136번길 138, 주택 2층",부산광역시 사하구,보호중,http://openapi.animal.go.kr/openapi/service/rest/fileDownloadSrvc/files/shelter/2026/05/202605151705110.jpg
426333202600421,믹스묘,기타(검정+흰색),"수유 필요, 영양상태 불량, 기력 저하, 검+흰",M,해운대로 814,부산광역시 해운대구,보호중,http://openapi.animal.go.kr/openapi/service/rest/fileDownloadSrvc/files/shelter/2026/05/202605151405888.jpg
426333202600419,믹스묘,기타(검+갈+흰),"수유 필요, 영양상태 불량, 기력 저하, 삼색",F,해운대로 814,부산광역시 해운대구,보호중,http://openapi.animal.go.kr/openapi/service/rest/fileDownloadSrvc/files/shelter/2026/05/202605151305167.jpg
426333202600418,믹스묘,기타(검+갈+흰),"안질환, 외부기생충(벼룩) 구충 완료, 수유 필요, 삼색",F,아랫반송로21번길 93-19,부산광역시 해운대구,보호중,http://openapi.animal.go.kr/openapi/service/rest/fileDownloadSrvc/files/shelter/2026/05/202605151305124.jpg
426333202600417,믹스묘,갈색,"심한 외부기생충(벼룩), 구충 완료, 순함, 귀여움, 갈색",M,삼어로 46,부산광역시 해운대구,보호중,http://openapi.animal.go.kr/openapi/service/rest/fileDownloadSrvc/files/shelter/2026/05/202605151305721.jpg
426333202600416,믹스묘,갈색,"심한 외부기생충(벼룩), 구충 완료, 순함, 귀여움, 갈색",F,삼어로 46,부산광역시 해운대구,보호중,http://openapi.animal.go.kr/openapi/service/rest/fileDownloadSrvc/files/shelter/2026/05/202605151305443.jpg
426333202600415,믹스묘,갈색,"심한 외부기생충(벼룩), 구충 완료, 순함, 귀여움, 갈색",M,삼어로 46,부산광역시 해운대구,보호중,http://openapi.animal.go.kr/openapi/service/rest/fileDownloadSrvc/files/shelter/2026/05/202605151305307[1].jpg
426330202600074,믹스묘,기타(갈흰),"탯줄에 엉킨 채 구조, 기력 매우 저하, 구더기 제거 완료, 다리 괴사",M,충렬대로 452 ,부산광역시 동래구,보호중,http://openapi.animal.go.kr/openapi/service/rest/fileDownloadSrvc/files/shelter/2026/05/202605151305104.jpg
426330202600073,믹스묘,기타(갈흰),"탯줄에 엉킨 채 구조, 기력 매우 저하, 구더기 제거 완료, 다리 괴사",M,충렬대로 452 ,부산광역시 동래구,보호중,http://openapi.animal.go.kr/openapi/service/rest/fileDownloadSrvc/files/shelter/2026/05/202605151305950.jpg
426330202600072,믹스묘,기타(삼색),"탯줄에 엉킨 채 구조, 기력 매우 저하, 구더기 제거 완료, 다리 괴사",M,충렬대로 452 ,부산광역시 동래구,보호중,http://openapi.animal.go.kr/openapi/service/rest/fileDownloadSrvc/files/shelter/2026/05/202605151305828.jpg
426330202600071,믹스묘,기타(검갈흰),"탯줄에 엉킨 채 구조, 기력 매우 저하, 구더기 제거 완료, 다리 괴사",M,충렬대로 452 ,부산광역시 동래구,보호중,http://openapi.animal.go.kr/openapi/service/rest/fileDownloadSrvc/files/shelter/2026/05/202605151305998.jpg
426330202600070,믹스묘,기타(갈흰),"탯줄에 엉킨 채 구조, 기력 매우 저하, 구더기 제거 완료, 다리 괴사",F,충렬대로 452 ,부산광역시 동래구,보호중,http://openapi.animal.go.kr/openapi/service/rest/fileDownloadSrvc/files/shelter/2026/05/202605151305635.jpg
426330202600069,믹스묘,기타(삼색),"탯줄에 엉킨 채 구조, 기력 매우 저하, 구더기 제거 완료, 다리 괴사",F,충렬대로 452 ,부산광역시 동래구,보호중,http://openapi.animal.go.kr/openapi/service/rest/fileDownloadSrvc/files/shelter/2026/05/202605151305893.jpg
411318202600136,한국 고양이,기타(검/흰),코 분홍. 눈곱. 콧물. 털 상태 양호. ,M,서울 영등포구 디지털로37나길 14 (대림동),서울특별시 영등포구,보호중,http://openapi.animal.go.kr/openapi/service/rest/fileDownloadSrvc/files/shelter/2026/04/202605151705553.jpg
411318202600135,한국 고양이,기타(검/흰),코 분홍. 눈곱. 콧물. 털 상태 양호. ,M,서울 영등포구 디지털로37나길 14 (대림동),서울특별시 영등포구,보호중,http://openapi.animal.go.kr/openapi/service/rest/fileDownloadSrvc/files/shelter/2026/04/202605151705554.jpg
411318202600134,한국 고양이,기타(검/갈/흰),코 분홍. 눈곱. 콧물. 털 상태 양호. ,M,서울 영등포구 디지털로37나길 14 (대림동),서울특별시 영등포구,보호중,http://openapi.animal.go.kr/openapi/service/rest/fileDownloadSrvc/files/shelter/2026/04/202605151705819.jpg
411318202600133,한국 고양이,기타(검/흰),코 분홍/검정. 눈곱. 콧물. 꼬리 꺾임. 털 상태 양호. ,M,서울 영등포구 디지털로37나길 14 (대림동),서울특별시 영등포구,보호중,http://openapi.animal.go.kr/openapi/service/rest/fileDownloadSrvc/files/shelter/2026/04/202605151705878.jpg
411318202600132,한국 고양이,기타(검/갈/흰),코 분홍. 눈곱. 콧물. 털 상태 양호. ,F,서울 영등포구 디지털로37나길 14 (대림동),서울특별시 영등포구,보호중,http://openapi.animal.go.kr/openapi/service/rest/fileDownloadSrvc/files/shelter/2026/04/202605151705463.jpg
411315202600373,한국 고양이,흰색/검은색 얼룩무늬,포유기. 코 분홍. 눈곱. 콧물. 눈 못 뜸. 탯줄 있음. 털 상태 양호. ,M,서울 강서구 화곡동 852-19 인근,서울특별시 강서구,보호중,http://openapi.animal.go.kr/openapi/service/rest/fileDownloadSrvc/files/shelter/2026/04/202605151605970.jpg
411315202600372,한국 고양이,흰색/검은색 얼룩무늬,포유기. 눈곱. 콧물. 코 분홍. 눈 못 뜸. 탯줄 있음. 털 상태 양호. ,M,서울 강서구 화곡동 852-19 인근,서울특별시 강서구,종료(자연사),http://openapi.animal.go.kr/openapi/service/rest/fileDownloadSrvc/files/shelter/2026/04/202605151605599.jpg
411315202600371,한국 고양이,흰색/검은색 얼룩무늬,포유기. 눈곱. 콧물. 코 검정. 눈 못 뜸. 탯줄 있음. 털 상태 양호. ,M,서울 강서구 화곡동 852-19 인근,서울특별시 강서구,보호중,http://openapi.animal.go.kr/openapi/service/rest/fileDownloadSrvc/files/shelter/2026/04/202605151605251.jpg
411315202600370,한국 고양이,평행·전체·부분줄무늬,포유기. 눈곱. 콧물. 코 분홍. 눈 못 뜸. 탯줄 있음. 털 상태 양호. ,M,서울 강서구 화곡동 852-19 인근,서울특별시 강서구,보호중,http://openapi.animal.go.kr/openapi/service/rest/fileDownloadSrvc/files/shelter/2026/04/202605151605558.jpg
411315202600369,한국 고양이,흰색/검은색 얼룩무늬,포유기. 심한 눈곱. 콧물. 양 눈 못뜸. 코 검정. 털 상태 양호. ,M,"서울 강서구 마곡서1로 100 (마곡동, 마곡엠밸리6단지) 인근",서울특별시 강서구,종료(자연사),http://openapi.animal.go.kr/openapi/service/rest/fileDownloadSrvc/files/shelter/2026/04/202605151605729.jpg
411300202600352,한국 고양이,레몬색&흰색,코 연분홍. 눈곱. 콧물. 털 상태 양호. ,M,서울 종로구 진흥로22나길 26 (구기동) 인근,서울특별시 종로구,보호중,http://openapi.animal.go.kr/openapi/service/rest/fileDownloadSrvc/files/shelter/2026/04/202605151505721[1].jpg
411300202600351,한국 고양이,평행·전체·부분줄무늬,코 연분홍. 눈곱. 콧물. 좌안 잘 못 뜸. 털 상태 양호. ,F,서울 종로구 진흥로22나길 26 (구기동) 인근,서울특별시 종로구,보호중,http://openapi.animal.go.kr/openapi/service/rest/fileDownloadSrvc/files/shelter/2026/04/20260515150545.jpg
411300202600350,한국 고양이,검은색흰색황토색조합,코 분홍. 심한 눈곱. 콧물. 우안 못 뜸. 털 상태 양호. ,F,서울 종로구 진흥로22나길 26 (구기동) 인근,서울특별시 종로구,보호중,http://openapi.animal.go.kr/openapi/service/rest/fileDownloadSrvc/files/shelter/2026/04/202605151505213.jpg
448547202600395,한국 고양이,흰색/검은색 얼룩무늬,"어미없이 입소, 인공포유중",Q,경상남도 거창군 거창읍 아림로2길 29,경상남도 거창군,보호중,http://openapi.animal.go.kr/openapi/service/rest/fileDownloadSrvc/files/shelter/2026/04/202605141605471[1].jpg
447505202600442,한국 고양이,레몬색&흰색,나 치즈냥! 달리기를 엄청 잘해! 나 사람 좋아하니깐 나 안아줄 사람 빨리 와주라!,M,강동면 동해대로 167 부근,경상북도 경주시,보호중,http://openapi.animal.go.kr/openapi/service/rest/fileDownloadSrvc/files/shelter/2026/04/202605141605121.jpg
446483202600681,한국 고양이,기타(갈흰),다리다쳐보임 치료요함,F,나주시빛가람동348-17코어호텔,전라남도 나주시,보호중,http://openapi.animal.go.kr/openapi/service/rest/fileDownloadSrvc/files/shelter/2026/04/202605141605539.jpg
445468202601185,한국 고양이,흰색/검은색 얼룩무늬,생후 20일 정도이며 작고 순함,M,익산시 춘포면 천서길 144,전북특별자치도 익산시,보호중,http://openapi.animal.go.kr/openapi/service/rest/fileDownloadSrvc/files/shelter/2026/04/202605141705496.jpg
445468202601184,한국 고양이,흰색/검은색 얼룩무늬,생후 20일 정도이며 작고 순함,M,익산시 춘포면 천서길 144,전북특별자치도 익산시,보호중,http://openapi.animal.go.kr/openapi/service/rest/fileDownloadSrvc/files/shelter/2026/04/202605141705427.jpg
445468202601183,한국 고양이,흰색/검은색 얼룩무늬,생후 20일 정도이며 작고 순함,M,익산시 춘포면 천서길 144,전북특별자치도 익산시,보호중,http://openapi.animal.go.kr/openapi/service/rest/fileDownloadSrvc/files/shelter/2026/04/202605141705376.jpg
445468202601182,한국 고양이,흰색/검은색 얼룩무늬,생후 20일 정도이며 작고 순함,M,익산시 춘포면 천서길 144,전북특별자치도 익산시,보호중,http://openapi.animal.go.kr/openapi/service/rest/fileDownloadSrvc/files/shelter/2026/04/202605141705542.jpg
445468202601181,한국 고양이,흰색/검은색 얼룩무늬,생후 20일 정도이며 작고 순함,M,익산시 춘포면 천서길 144,전북특별자치도 익산시,보호중,http://openapi.animal.go.kr/openapi/service/rest/fileDownloadSrvc/files/shelter/2026/04/202605141705998.jpg
445468202601180,한국 고양이,흰색/검은색 얼룩무늬,생후 20일 정도이며 작고 순함,M,익산시 춘포면 천서길 144,전북특별자치도 익산시,보호중,http://openapi.animal.go.kr/openapi/service/rest/fileDownloadSrvc/files/shelter/2026/04/202605141705283[1].jpg
445467202601000,믹스묘,기타(검정),3주추정,F,군산호수공원아이파크,전북특별자치도 군산시,보호중,http://openapi.animal.go.kr/openapi/service/rest/fileDownloadSrvc/files/shelter/2026/05/202605141405919.jpg
445467202600999,믹스묘,기타(고등어),3주추정,F,군산호수공원아이파크,전북특별자치도 군산시,종료(자연사),http://openapi.animal.go.kr/openapi/service/rest/fileDownloadSrvc/files/shelter/2026/05/202605141405394.jpg
445467202600998,믹스묘,기타(검/흰),3주추정,M,군산호수공원아이파크,전북특별자치도 군산시,보호중,http://openapi.animal.go.kr/openapi/service/rest/fileDownloadSrvc/files/shelter/2026/05/20260514140541.jpg
445467202600997,믹스묘,기타(검/흰),3주추정,M,군산호수공원아이파크,전북특별자치도 군산시,보호중,http://openapi.animal.go.kr/openapi/service/rest/fileDownloadSrvc/files/shelter/2026/05/202605141405725.jpg
445467202600996,믹스묘,기타(치즈),3주추정,M,수송동홈푸드마트,전북특별자치도 군산시,보호중,http://openapi.animal.go.kr/openapi/service/rest/fileDownloadSrvc/files/shelter/2026/05/202605141405728.jpg
445467202600995,믹스묘,기타(삼색),3주추정,F,수송동홈푸드마트,전북특별자치도 군산시,보호중,http://openapi.animal.go.kr/openapi/service/rest/fileDownloadSrvc/files/shelter/2026/05/202605141405678.jpg
445467202600994,믹스묘,기타(삼색),3주추정,F,수송동홈푸드마트,전북특별자치도 군산시,종료(자연사),http://openapi.animal.go.kr/openapi/service/rest/fileDownloadSrvc/files/shelter/2026/05/202605141405606.jpg
445464202601712,한국 고양이,기타(삼색),탯줄도 그래도 있음,F,전주천서로111,전북특별자치도 전주시,보호중,http://openapi.animal.go.kr/openapi/service/rest/fileDownloadSrvc/files/shelter/2026/05/202605141705549.jpg
445464202601708,한국 고양이,흰색/검은색 얼룩무늬,탯줄이 있음,F,건산 2길 18-5 길목,전북특별자치도 전주시,보호중,http://openapi.animal.go.kr/openapi/service/rest/fileDownloadSrvc/files/shelter/2026/05/202605140105173.jpg
444449202601160,한국 고양이,흰색/검은색 얼룩무늬,"사나움, 경계있음, 교통사고 추정, 골반골절 및 후지불능",M,서북구 백석센트레빌 아파트 지하주차장,충청남도 천안시,종료(자연사),http://openapi.animal.go.kr/openapi/service/rest/fileDownloadSrvc/files/shelter/2026/05/202605141105321.jpg
443571202601140,믹스묘,기타(회색),"일주일전 발견, 내장칩있음, 입양전제 임보중",M,율량동 삼성아파트 103동,충청북도 청주시,보호중,http://openapi.animal.go.kr/openapi/service/rest/fileDownloadSrvc/files/shelter/2026/05/202605141405666.jpg
441399202600810,한국 고양이,흰색/검은색 얼룩무늬,착하고 사람 손길을 잘 따름,Q,다산동4002-1,경기도 남양주시,보호중,http://openapi.animal.go.kr/openapi/service/rest/fileDownloadSrvc/files/shelter/2026/04/202605141405524.png
441393202600576,한국 고양이,기타(갈흑백),3개월추정,F,선진2길 5 부근,경기도 안산시,보호중,http://openapi.animal.go.kr/openapi/service/rest/fileDownloadSrvc/files/shelter/2026/05/202605141705630.jpg
441393202600575,한국 고양이,기타(갈흑백),3개월추정,F,선진2길 5 부근,경기도 안산시,보호중,http://openapi.animal.go.kr/openapi/service/rest/fileDownloadSrvc/files/shelter/2026/05/202605141705493.jpg
441391202600829,한국 고양이,흰색,매우마르고 사나움 / 자궁허니아,F,평택로 76번길 13,경기도 평택시,보호중,http://openapi.animal.go.kr/openapi/service/rest/fileDownloadSrvc/files/shelter/2026/05/202605141605254.jpg
441391202600825,한국 고양이,검은색흰색황토색조합,"우측 후지 골절, 매우 귀여움",F,비전2동사무소,경기도 평택시,보호중,http://openapi.animal.go.kr/openapi/service/rest/fileDownloadSrvc/files/shelter/2026/04/202605141405819.jpg
441391202600824,한국 고양이,기타(회/흰),"탯줄 달려있는 매우 아기, 인공포유중",Q,비전동 1048-3 인근,경기도 평택시,종료(자연사),http://openapi.animal.go.kr/openapi/service/rest/fileDownloadSrvc/files/shelter/2026/04/20260514140514.jpg
441390202600184,한국 고양이,기타(흑),"2주추정,수유필요,기력없음,예후불량",F,광명시청에서 인수,경기도 광명시,보호중,http://openapi.animal.go.kr/openapi/service/rest/fileDownloadSrvc/files/shelter/2026/05/202605141705540.jpg
441390202600183,한국 고양이,기타(흑백),"2주추정,수유필요,기력없음,예후불량",F,광명시청에서 인수,경기도 광명시,보호중,http://openapi.animal.go.kr/openapi/service/rest/fileDownloadSrvc/files/shelter/2026/05/202605141705148.jpg
441390202600182,한국 고양이,기타(흑백),"2주추정,수유필요,기력없음,예후불량",F,군포시청에서 인수,경기도 광명시,보호중,http://openapi.animal.go.kr/openapi/service/rest/fileDownloadSrvc/files/shelter/2026/05/20260514170583.jpg
441390202600181,한국 고양이,기타(갈흑백),"3주추정,수유필요,기력없음,예후불량",M,광명시청에서 인수,경기도 광명시,보호중,http://openapi.animal.go.kr/openapi/service/rest/fileDownloadSrvc/files/shelter/2026/05/202605141705132[1].jpg
431371202600276,한국 고양이,레몬색&흰색,심한설사,M,대송9길24-1,울산광역시 동구,보호중,http://openapi.animal.go.kr/openapi/service/rest/fileDownloadSrvc/files/shelter/2026/05/202605141405807.jpg
431370202600334,한국 고양이,기타(삼색),"설사장염,",F,달동1348-6,울산광역시 남구,보호중,http://openapi.animal.go.kr/openapi/service/rest/fileDownloadSrvc/files/shelter/2026/04/202605141605715.jpg
431370202600333,한국 고양이,기타(카오스),"설사장염,",F,달동1348-6,울산광역시 남구,보호중,http://openapi.animal.go.kr/openapi/service/rest/fileDownloadSrvc/files/shelter/2026/04/202605141605276.jpg
431370202600332,한국 고양이,기타(삼색),"설사장염,",F,달동1348-6,울산광역시 남구,보호중,http://openapi.animal.go.kr/openapi/service/rest/fileDownloadSrvc/files/shelter/2026/04/20260514160504.jpg
431370202600331,한국 고양이,기타(카오스),"설사장염,",F,달동1348-6,울산광역시 남구,보호중,http://openapi.animal.go.kr/openapi/service/rest/fileDownloadSrvc/files/shelter/2026/04/202605141605954.jpg
428357202600710,한국 고양이,검정색,구내염. 탈수,M,선행리 281,인천광역시 강화군,보호중,http://openapi.animal.go.kr/openapi/service/rest/fileDownloadSrvc/files/shelter/2026/05/202605141805575.jpg
428357202600708,한국 고양이,검정색,1개월령추정. 양안소실.피부열상.피부염,F,양도면 산마을고등학교 (삼흥리),인천광역시 강화군,종료(자연사),http://openapi.animal.go.kr/openapi/service/rest/fileDownloadSrvc/files/shelter/2026/05/202605141505893.jpg
428357202600707,한국 고양이,검정색,1개월령추정. 눈병(좌안구소실),F,양도면 산마을고등학교 (삼흥리),인천광역시 강화군,보호중,http://openapi.animal.go.kr/openapi/service/rest/fileDownloadSrvc/files/shelter/2026/04/20260521160514.jpg
427514202600097,한국 고양이,평행·전체·부분줄무늬,탈수 매우 심하고 기력이 없음,F,의흥면 지호리,대구광역시 군위군,보호중,http://openapi.animal.go.kr/openapi/service/rest/fileDownloadSrvc/files/shelter/2026/05/202605141605331[1].jpg
427346202600495,한국 고양이,평행·전체·부분줄무늬,순하고 조용함,F,범어4동 220-30,대구광역시 수성구,보호중,http://openapi.animal.go.kr/openapi/service/rest/fileDownloadSrvc/files/shelter/2026/04/202605141405153.jpg
427346202600494,한국 고양이,평행·전체·부분줄무늬,"후지 마비, 교통사고",F,동대구로 247,대구광역시 수성구,종료(안락사),http://openapi.animal.go.kr/openapi/service/rest/fileDownloadSrvc/files/shelter/2026/04/202605141405904.jpg
426338202600090,믹스묘,기타(갈색&흰색),"순함, 귀여움, 갈+흰",M,수영로642번길 21-5,부산광역시 수영구,보호중,http://openapi.animal.go.kr/openapi/service/rest/fileDownloadSrvc/files/shelter/2026/04/202605141005379[1].jpg
426338202600089,믹스묘,기타(검&갈&흰),"순함, 귀여움, 검+갈+흰",F,수영로642번길 21-5,부산광역시 수영구,보호중,http://openapi.animal.go.kr/openapi/service/rest/fileDownloadSrvc/files/shelter/2026/04/202605141005161.jpg
426338202600088,믹스묘,기타(검정&흰색),"순함, 귀여움, 검+흰",M,수영로642번길 21-5,부산광역시 수영구,보호중,http://openapi.animal.go.kr/openapi/service/rest/fileDownloadSrvc/files/shelter/2026/04/202605141005442.jpg
426338202600087,믹스묘,기타(검&갈&흰),"순함, 귀여움, 검+갈+흰",M,수영로642번길 21-5,부산광역시 수영구,보호중,http://openapi.animal.go.kr/openapi/service/rest/fileDownloadSrvc/files/shelter/2026/04/202605141005869.jpg
426337202600192,러시안 블루,기타(검은색갈색),불량(호흡기질환)안염,M,고분로191번길16,부산광역시 연제구,종료(자연사),http://openapi.animal.go.kr/openapi/service/rest/fileDownloadSrvc/files/shelter/2026/05/202605141405860.jpg
411304202600165,한국 고양이,평행·전체·부분줄무늬,"기력없음, 눈꼽심함",M,화양동 9-90,서울특별시 광진구,보호중,http://openapi.animal.go.kr/openapi/service/rest/fileDownloadSrvc/files/shelter/2026/05/202605141005509.jpg
429363202600263,한국 고양이,검은색흰색황토색조합,26-7124,M,광산구 서봉동 506,광주광역시 광산구,종료(자연사),http://openapi.animal.go.kr/openapi/service/rest/fileDownloadSrvc/files/shelter/2026/04/202605141605899[1].jpg
429361202600154,한국 고양이,검은색흰색황토색조합,26-6020 ,F,남구 송원대학교,광주광역시 남구,보호중,http://openapi.animal.go.kr/openapi/service/rest/fileDownloadSrvc/files/shelter/2026/04/202605141305168.jpg
442419202600348,페르시안,기타(회색),소심한 성격에 거동 불편,M,관설동주택가,강원특별자치도 원주시,보호중,http://openapi.animal.go.kr/openapi/service/rest/fileDownloadSrvc/files/shelter/2026/05/202605212105709.jpg
430365202600162,한국 고양이,검은색흰색황토색조합,교통사고,F,대사동 대자연아파트 지하주차장 주변 ,대전광역시 중구,종료(자연사),http://openapi.animal.go.kr/openapi/service/rest/fileDownloadSrvc/files/shelter/2026/04/202605190905112.png
443446202600293,한국 고양이,검은색흰색황토색조합,경계심이 많음,M,괴산군 장연면 광진길 48,충청북도 괴산군,보호중,http://openapi.animal.go.kr/openapi/service/rest/fileDownloadSrvc/files/shelter/2026/05/202605151705757.jpg
443446202600292,한국 고양이,레몬색&흰색,경계심이 많음,F,괴산군 장연면 광진길 48,충청북도 괴산군,보호중,http://openapi.animal.go.kr/openapi/service/rest/fileDownloadSrvc/files/shelter/2026/05/202605151705342.jpg
443446202600291,한국 고양이,레몬색&흰색,경계심이 많음,F,괴산군 장연면 광진길 48,충청북도 괴산군,보호중,http://openapi.animal.go.kr/openapi/service/rest/fileDownloadSrvc/files/shelter/2026/05/202605151705146[1].jpg
443446202600290,한국 고양이,흰색/검은색 얼룩무늬,전반적인 예후는 지켜봐야함,M,괴산군 청천면 괴산로 775,충청북도 괴산군,보호중,http://openapi.animal.go.kr/openapi/service/rest/fileDownloadSrvc/files/shelter/2026/05/202605151705825[1].jpg
443446202600289,한국 고양이,검은색흰색황토색조합,전반적인 예후는 지켜봐야함,M,괴산군 청천면 괴산로 775,충청북도 괴산군,종료(자연사),http://openapi.animal.go.kr/openapi/service/rest/fileDownloadSrvc/files/shelter/2026/05/202605151705837.jpg
443446202600288,한국 고양이,검은색흰색황토색조합,전반적인 예후는 지켜봐야함,M,괴산군 청천면 괴산로 775,충청북도 괴산군,종료(자연사),http://openapi.animal.go.kr/openapi/service/rest/fileDownloadSrvc/files/shelter/2026/05/20260515170507.jpg
443446202600287,한국 고양이,검은색흰색황토색조합,전반적인 예후는 지켜봐야함,F,괴산군 청천면 괴산로 775,충청북도 괴산군,보호중,http://openapi.animal.go.kr/openapi/service/rest/fileDownloadSrvc/files/shelter/2026/05/202605151705702.jpg
443446202600286,한국 고양이,흰색/검은색 얼룩무늬,전반적인 예후는 지켜봐야함,F,괴산군 청천면 괴산로 775,충청북도 괴산군,보호중,http://openapi.animal.go.kr/openapi/service/rest/fileDownloadSrvc/files/shelter/2026/05/202605151705297.jpg
443446202600285,한국 고양이,흰색/검은색 얼룩무늬,전반적인 예후는 지켜봐야함,F,괴산군 청천면 괴산로 775,충청북도 괴산군,보호중,http://openapi.animal.go.kr/openapi/service/rest/fileDownloadSrvc/files/shelter/2026/05/202605151705665.jpg
443446202600284,한국 고양이,흰색/검은색 얼룩무늬,전반적인 예후는 지켜봐야함,F,괴산군 청천면 괴산로 775,충청북도 괴산군,보호중,http://openapi.animal.go.kr/openapi/service/rest/fileDownloadSrvc/files/shelter/2026/05/202605151705746.jpg
443446202600283,한국 고양이,흰색/검은색 얼룩무늬,전반적인 예후는 지켜봐야함,F,괴산군 청천면 괴산로 775,충청북도 괴산군,종료(자연사),http://openapi.animal.go.kr/openapi/service/rest/fileDownloadSrvc/files/shelter/2026/05/202605151705723.jpg
443446202600282,한국 고양이,흰색/검은색 얼룩무늬,전반적인 예후는 지켜봐야함,F,괴산군 청천면 괴산로 775,충청북도 괴산군,보호중,http://openapi.animal.go.kr/openapi/service/rest/fileDownloadSrvc/files/shelter/2026/05/202605151705585.jpg
443446202600281,한국 고양이,흰색/검은색 얼룩무늬,괴산군 청천면 괴산로 775,F,괴산군 청천면 괴산로 775,충청북도 괴산군,보호중,http://openapi.animal.go.kr/openapi/service/rest/fileDownloadSrvc/files/shelter/2026/05/202605151705871.jpg
431373202600743,한국 고양이,평행·전체·부분줄무늬,"다리 열창, 구더기 감염",Q,언양읍 유니스트길,울산광역시 울주군,보호중,http://openapi.animal.go.kr/openapi/service/rest/fileDownloadSrvc/files/shelter/2026/04/202605151005928.jpg
431372202600337,한국 고양이,레몬색&흰색,"순환장애, 열창",Q,북구 중보길,울산광역시 북구,보호중,http://openapi.animal.go.kr/openapi/service/rest/fileDownloadSrvc/files/shelter/2026/04/20260518100582.jpg
427344202600175,한국 고양이,검정색,"어미분리 자묘, 영양상태 불량,탈진",F,성명공원길 18,대구광역시 남구,종료(자연사),http://openapi.animal.go.kr/openapi/service/rest/fileDownloadSrvc/files/shelter/2026/05/202605151005228.jpg
426334202600348,한국 고양이,검은색흰색황토색조합,"3개월미만으로 추정, 안질환,경계심,영양상태부족",Q,하단동물병원,부산광역시 사하구,보호중,http://openapi.animal.go.kr/openapi/service/rest/fileDownloadSrvc/files/shelter/2026/04/20260515110505.jpg
426334202600347,한국 고양이,레몬색&흰색,"안질환,탈수,영양상태부족",Q,괴정로 195,부산광역시 사하구,보호중,http://openapi.animal.go.kr/openapi/service/rest/fileDownloadSrvc/files/shelter/2026/04/202605151105785.jpg
426334202600346,한국 고양이,검은색흰색황토색조합,"안질환,탈수,영양상태부족",Q,괴정로 195,부산광역시 사하구,보호중,http://openapi.animal.go.kr/openapi/service/rest/fileDownloadSrvc/files/shelter/2026/04/202605151105935.jpg
426334202600345,한국 고양이,검은색흰색황토색조합,"안질환,탈수,영양상태부족",Q,괴정로 195,부산광역시 사하구,보호중,http://openapi.animal.go.kr/openapi/service/rest/fileDownloadSrvc/files/shelter/2026/04/202605151105885.jpg
450650202601157,한국 고양이,기타(턱시도),개체관리번호 26181 - 4주차,M,서귀포시 성산읍 수산리 88-2,제주특별자치도,종료(자연사),http://openapi.animal.go.kr/openapi/service/rest/fileDownloadSrvc/files/shelter/2026/04/202605141505485.jpg
450650202601156,한국 고양이,기타(흰갈),개체관리번호 26180 - 2주차,M,제주시 화북일동 청풍남6길41 뉴대신자동차공업사 내,제주특별자치도,보호중,http://openapi.animal.go.kr/openapi/service/rest/fileDownloadSrvc/files/shelter/2026/04/202605141505996.jpg
448535202600350,한국 고양이,검은색흰색황토색조합,"김해시-334, 3개월미만 추정, 어미잃은 젖먹이 새끼 고양이",Q,김해시 구지로 9,경상남도 김해시,보호중,http://openapi.animal.go.kr/openapi/service/rest/fileDownloadSrvc/files/shelter/2026/04/202605140905829.png
448535202600349,한국 고양이,레몬색&흰색,"김해시-333, 3개월미만 추정, 어미잃은 젖먹이 새끼 고양이, 4두 입소",Q,김해시 진례면 진례로371번길 24-15,경상남도 김해시,보호중,http://openapi.animal.go.kr/openapi/service/rest/fileDownloadSrvc/files/shelter/2026/04/202605140905469.png
448535202600348,한국 고양이,레몬색&흰색,"김해시-332, 3개월미만 추정, 어미잃은 젖먹이 새끼 고양이, 4두 입소",Q,김해시 진례면 진례로371번길 24-15,경상남도 김해시,보호중,http://openapi.animal.go.kr/openapi/service/rest/fileDownloadSrvc/files/shelter/2026/04/202605140905170.png
448535202600347,한국 고양이,레몬색&흰색,"김해시-331, 3개월미만 추정, 어미잃은 젖먹이 새끼 고양이, 4두 입소",Q,김해시 진례면 진례로371번길 24-15,경상남도 김해시,보호중,http://openapi.animal.go.kr/openapi/service/rest/fileDownloadSrvc/files/shelter/2026/04/202605140905717.png
448535202600346,한국 고양이,레몬색&흰색,"김해시-330, 3개월미만 추정, 어미잃은 젖먹이 새끼 고양이, 4두 입소",Q,김해시 진례면 진례로371번길 24-15,경상남도 김해시,보호중,http://openapi.animal.go.kr/openapi/service/rest/fileDownloadSrvc/files/shelter/2026/04/202605140905884.png
445468202601171,한국 고양이,레몬색&흰색,생후 한달이 조금 넘어보이며 허피스기가 있고 기력이 없음,M,익산시 마동 162-57,전북특별자치도 익산시,보호중,http://openapi.animal.go.kr/openapi/service/rest/fileDownloadSrvc/files/shelter/2026/04/20260514090516.jpg
445468202601170,한국 고양이,흰색/검은색 얼룩무늬,생후 한달이 조금 넘어보이며 허피스기가 있고 기력이 없음,M,익산시 마동 162-57,전북특별자치도 익산시,보호중,http://openapi.animal.go.kr/openapi/service/rest/fileDownloadSrvc/files/shelter/2026/04/202605140905345.jpg
441406202600490,한국 고양이,기타(검/갈/흰),저체온.눈곱.콧물.기력없음.털 때탐.,F,경기 파주시 광탄면 보광로553번길 52-49 인근,경기도 파주시,종료(자연사),http://openapi.animal.go.kr/openapi/service/rest/fileDownloadSrvc/files/shelter/2026/05/202605141605331.jpg
441406202600489,한국 고양이,기타(검/갈/흰),저체온. 눈곱. 콧물. 기력없음. 털 때탐.,F,경기 파주시 광탄면 보광로553번길 52-49 인근,경기도 파주시,종료(자연사),http://openapi.animal.go.kr/openapi/service/rest/fileDownloadSrvc/files/shelter/2026/05/202605141605907.jpg
441406202600488,한국 고양이,기타(검/갈/흰),저체온. 눈곱. 콧물. 기력없음. 털 때탐.,F,경기 파주시 광탄면 보광로553번길 52-49 인근,경기도 파주시,종료(자연사),http://openapi.animal.go.kr/openapi/service/rest/fileDownloadSrvc/files/shelter/2026/05/202605141605644.jpg
441406202600484,한국 고양이,기타(검/흰),눈곱. 콧물. 배빵빵함. 황달추정. 앞니 5개없음. 털 때탐.,F,경기 파주시 광탄면 장지산로 197-30 인근,경기도 파주시,종료(자연사),http://openapi.animal.go.kr/openapi/service/rest/fileDownloadSrvc/files/shelter/2026/05/202605141505865.jpg
431373202600740,한국 고양이,평행·전체·부분줄무늬,"암컷추정,형제중 제일 겁많고 하악질하다가 손대면 얼음",F,온양읍 덕망로,울산광역시 울주군,보호중,http://openapi.animal.go.kr/openapi/service/rest/fileDownloadSrvc/files/shelter/2026/05/20260514100514.jpg
431373202600739,한국 고양이,평행·전체·부분줄무늬,실물이 더 이쁜 냥이,F,온양읍 덕망로,울산광역시 울주군,보호중,http://openapi.animal.go.kr/openapi/service/rest/fileDownloadSrvc/files/shelter/2026/05/202605141005374.jpg
431373202600738,한국 고양이,평행·전체·부분줄무늬,겁많은 미모냥,M,온양읍 덕망로,울산광역시 울주군,보호중,http://openapi.animal.go.kr/openapi/service/rest/fileDownloadSrvc/files/shelter/2026/05/202605141005207.jpg
431373202600737,한국 고양이,평행·전체·부분줄무늬,"사료먹을수 있음, 귀엽게 느림",M,온산읍 고려아연사원아파트,울산광역시 울주군,보호중,http://openapi.animal.go.kr/openapi/service/rest/fileDownloadSrvc/files/shelter/2026/05/202605141005724.jpg
428355202600203,한국 고양이,검은색흰색황토색조합,인공수유 필요함,F,임학동 대부철물점,인천광역시 계양구,보호중,http://openapi.animal.go.kr/openapi/service/rest/fileDownloadSrvc/files/shelter/2026/05/202605132305263.jpg
428355202600202,한국 고양이,레몬색&흰색,인공수유 필요함,M,임학동 대부철물점,인천광역시 계양구,보호중,http://openapi.animal.go.kr/openapi/service/rest/fileDownloadSrvc/files/shelter/2026/05/202605132305547.jpg
428355202600201,한국 고양이,평행·전체·부분줄무늬,인공수유 필요함,M,임학동 대부철물점,인천광역시 계양구,보호중,http://openapi.animal.go.kr/openapi/service/rest/fileDownloadSrvc/files/shelter/2026/05/202605132305463.jpg
428355202600200,한국 고양이,레몬색&흰색,인공수유 필요함,F,임학동 대부철물점,인천광역시 계양구,보호중,http://openapi.animal.go.kr/openapi/service/rest/fileDownloadSrvc/files/shelter/2026/05/202605132305564.jpg
427345202600230,한국 고양이,검은색흰색황토색조합,"어미분리 자묘, 영양상태 불량,탈진",F,옥산로 82,대구광역시 북구,종료(자연사),http://openapi.animal.go.kr/openapi/service/rest/fileDownloadSrvc/files/shelter/2026/04/202605140905989.jpg
426336202600127,한국 고양이,검은색흰색황토색조합,"7두,안질환,콧물,영양상태부족,강서2-33",Q,"녹산산단46로13, sm글로벌유통",부산광역시 강서구,보호중,http://openapi.animal.go.kr/openapi/service/rest/fileDownloadSrvc/files/shelter/2026/04/202605141705283[3].jpg
426336202600126,한국 고양이,평행·전체·부분줄무늬,"7두,안질환,콧물,영양상태부족,강서2-32",Q,"녹산산단46로13, sm글로벌유통",부산광역시 강서구,보호중,http://openapi.animal.go.kr/openapi/service/rest/fileDownloadSrvc/files/shelter/2026/04/202605141705777.jpg
426336202600125,한국 고양이,흰색/검은색 얼룩무늬,"7두,안질환,콧물,영양상태부족,강서2-31",Q,"녹산산단46로13, sm글로벌유통",부산광역시 강서구,보호중,http://openapi.animal.go.kr/openapi/service/rest/fileDownloadSrvc/files/shelter/2026/04/20260514170592.jpg
426336202600124,한국 고양이,레몬색&흰색,"7두,안질환,콧물,영양상태부족,강서2-30",Q,"녹산산단46로13, sm글로벌유통",부산광역시 강서구,보호중,http://openapi.animal.go.kr/openapi/service/rest/fileDownloadSrvc/files/shelter/2026/04/202605141705431.jpg
426336202600123,한국 고양이,레몬색&흰색,"7두,안질환,콧물,영양상태부족,강서2-29",Q,"녹산산단46로13, sm글로벌유통",부산광역시 강서구,보호중,http://openapi.animal.go.kr/openapi/service/rest/fileDownloadSrvc/files/shelter/2026/04/202605141705142.jpg
426336202600122,한국 고양이,레몬색&흰색,"7두,안질환,콧물,영양상태부족,강서2-28",Q,"녹산산단46로13, sm글로벌유통",부산광역시 강서구,보호중,http://openapi.animal.go.kr/openapi/service/rest/fileDownloadSrvc/files/shelter/2026/04/20260514170571.jpg
426336202600121,한국 고양이,레몬색&흰색,"7두,안질환,콧물,영양상태부족,강서2-27",Q,"녹산산단46로13, sm글로벌유통",부산광역시 강서구,보호중,http://openapi.animal.go.kr/openapi/service/rest/fileDownloadSrvc/files/shelter/2026/04/202605141705706.jpg
426329202600276,한국 고양이,기타(혼합색),"어미없음, 허약&탈진",Q,부산진구 구청 당직실,부산광역시 부산진구,보호중,http://openapi.animal.go.kr/openapi/service/rest/fileDownloadSrvc/files/shelter/2026/05/202605140905423.png
411320202600198,한국 고양이,검은색흰색황토색조합,매우 온순하며 사람을 좋아함. 건강상태 양호,M,봉천동 42-24,서울특별시 관악구,보호중,http://openapi.animal.go.kr/openapi/service/rest/fileDownloadSrvc/files/shelter/2026/04/202605141605480.jpg
411320202600197,한국 고양이,흰색/검은색 얼룩무늬,매우 온순함. 건강 상태 양호,M,봉천동 42-24,서울특별시 관악구,보호중,http://openapi.animal.go.kr/openapi/service/rest/fileDownloadSrvc/files/shelter/2026/04/202605141605882.jpg
411316202600365,한국 고양이,기타(흰/갈),교통사고 추정. 눈곱. 경계. 예민. 양 후지 기립불능. 구강출혈. 약간 사나움. 왼 귀이표. 털 약간 때탐. ,F,"서울 구로구 천왕로 9 (천왕동, 천왕이펜하우스6단지)",서울특별시 구로구,보호중,http://openapi.animal.go.kr/openapi/service/rest/fileDownloadSrvc/files/shelter/2026/05/202605141505440.jpg
411314202600144,한국 고양이,기타(갈/흰),콧물. 겁 많음. 꽃무늬 그려진 흰색 목줄 착용. 온순. 얌전.  털 상태 양호. ,F,"서울 양천구 오목로54길 12-1 (목동, 마이홈빌라) 주차장 ",서울특별시 양천구,보호중,http://openapi.animal.go.kr/openapi/service/rest/fileDownloadSrvc/files/shelter/2026/04/202605141505804[1].jpg
411305202600274,한국 고양이,기타(검/흰),꼬리 끝 꺾임. 활발. 눈곱. 콧물. 꼬리 단미 안됨. 털 상태 양호. ,M,서울 동대문구 약령중앙로4길 7 (제기동) 인근,서울특별시 동대문구,보호중,http://openapi.animal.go.kr/openapi/service/rest/fileDownloadSrvc/files/shelter/2026/04/202605141505716.jpg
411305202600273,한국 고양이,기타(갈/검/흰),온순. 눈곱. 콧물. 털 상태 양호.,F,서울 동대문구 약령중앙로4길 7 (제기동) 인근,서울특별시 동대문구,보호중,http://openapi.animal.go.kr/openapi/service/rest/fileDownloadSrvc/files/shelter/2026/04/202605141505279.jpg
411305202600272,한국 고양이,기타(갈/검/흰),활발. 눈곱. 콧물. 털 상태 양호.,F,서울 동대문구 약령중앙로4길 7 (제기동) 인근,서울특별시 동대문구,보호중,http://openapi.animal.go.kr/openapi/service/rest/fileDownloadSrvc/files/shelter/2026/04/202605141505964.jpg
411305202600271,한국 고양이,기타(갈/흰),꼬리 반 꺾여있음. 눈곱. 콧물. 활발. 털 상태 양호.,M,서울 동대문구 약령중앙로4길 7 (제기동) 인근,서울특별시 동대문구,보호중,http://openapi.animal.go.kr/openapi/service/rest/fileDownloadSrvc/files/shelter/2026/04/202605141505569.jpg
411305202600270,한국 고양이,기타(갈/흰),눈곱. 콧물. 활발. 꼬리 끝 꺾여있음. 털 상태 양호.,M,서울 동대문구 약령중앙로4길 7 (제기동) 인근,서울특별시 동대문구,보호중,http://openapi.animal.go.kr/openapi/service/rest/fileDownloadSrvc/files/shelter/2026/04/202605141505681.jpg
411305202600269,한국 고양이,기타(갈/흰),꼬리 잘려있음. 활발. 눈곱. 콧물. 털 상태 양호. ,M,서울 동대문구 약령중앙로4길 7 (제기동) 인근,서울특별시 동대문구,보호중,http://openapi.animal.go.kr/openapi/service/rest/fileDownloadSrvc/files/shelter/2026/04/202605141505580.jpg
445473202600304,한국 고양이,검정색,허피스치료,M,동향면 진성로 1142-1,전북특별자치도 진안군,보호중,http://openapi.animal.go.kr/openapi/service/rest/fileDownloadSrvc/files/shelter/2026/05/202605131605369.jpg
448548202600474,한국 고양이,검정색,박스유기 ,F,봉산면,경상남도 합천군,보호중,http://openapi.animal.go.kr/openapi/service/rest/fileDownloadSrvc/files/shelter/2026/04/202605131905809.jpg
447513202600516,한국 고양이,검은색흰색황토색조합,"인근 아파트 잔디밭에서 발견하여 구조, 이송중 자연사",F,압량 부적리,경상북도 경산시,종료(자연사),http://openapi.animal.go.kr/openapi/service/rest/fileDownloadSrvc/files/shelter/2026/05/202605131005134.jpg
447512202600461,한국 고양이,검은색흰색황토색조합,"어리고 25일령 된 새끼, 어미없이 형제죽고 남겨짐",F,문경농협마트앞,경상북도 문경시,종료(입양),http://openapi.animal.go.kr/openapi/service/rest/fileDownloadSrvc/files/shelter/2026/05/20260513150581.jpg
447512202600460,한국 고양이,흰색/검은색 얼룩무늬,"어리고 25일령 된 새끼, 어미없이 형제들은 죽고  남겨짐",M,문경농협마트앞,경상북도 문경시,종료(입양),http://openapi.animal.go.kr/openapi/service/rest/fileDownloadSrvc/files/shelter/2026/05/20260513150540.jpg
447506202600171,한국 고양이,레몬색&흰색,어리고 순함,F,어모면 갈마길 25,경상북도 김천시,종료(자연사),http://openapi.animal.go.kr/openapi/service/rest/fileDownloadSrvc/files/shelter/2026/04/202605131605993[1].jpg
447506202600170,한국 고양이,레몬색&흰색,어리고 약간 기력없음,F,어모면 갈마길 25,경상북도 김천시,보호중,http://openapi.animal.go.kr/openapi/service/rest/fileDownloadSrvc/files/shelter/2026/04/202605131605993.jpg
447506202600169,한국 고양이,레몬색&흰색,어리고 순함,M,어모면 갈마길 25,경상북도 김천시,보호중,http://openapi.animal.go.kr/openapi/service/rest/fileDownloadSrvc/files/shelter/2026/04/202605131605574.jpg
447505202600438,한국 고양이,검은색흰색황토색조합,아이컨택도 잘하고 호기심도 많은 나는야 삼색 얼굴천재 냐옹이!!,F,내남면 반구대로,경상북도 경주시,보호중,http://openapi.animal.go.kr/openapi/service/rest/fileDownloadSrvc/files/shelter/2026/05/202605131605683.jpg
447505202600437,한국 고양이,레몬색&흰색,똘망똘망 모든게 궁금하고 재밋는 나는 입이 매력적이다!!!,F,안강 선리치,경상북도 경주시,보호중,http://openapi.animal.go.kr/openapi/service/rest/fileDownloadSrvc/files/shelter/2026/05/202605131605713.jpg
447505202600436,한국 고양이,레몬색&흰색,호기심 많고 노는게 좋은 얼굴천재 고양이~!,M,안강 선리치,경상북도 경주시,보호중,http://openapi.animal.go.kr/openapi/service/rest/fileDownloadSrvc/files/shelter/2026/05/202605131505583.jpg
447505202600434,한국 고양이,기타(옅은황토색),남매들 중  가장 작고 여리여리 외모!! 더욱 열심히 성장할예정!,M,내남면 반구대로,경상북도 경주시,보호중,http://openapi.animal.go.kr/openapi/service/rest/fileDownloadSrvc/files/shelter/2026/05/202605131505288.jpg
447505202600433,한국 고양이,기타(옅은황토색),남매들 중 가장 브이라인~씩씩한 수컷 댕냥이가 되기위해 노력중~,M,내남면 반구대로,경상북도 경주시,보호중,http://openapi.animal.go.kr/openapi/service/rest/fileDownloadSrvc/files/shelter/2026/05/202605131505464[1].jpg
447505202600432,한국 고양이,기타(옅은황토색),어리둥절!! 흔하지 않은 색을 가진 호기심이 많은 아기고양이~!!,M,내남면 반구대로,경상북도 경주시,보호중,http://openapi.animal.go.kr/openapi/service/rest/fileDownloadSrvc/files/shelter/2026/05/202605131505767.jpg
447505202600431,한국 고양이,기타(옅은),나는야 야생 호랑이!!!!가 되고픈 냐옹이~공놀이 최고다냥,F,내남면 반구대로,경상북도 경주시,보호중,http://openapi.animal.go.kr/openapi/service/rest/fileDownloadSrvc/files/shelter/2026/04/20260513150570.jpg
447505202600430,한국 고양이,기타(옅은황토색),성숙한 공주가 되어가는중. 우선 또박 또박 당당하게 걷기!!성공~,F,내남면 반구대로,경상북도 경주시,보호중,http://openapi.animal.go.kr/openapi/service/rest/fileDownloadSrvc/files/shelter/2026/04/202605131505615[1].jpg
447505202600429,한국 고양이,기타(옅은황토색),눈매가 고양이계의 손석구. 하지만 공주랍니다~날 추앙해요~,F,내남면 반구대로,경상북도 경주시,보호중,http://openapi.animal.go.kr/openapi/service/rest/fileDownloadSrvc/files/shelter/2026/04/202605131505540.jpg
446483202600680,스코티시폴드,기타(흰회색),빛가람119센터에서구조 온순하고사람잘따름,F,나주시빛가람동119안전센터,전라남도 나주시,종료(반환),http://openapi.animal.go.kr/openapi/service/rest/fileDownloadSrvc/files/shelter/2026/04/202605131705185[1].jpg
445467202600992,믹스묘,기타(삼색),1주추정,F,군산수산물센터,전북특별자치도 군산시,종료(자연사),http://openapi.animal.go.kr/openapi/service/rest/fileDownloadSrvc/files/shelter/2026/05/202605131705154.jpg
445467202600991,믹스묘,기타(치즈),1주추정,M,군산수산물센터,전북특별자치도 군산시,종료(자연사),http://openapi.animal.go.kr/openapi/service/rest/fileDownloadSrvc/files/shelter/2026/05/202605131705581.jpg
445467202600990,믹스묘,기타(검/흰),1주추정,F,군산수산물센터,전북특별자치도 군산시,종료(자연사),http://openapi.animal.go.kr/openapi/service/rest/fileDownloadSrvc/files/shelter/2026/05/202605131705451.jpg
445464202601707,한국 고양이,흰색/검은색 얼룩무늬,이마가 흰색,F,전주자전거경륜장,전북특별자치도 전주시,보호중,http://openapi.animal.go.kr/openapi/service/rest/fileDownloadSrvc/files/shelter/2026/04/202605132305963.jpg
445464202601706,한국 고양이,검정색,콧등흰줄,M,전주자전거경륜장,전북특별자치도 전주시,보호중,http://openapi.animal.go.kr/openapi/service/rest/fileDownloadSrvc/files/shelter/2026/04/202605132305185.jpg
445464202601705,한국 고양이,검정색,코옆큰점,M,전주자전거경륜장,전북특별자치도 전주시,보호중,http://openapi.animal.go.kr/openapi/service/rest/fileDownloadSrvc/files/shelter/2026/04/202605132305201.jpg
445464202601704,한국 고양이,검정색,코옆작은점,M,전주자전거경륜장,전북특별자치도 전주시,보호중,http://openapi.animal.go.kr/openapi/service/rest/fileDownloadSrvc/files/shelter/2026/04/202605132305473.jpg
445464202601703,한국 고양이,평행·전체·부분줄무늬,갈색코,M,전주자전거경륜장,전북특별자치도 전주시,보호중,http://openapi.animal.go.kr/openapi/service/rest/fileDownloadSrvc/files/shelter/2026/04/202605132305606.jpg
445464202601702,한국 고양이,평행·전체·부분줄무늬,분홍코,M,전주자전거경륜장,전북특별자치도 전주시,보호중,http://openapi.animal.go.kr/openapi/service/rest/fileDownloadSrvc/files/shelter/2026/04/202605132305484.jpg
445464202601699,한국 고양이,검은색흰색황토색조합,손 탐/ 3마리 함께 박스에 담겨있었음,F,완산구 현무3길97,전북특별자치도 전주시,보호중,http://openapi.animal.go.kr/openapi/service/rest/fileDownloadSrvc/files/shelter/2026/05/202605131805612.jpg
445464202601698,한국 고양이,검은색흰색황토색조합,손 탐/ 3마리 함께 박스에 담겨있었음,F,완산구 현무3길97,전북특별자치도 전주시,보호중,http://openapi.animal.go.kr/openapi/service/rest/fileDownloadSrvc/files/shelter/2026/05/202605131805389.jpg
445464202601697,한국 고양이,검은색흰색황토색조합,손 탐/ 3마리 함께 박스에 담겨있었음,F,완산구 현무3길97,전북특별자치도 전주시,보호중,http://openapi.animal.go.kr/openapi/service/rest/fileDownloadSrvc/files/shelter/2026/05/202605131805994.jpg
445464202601696,한국 고양이,검정색,어미가 버리고감 ,M,맏내2길 13-6,전북특별자치도 전주시,종료(자연사),http://openapi.animal.go.kr/openapi/service/rest/fileDownloadSrvc/files/shelter/2026/05/202605131705312[1].jpg
445464202601695,한국 고양이,기타(턱시도),어미가 버리고 감,F,맏내2길 13-6,전북특별자치도 전주시,보호중,http://openapi.animal.go.kr/openapi/service/rest/fileDownloadSrvc/files/shelter/2026/05/202605131705476.jpg
444453202600677,한국 고양이,검은색흰색황토색조합,입소 당시 1개월령 추정,Q,양열로 282 엘마트서산점 ,충청남도 서산시,종료(자연사),http://openapi.animal.go.kr/openapi/service/rest/fileDownloadSrvc/files/shelter/2026/04/202605131705665.jpg
444453202600676,한국 고양이,검정색,입소 당시 1개월령 추정,Q,양열로 282 엘마트서산점 ,충청남도 서산시,종료(자연사),http://openapi.animal.go.kr/openapi/service/rest/fileDownloadSrvc/files/shelter/2026/04/202605131705367.jpg
444452202601167,믹스묘,"기타(검정,흰색)",26-1167호(관리)162호(공고)/덫에 의한 양쪽 전지 절단/괴사/탈진,M,도고면 온천대로 170,충청남도 아산시,종료(안락사),http://openapi.animal.go.kr/openapi/service/rest/fileDownloadSrvc/files/shelter/2026/05/20260513160571.jpg
444451202600485,한국 고양이,레몬색&흰색,.,F,보령시 맷독1길 26,충청남도 보령시,보호중,http://openapi.animal.go.kr/openapi/service/rest/fileDownloadSrvc/files/shelter/2026/05/202605131005109.jpg
444451202600484,한국 고양이,흰색/검은색 얼룩무늬,.,M,보령시 맷독1길 26,충청남도 보령시,보호중,http://openapi.animal.go.kr/openapi/service/rest/fileDownloadSrvc/files/shelter/2026/05/202605131005694.jpg
444451202600483,한국 고양이,레몬색&흰색,.,M,보령시 맷독1길 26,충청남도 보령시,보호중,http://openapi.animal.go.kr/openapi/service/rest/fileDownloadSrvc/files/shelter/2026/05/202605131005975.jpg
442434202600199,한국 고양이,평행·전체·부분줄무늬,매우 귀엽고 순함,M,죽왕면 향목리,강원특별자치도 고성군,종료(입양),http://openapi.animal.go.kr/openapi/service/rest/fileDownloadSrvc/files/shelter/2026/04/202605131105826.jpg
442434202600198,한국 고양이,평행·전체·부분줄무늬,순함,M,죽왕면 향목리,강원특별자치도 고성군,종료(입양),http://openapi.animal.go.kr/openapi/service/rest/fileDownloadSrvc/files/shelter/2026/04/202605131105903.jpg
442434202600197,한국 고양이,평행·전체·부분줄무늬,순함,F,죽왕면 향목리,강원특별자치도 고성군,보호중,http://openapi.animal.go.kr/openapi/service/rest/fileDownloadSrvc/files/shelter/2026/04/20260513110545[1].jpg
442423202600206,한국 고양이,레몬색&흰색,허피스감염,F,장안로4길9-5,강원특별자치도 속초시,종료(자연사),http://openapi.animal.go.kr/openapi/service/rest/fileDownloadSrvc/files/shelter/2026/05/202605130905922.jpg
441554202600997,한국 고양이,기타(삼색),"5-41, 40일령, 허피스, 많이 야윈 상태, 설사",F,광주시 도척면 추곡리 일대,경기도 광주시,종료(자연사),http://openapi.animal.go.kr/openapi/service/rest/fileDownloadSrvc/files/shelter/2026/04/202605131805819.jpg
441554202600993,한국 고양이,기타(노랑색),"5-37, 40일령, 새끼둘만 발견됨, 설사 심함, 기력적음",M,광주시 태전동 일대,경기도 광주시,보호중,http://openapi.animal.go.kr/openapi/service/rest/fileDownloadSrvc/files/shelter/2026/04/202605131505207.jpg
441554202600992,한국 고양이,기타(삼색),"5-36, 40일령, 새끼둘만 발견됨, 설사 심함",F,광주시 태전동 일대,경기도 광주시,보호중,http://openapi.animal.go.kr/openapi/service/rest/fileDownloadSrvc/files/shelter/2026/04/202605131505307.jpg
441554202600991,한국 고양이,기타(고등어색),"5-35, 5일령 미만 젖먹이, 어미가 며칠째 보이지 않음",F,광주시 초월읍 지월리 일대,경기도 광주시,보호중,http://openapi.animal.go.kr/openapi/service/rest/fileDownloadSrvc/files/shelter/2026/04/202605131405644.jpg
441553202601661,한국 고양이,레몬색&흰색,너무 순하고 이쁘게 생긴 치즈냥이/똘망똘망 눈이 이쁨,Q,동탄구 노작로 인근,경기도 화성시,종료(입양),http://openapi.animal.go.kr/openapi/service/rest/fileDownloadSrvc/files/shelter/2026/04/202605131605325.jpg
441553202601660,한국 고양이,레몬색&흰색,너무 귀엽게 생긴 젖먹이 아기냥이/상태 괜찮은편/밥 잘먹음/수유임보 가능,Q,기안동 인근,경기도 화성시,종료(자연사),http://openapi.animal.go.kr/openapi/service/rest/fileDownloadSrvc/files/shelter/2026/04/20260513150541.jpg
441405202601219,한국 고양이,흰색/검은색 얼룩무늬,"올망졸망 귀여운 4마리 함께 입소, 생후 3주령 추정",M,수지구 수풍로 102 수지중학교,경기도 용인시,종료(안락사),http://openapi.animal.go.kr/openapi/service/rest/fileDownloadSrvc/files/shelter/2026/04/202605131605918.jpg
441405202601218,한국 고양이,검은색흰색황토색조합,"올망졸망 귀여운 4마리 함께 입소, 생후 3주령 추정",F,수지구 수풍로 102 수지중학교,경기도 용인시,종료(안락사),http://openapi.animal.go.kr/openapi/service/rest/fileDownloadSrvc/files/shelter/2026/04/202605131605554.jpg
441405202601217,한국 고양이,레몬색&흰색,"올망졸망 귀여운 4마리 함께 입소, 생후 3주령 추정",M,수지구 수풍로 102 수지중학교,경기도 용인시,종료(안락사),http://openapi.animal.go.kr/openapi/service/rest/fileDownloadSrvc/files/shelter/2026/04/202605131605861.jpg
441405202601216,한국 고양이,"기타(검, 흰색)","올망졸망 귀여운 4마리 함께 입소, 생후 3주령 추정",M,수지구 수풍로 102 수지중학교,경기도 용인시,종료(안락사),http://openapi.animal.go.kr/openapi/service/rest/fileDownloadSrvc/files/shelter/2026/04/20260513160525.jpg
441394202600932,한국 고양이,기타(치즈),부상묘,F,화정동 811-5 부근,경기도 고양시,보호중,http://openapi.animal.go.kr/openapi/service/rest/fileDownloadSrvc/files/shelter/2026/05/202605131505501.jpg
441394202600929,아메리칸 쇼트헤어,은색/검정색 줄무늬,유기묘,Q,덕이동 1529 부근,경기도 고양시,종료(반환),http://openapi.animal.go.kr/openapi/service/rest/fileDownloadSrvc/files/shelter/2026/05/202605131505163.jpg
441393202600568,한국 고양이,기타(갈백),"수유필요,2주추정,예후불량,기력없음,탈수심함",M,삼리로24 부근,경기도 안산시,종료(자연사),http://openapi.animal.go.kr/openapi/service/rest/fileDownloadSrvc/files/shelter/2026/04/202605131705653.jpg
441386202600631,한국 고양이,검은색흰색황토색조합,(입소당시) 교통사고. 기립불능. 예후극히불량.,M,원미동 41-11,경기도 부천시,종료(자연사),http://openapi.animal.go.kr/openapi/service/rest/fileDownloadSrvc/files/shelter/2026/05/202605131405720.jpg
441374202600546,한국 고양이,기타(흑갈백색),어림(1주미만),Q,권선구 경수대로302번길 22(권선동),경기도 수원시,종료(자연사),http://openapi.animal.go.kr/openapi/service/rest/fileDownloadSrvc/files/shelter/2026/05/202605131505354[1].jpg
441374202600545,한국 고양이,기타(고등어),"어림(2주추정), 결막염",Q,영통구 중부대로246번길 34(매탄동),경기도 수원시,보호중,http://openapi.animal.go.kr/openapi/service/rest/fileDownloadSrvc/files/shelter/2026/05/202605131505734[1].jpg
441374202600544,한국 고양이,기타(흑갈백색),"어림(2주추정), 결막염",Q,영통구 중부대로246번길 34(매탄동),경기도 수원시,보호중,http://openapi.animal.go.kr/openapi/service/rest/fileDownloadSrvc/files/shelter/2026/05/202605131505993.jpg
441374202600543,한국 고양이,기타(회색),"어림(2주추정), 결막염",Q,영통구 중부대로246번길 34(매탄동),경기도 수원시,보호중,http://openapi.animal.go.kr/openapi/service/rest/fileDownloadSrvc/files/shelter/2026/05/202605131505994.jpg
431372202600330,한국 고양이,평행·전체·부분줄무늬,활력저하,F,매곡동,울산광역시 북구,보호중,http://openapi.animal.go.kr/openapi/service/rest/fileDownloadSrvc/files/shelter/2026/05/202605131305625.jpg
431370202600267,한국 고양이,검은색흰색황토색조합,어리고 허약 장염,F,남구 대학로84번길5-8 하수구,울산광역시 남구,보호중,http://openapi.animal.go.kr/openapi/service/rest/fileDownloadSrvc/files/shelter/2026/04/202605131605145[1].jpg
431370202600257,한국 고양이,기타(치즈색),"호흡기질환,결막염",M,신정로68번길,울산광역시 남구,보호중,http://openapi.animal.go.kr/openapi/service/rest/fileDownloadSrvc/files/shelter/2026/05/202605131605719.jpg
431370202600256,한국 고양이,기타(검정/흰색),"설사장염,성격온순함",M,대학로84번길,울산광역시 남구,보호중,http://openapi.animal.go.kr/openapi/service/rest/fileDownloadSrvc/files/shelter/2026/05/202605131605135.jpg
431370202600255,한국 고양이,기타(검/흰/황),"설사장염,성격온순함",M,대학로84번길,울산광역시 남구,보호중,http://openapi.animal.go.kr/openapi/service/rest/fileDownloadSrvc/files/shelter/2026/05/202605131605248.jpg
428358202600105,한국 고양이,기타(치즈테비),"앞,뒷다리 외상,구내염,감기,눈꼽,결막염 ",M,옹진군 영흥면 사무소,인천광역시 옹진군,종료(자연사),http://openapi.animal.go.kr/openapi/service/rest/fileDownloadSrvc/files/shelter/2026/04/202605131305180.jpg
428356202600582,한국 고양이,평행·전체·부분줄무늬,"2-3일 추정, 깨끗함, 눈 못뜸, 딸기코가 매력적, 예쁜 수유냥이",F,에메랄드로76번길 21,인천광역시 서구,종료(자연사),http://openapi.animal.go.kr/openapi/service/rest/fileDownloadSrvc/files/shelter/2026/04/202605131305791.jpg
427346202600490,한국 고양이,검은색흰색황토색조합,"저체중, 저체온, 기력 불량",F,달구벌대로 568길 32,대구광역시 수성구,종료(자연사),http://openapi.animal.go.kr/openapi/service/rest/fileDownloadSrvc/files/shelter/2026/04/202605131805127.jpg
427346202600489,한국 고양이,검정색,올블랙 냥이 입니다..실물이 더 예뻐요....,M,대구 경찰청,대구광역시 수성구,보호중,http://openapi.animal.go.kr/openapi/service/rest/fileDownloadSrvc/files/shelter/2026/05/202605131505120.jpg
427346202600488,한국 고양이,기타(치즈),"사람잘따름,씻기고치료중",M,노변로55 네일샵앞,대구광역시 수성구,보호중,http://openapi.animal.go.kr/openapi/service/rest/fileDownloadSrvc/files/shelter/2026/05/202605131005393.jpg
427346202600487,한국 고양이,흰색/검은색 얼룩무늬,다른 친구 냥이와도 잘 어울리고 장난끼도 많아요...,F,동대구로12길41,대구광역시 수성구,보호중,http://openapi.animal.go.kr/openapi/service/rest/fileDownloadSrvc/files/shelter/2026/04/202605131005220.jpg
427346202600486,한국 고양이,기타(삼색),얌전하고 귀여워요....사료 적은 중입니다....ㅣ,F,황금동778,대구광역시 수성구,보호중,http://openapi.animal.go.kr/openapi/service/rest/fileDownloadSrvc/files/shelter/2026/04/202605130905931.jpg
427341202600254,한국 고양이,검정색,기력없음 탈진,Q,중구 계산동2가 267-1,대구광역시 중구,보호중,http://openapi.animal.go.kr/openapi/service/rest/fileDownloadSrvc/files/shelter/2026/04/202605131505931.jpg
427341202600253,한국 고양이,흰색/검은색 얼룩무늬,"1-2달 추정 , 코에 점이 있어요",M,대봉동 태왕아너스 아파트,대구광역시 중구,보호중,http://openapi.animal.go.kr/openapi/service/rest/fileDownloadSrvc/files/shelter/2026/04/202605131505716.jpg
426338202600086,믹스묘,기타(검&갈&흰),"다리 부상, 순함, 귀여움, 검+갈+흰",F,수영로 666번길 6,부산광역시 수영구,보호중,http://openapi.animal.go.kr/openapi/service/rest/fileDownloadSrvc/files/shelter/2026/04/202605131005142.jpg
426337202600191,한국 고양이,기타(검은색흰색),불량(안염),M,배산북로 14,부산광역시 연제구,보호중,http://openapi.animal.go.kr/openapi/service/rest/fileDownloadSrvc/files/shelter/2026/04/202605131305391[1].jpg
426337202600190,한국 고양이,기타(검은색갈색),불량(쇠약)기력저하,M,배산북로 15,부산광역시 연제구,종료(자연사),http://openapi.animal.go.kr/openapi/service/rest/fileDownloadSrvc/files/shelter/2026/04/202605131305566.jpg
426337202600189,한국 고양이,기타(갈검흰색),불량(쇠약),F,배산북로 15,부산광역시 연제구,보호중,http://openapi.animal.go.kr/openapi/service/rest/fileDownloadSrvc/files/shelter/2026/04/202605131305731.jpg
445473202600303,한국 고양이,검정색,허피스치료,M,동향면 진성로 1142-1,전북특별자치도 진안군,보호중,http://openapi.animal.go.kr/openapi/service/rest/fileDownloadSrvc/files/shelter/2026/05/202605131605793.jpg
445473202600302,한국 고양이,검정색,허피스치료,M,동향면 진성로 1142-1,전북특별자치도 진안군,보호중,http://openapi.animal.go.kr/openapi/service/rest/fileDownloadSrvc/files/shelter/2026/05/202605131605412[1].jpg
445473202600301,한국 고양이,평행·전체·부분줄무늬,허피스치료,F,동향면 진성로 1142-1,전북특별자치도 진안군,보호중,http://openapi.animal.go.kr/openapi/service/rest/fileDownloadSrvc/files/shelter/2026/05/202605131605757.jpg
445473202600300,한국 고양이,평행·전체·부분줄무늬,허피스치료,M,동향면 진성로 1142-1,전북특별자치도 진안군,종료(입양),http://openapi.animal.go.kr/openapi/service/rest/fileDownloadSrvc/files/shelter/2026/05/202605131605610.jpg
429360202600222,한국 고양이,검은색흰색황토색조합,26-7123 ,F,서구 치평동 라인대주아파트,광주광역시 서구,종료(자연사),http://openapi.animal.go.kr/openapi/service/rest/fileDownloadSrvc/files/shelter/2026/05/202605131405704.jpg
431371202600285,한국 고양이,평행·전체·부분줄무늬,"다른 개체는 모두 죽어 있고, 온몸에 배변이 묻어 있었던 상황으로 감염성 질병에 대한 관리 필요",Q,전하동 진성 10길,울산광역시 동구,보호중,http://openapi.animal.go.kr/openapi/service/rest/fileDownloadSrvc/files/shelter/2026/05/202605191805444.jpg
426326202600072,한국 고양이,레몬색&흰색,"젖먹이,어미없이버려짐,인공수유,기력없음,서구2-38",Q,토성역 인근,부산광역시 서구,보호중,http://openapi.animal.go.kr/openapi/service/rest/fileDownloadSrvc/files/shelter/2026/04/202605201205587.jpg
426326202600071,한국 고양이,기타(치즈),"입과다리에출혈,기력없음,영양상태부족,서구2-37",M,구청당직실,부산광역시 서구,보호중,http://openapi.animal.go.kr/openapi/service/rest/fileDownloadSrvc/files/shelter/2026/04/20260520120576.jpg
441398202600218,먼치킨,흰색,"코검정/분홍, 치석, 온순, 털 상태 양호, 우측 이마에 무늬",M,경기 구리시 교문동 537 인근,경기도 구리시,보호중,http://openapi.animal.go.kr/openapi/service/rest/fileDownloadSrvc/files/shelter/2026/05/202605181905273.jpeg
443445202600297,한국 고양이,기타(태비화이트),유약함/예후는 지켜봐야함,M,이월면 송림1길 19,충청북도 진천군,종료(자연사),http://openapi.animal.go.kr/openapi/service/rest/fileDownloadSrvc/files/shelter/2026/04/202605151305944.jpeg
443445202600296,한국 고양이,기타(태비화이트),유약함/예후는 지켜봐야함,F,이월면 송림1길 19,충청북도 진천군,종료(자연사),http://openapi.animal.go.kr/openapi/service/rest/fileDownloadSrvc/files/shelter/2026/04/20260515130537.jpeg
443445202600295,한국 고양이,기타(태비화이트),오른쪽앞다리 기형/유약함/예후는 지켜봐야함,M,이월면 송림1길 19,충청북도 진천군,종료(자연사),http://openapi.animal.go.kr/openapi/service/rest/fileDownloadSrvc/files/shelter/2026/04/202605151305619.jpeg
426334202600344,한국 고양이,검은색흰색황토색조합,"어미없이버려짐,영양상태부족,기력없음",Q,하단119안전센터,부산광역시 사하구,보호중,http://openapi.animal.go.kr/openapi/service/rest/fileDownloadSrvc/files/shelter/2026/04/202605151105577.jpg
426334202600343,한국 고양이,검은색흰색황토색조합,"어미없이버려짐,영양상태부족,기력없음",Q,하단119안전센터,부산광역시 사하구,보호중,http://openapi.animal.go.kr/openapi/service/rest/fileDownloadSrvc/files/shelter/2026/04/202605151105659.jpg
426334202600342,한국 고양이,검은색흰색황토색조합,"어미없이버려짐,영양상태부족,기력없음",Q,하단119안전센터,부산광역시 사하구,보호중,http://openapi.animal.go.kr/openapi/service/rest/fileDownloadSrvc/files/shelter/2026/04/202605151105231.jpg
426334202600337,한국 고양이,레몬색&흰색,"어미없이버려짐,영양상태부족,기력없음",Q,하단119안전센터,부산광역시 사하구,보호중,http://openapi.animal.go.kr/openapi/service/rest/fileDownloadSrvc/files/shelter/2026/04/202605151005716.jpg
426334202600336,한국 고양이,레몬색&흰색,"어미없이버려짐,영양상태부족,기력없음",Q,다송로 59,부산광역시 사하구,보호중,http://openapi.animal.go.kr/openapi/service/rest/fileDownloadSrvc/files/shelter/2026/04/202605151005591[1].jpg
426334202600335,한국 고양이,검은색흰색황토색조합,"3두동시입소,어미없이버려짐,영양상태부족",Q,두송로 144,부산광역시 사하구,보호중,http://openapi.animal.go.kr/openapi/service/rest/fileDownloadSrvc/files/shelter/2026/04/202605151005833.jpg
426334202600334,한국 고양이,검은색흰색황토색조합,"3두동시입소,어미없이버려짐,영양상태부족",Q,두송로 144,부산광역시 사하구,보호중,http://openapi.animal.go.kr/openapi/service/rest/fileDownloadSrvc/files/shelter/2026/04/202605151005961.jpg
426334202600333,한국 고양이,평행·전체·부분줄무늬,"3두동시입소,어미없이버려짐,영양상태부족",Q,두송로 144,부산광역시 사하구,보호중,http://openapi.animal.go.kr/openapi/service/rest/fileDownloadSrvc/files/shelter/2026/04/202605151005906.jpg
441559202600664,한국 고양이,평행·전체·부분줄무늬,눈곱. 콧물. 털 상태 양호. ,M,경기 양주시 장흥면 일영리 429-2,경기도 양주시,종료(자연사),http://openapi.animal.go.kr/openapi/service/rest/fileDownloadSrvc/files/shelter/2026/05/202605131605988.jpg
431372202600332,한국 고양이,레몬색&흰색,건강함,Q,상당로,울산광역시 북구,보호중,http://openapi.animal.go.kr/openapi/service/rest/fileDownloadSrvc/files/shelter/2026/05/202605141705149.jpg
426336202600120,한국 고양이,검은색흰색황토색조합,"어미없이버려짐,젖먹이,안질환,강서2-25",Q,명지 증흥S클래스 아파트,부산광역시 강서구,보호중,http://openapi.animal.go.kr/openapi/service/rest/fileDownloadSrvc/files/shelter/2026/04/202605141705347.jpg
450650202601136,한국 고양이,기타(갈색),개체관리번호 26179 - 3주차,M,서귀포시 동홍동 동홍중앙로77 나드리마트 인근,제주특별자치도,보호중,http://openapi.animal.go.kr/openapi/service/rest/fileDownloadSrvc/files/shelter/2026/04/202605131405735[1].jpg
450650202601135,한국 고양이,기타(갈색),개체관리번호 26178 - 3주차,M,서귀포시 동홍동 동홍중앙로77 나드리마트 인근,제주특별자치도,보호중,http://openapi.animal.go.kr/openapi/service/rest/fileDownloadSrvc/files/shelter/2026/04/202605131405462.jpg
450650202601134,한국 고양이,기타(갈색),개체관리번호 26177 - 4주차,F,제주시 건입동 연무정길67,제주특별자치도,보호중,http://openapi.animal.go.kr/openapi/service/rest/fileDownloadSrvc/files/shelter/2026/04/202605131405158.jpg
448535202600343,한국 고양이,레몬색&흰색,"김해시-327, 3개월미만 추정, 어미잃은 젖먹이 새끼 고양이, 허약, 탈진",Q,김해시 삼계로 248,경상남도 김해시,보호중,http://openapi.animal.go.kr/openapi/service/rest/fileDownloadSrvc/files/shelter/2026/05/202605131105726.png
446483202600676,한국 고양이,기타(갈검흰),생후40일정도로보임 온순함,F,나주시남평읍오계리31쌍둥이가든,전라남도 나주시,보호중,http://openapi.animal.go.kr/openapi/service/rest/fileDownloadSrvc/files/shelter/2026/04/202605131705490.jpg
446483202600674,한국 고양이,기타(갈검흰),생후40일정도로보임 온순함,F,나주시남평읍오계리31쌍둥이가든,전라남도 나주시,보호중,http://openapi.animal.go.kr/openapi/service/rest/fileDownloadSrvc/files/shelter/2026/04/202605131605309.jpg
446483202600673,한국 고양이,기타(흰갈검),생후40일정도로보임 온순함,M,나주시남평읍오계리31쌍둥이가든,전라남도 나주시,보호중,http://openapi.animal.go.kr/openapi/service/rest/fileDownloadSrvc/files/shelter/2026/04/202605131605637.jpg
446483202600672,한국 고양이,기타(흰갈검),생후40일정도로보임 온순함,M,나주시남평읍오계리31쌍둥이가든,전라남도 나주시,보호중,http://openapi.animal.go.kr/openapi/service/rest/fileDownloadSrvc/files/shelter/2026/04/202605131605865.jpg
446483202600670,한국 고양이,기타(갈흰),생후3주정도로보임 온순함,M,나주시송현길77-11,전라남도 나주시,보호중,http://openapi.animal.go.kr/openapi/service/rest/fileDownloadSrvc/files/shelter/2026/04/202605131605734.jpg
446483202600669,한국 고양이,기타(갈흰),생후3주정도로보임 온순함,F,나주시송현길77-11,전라남도 나주시,보호중,http://openapi.animal.go.kr/openapi/service/rest/fileDownloadSrvc/files/shelter/2026/04/20260513160503[1].jpg
446483202600668,한국 고양이,검은색흰색황토색조합,생후3주정도로보임 온순함,M,나주시송현길77-11,전라남도 나주시,보호중,http://openapi.animal.go.kr/openapi/service/rest/fileDownloadSrvc/files/shelter/2026/04/202605131605246.jpg
446483202600667,한국 고양이,검은색흰색황토색조합,생후3주정도로보임 온순함,M,나주시송현길77-11,전라남도 나주시,보호중,http://openapi.animal.go.kr/openapi/service/rest/fileDownloadSrvc/files/shelter/2026/04/202605131605318.jpg
444454202600731,한국 고양이,기타(회백색),"신고자센터방문,어미가없는자묘",F,내동,충청남도 논산시,보호중,http://openapi.animal.go.kr/openapi/service/rest/fileDownloadSrvc/files/shelter/2026/04/20260513130537.jpg
442423202600205,한국 고양이,기타(회/검),허피스 감염,M,성호아파트 102동 놀이터,강원특별자치도 속초시,종료(자연사),http://openapi.animal.go.kr/openapi/service/rest/fileDownloadSrvc/files/shelter/2026/05/202605130905671.jpg
441553202601656,한국 고양이,흰색/검은색 얼룩무늬,순둥순둥한 외모를 가지고 있음/겁이조금 있음/ 너무 온순함,Q,병점역 센트럴허브시티인근,경기도 화성시,종료(입양),http://openapi.animal.go.kr/openapi/service/rest/fileDownloadSrvc/files/shelter/2026/05/202605131405400.jpg
441553202601647,한국 고양이,검정색,손바닥 보다 작은아이/ 생각보다 수유를 잘 먹어주고 있음/ 수유임보 가능,Q,우정읍 버들로인근,경기도 화성시,보호중,http://openapi.animal.go.kr/openapi/service/rest/fileDownloadSrvc/files/shelter/2026/05/202605131305598.jpg
441406202600481,한국 고양이,기타(검/흰),눈곱. 콧물. 털 상태 양호. ,F,경기 파주시 중앙로 160 (금릉동),경기도 파주시,종료(자연사),http://openapi.animal.go.kr/openapi/service/rest/fileDownloadSrvc/files/shelter/2026/05/202605131505145[1].jpg
441406202600478,믹스묘,기타(갈/검),뱅갈 믹스 추정. 온순. 얌전. 사람 잘 따름. 눈곱. 콧물. 여윔. 기력 없음. ,M,경기 파주시 동패동 2155,경기도 파주시,보호중,http://openapi.animal.go.kr/openapi/service/rest/fileDownloadSrvc/files/shelter/2026/05/202605131505364.jpg
441394202600919,한국 고양이,기타(고등어),유기묘 / 아기고양이,M,장항동 883 부근,경기도 고양시,종료(자연사),http://openapi.animal.go.kr/openapi/service/rest/fileDownloadSrvc/files/shelter/2026/05/202605121605575.jpg
441392202600095,한국 고양이,기타(노랑),코 분홍. 콧물. 성격활발. 약간 때탐.,F,경기 동두천시 방죽로 23 (생연동) 인근,경기도 동두천시,종료(자연사),http://openapi.animal.go.kr/openapi/service/rest/fileDownloadSrvc/files/shelter/2026/04/202605131505838[1].jpg
441392202600094,한국 고양이,기타(노랑),눈 못뜸. 눈꼽. 온순. 털 상태 양호.,F,경기 동두천시 방죽로 23 (생연동) 인근,경기도 동두천시,보호중,http://openapi.animal.go.kr/openapi/service/rest/fileDownloadSrvc/files/shelter/2026/04/202605131505451.jpg
441392202600093,한국 고양이,기타(검/흰),눈 못뜸. 콧물. 온순. 얌전. 털상태 양호.,F,경기 동두천시 방죽로 23 (생연동) 인근,경기도 동두천시,종료(자연사),http://openapi.animal.go.kr/openapi/service/rest/fileDownloadSrvc/files/shelter/2026/04/202605131505126.jpg
441392202600092,한국 고양이,기타(검/흰),기력 없음. 저체온. 기립 불능. 눈곱. 콧물. ,F,경기 동두천시 지행동 691-7,경기도 동두천시,종료(자연사),http://openapi.animal.go.kr/openapi/service/rest/fileDownloadSrvc/files/shelter/2026/04/202605131505520.jpg
431373202600731,한국 고양이,평행·전체·부분줄무늬,온순함,M,청량읍 청량천변로,울산광역시 울주군,보호중,http://openapi.animal.go.kr/openapi/service/rest/fileDownloadSrvc/files/shelter/2026/04/202605131205842.jpg
431373202600730,한국 고양이,레몬색&흰색,온순함,F,청량읍 청량천변로,울산광역시 울주군,보호중,http://openapi.animal.go.kr/openapi/service/rest/fileDownloadSrvc/files/shelter/2026/04/202605131105953.jpg
431373202600729,한국 고양이,평행·전체·부분줄무늬,활발하고 힘좋음,M,청량읍 청량천변로,울산광역시 울주군,보호중,http://openapi.animal.go.kr/openapi/service/rest/fileDownloadSrvc/files/shelter/2026/04/202605131105125.jpg
431373202600728,한국 고양이,레몬색&흰색,엄청 활발,Q,두동면 삼정리,울산광역시 울주군,보호중,http://openapi.animal.go.kr/openapi/service/rest/fileDownloadSrvc/files/shelter/2026/04/202605130905621.jpg
431372202600331,한국 고양이,기타(흰/검정색),온순함,F,두부곡4길,울산광역시 북구,보호중,http://openapi.animal.go.kr/openapi/service/rest/fileDownloadSrvc/files/shelter/2026/04/202605131505510.jpg
431371202600275,한국 고양이,흰색/검은색 얼룩무늬,"손등, 입주위 털 빠짐",Q,서부아파트,울산광역시 동구,보호중,http://openapi.animal.go.kr/openapi/service/rest/fileDownloadSrvc/files/shelter/2026/05/202605122105268[1].jpg
431371202600274,한국 고양이,흰색/검은색 얼룩무늬,링웜 주의(현재는 털빠짐 없음),Q,서부아파트,울산광역시 동구,보호중,http://openapi.animal.go.kr/openapi/service/rest/fileDownloadSrvc/files/shelter/2026/05/202605122105915[1].jpg
431371202600273,한국 고양이,흰색/검은색 얼룩무늬,팔 안쪽 털빠짐,Q,서부아파트,울산광역시 동구,보호중,http://openapi.animal.go.kr/openapi/service/rest/fileDownloadSrvc/files/shelter/2026/05/202605122105351.jpg
431371202600272,한국 고양이,검은색흰색황토색조합,건강함,Q,화암2길 3 썬라이즈,울산광역시 동구,보호중,http://openapi.animal.go.kr/openapi/service/rest/fileDownloadSrvc/files/shelter/2026/05/202605122105653.jpg
431369202600267,한국 고양이,흰색/검은색 얼룩무늬,"눈아직 못뜸, 활동력 있음",M,다운동 행정복지센터,울산광역시 중구,보호중,http://openapi.animal.go.kr/openapi/service/rest/fileDownloadSrvc/files/shelter/2026/04/202605131605890.jpg
431369202600266,한국 고양이,흰색/검은색 얼룩무늬,허약함,M,다운동 행정복지센터,울산광역시 중구,보호중,http://openapi.animal.go.kr/openapi/service/rest/fileDownloadSrvc/files/shelter/2026/04/202605131605157.jpg
431369202600265,한국 고양이,흰색/검은색 얼룩무늬,허약함,M,다운동 행정복지센터,울산광역시 중구,보호중,http://openapi.animal.go.kr/openapi/service/rest/fileDownloadSrvc/files/shelter/2026/04/202605131605683.jpg
430367202600292,한국 고양이,기타(검백),93-97 동시구조,Q,테크노6로 36,대전광역시 유성구,종료(자연사),http://openapi.animal.go.kr/openapi/service/rest/fileDownloadSrvc/files/shelter/2026/04/202605131405456.png
430367202600291,한국 고양이,기타(검백),93-97 동시구조,Q,테크노6로 36,대전광역시 유성구,종료(안락사),http://openapi.animal.go.kr/openapi/service/rest/fileDownloadSrvc/files/shelter/2026/04/202605131405212.png
430367202600290,한국 고양이,기타(백황),93-97 동시구조,Q,테크노6로 36,대전광역시 유성구,종료(자연사),http://openapi.animal.go.kr/openapi/service/rest/fileDownloadSrvc/files/shelter/2026/04/202605131405689.png
430367202600289,한국 고양이,기타(검백),93-97 동시구조,Q,테크노6로 36,대전광역시 유성구,종료(자연사),http://openapi.animal.go.kr/openapi/service/rest/fileDownloadSrvc/files/shelter/2026/04/202605131405306.png
430367202600288,한국 고양이,기타(검백),93-97 동시구조,Q,테크노6로 36,대전광역시 유성구,종료(자연사),http://openapi.animal.go.kr/openapi/service/rest/fileDownloadSrvc/files/shelter/2026/04/202605131405775.png
428357202600703,한국 고양이,검은색흰색황토색조합,기력저하. 탈수,F,황청포구로333번길 32-16 (구하리),인천광역시 강화군,종료(자연사),http://openapi.animal.go.kr/openapi/service/rest/fileDownloadSrvc/files/shelter/2026/05/20260513100519.jpg
428355202600199,믹스묘,기타(갈검색),"교통사고추정,기립불능,구강출혈,안구부상",F,계양소방서(작전시장),인천광역시 계양구,보호중,http://openapi.animal.go.kr/openapi/service/rest/fileDownloadSrvc/files/shelter/2026/04/202605130005706.jpg
428355202600198,한국 고양이,레몬색&흰색,"장염증상있슴,원기부족",F,서운동 55-67 에이플러스,인천광역시 계양구,보호중,http://openapi.animal.go.kr/openapi/service/rest/fileDownloadSrvc/files/shelter/2026/04/202605122305447.jpg
428355202600197,한국 고양이,검은색흰색황토색조합,"안구염증,인공수유필요",F,계산동933-4 알뜰전기,인천광역시 계양구,보호중,http://openapi.animal.go.kr/openapi/service/rest/fileDownloadSrvc/files/shelter/2026/04/202605122305609.jpg
428355202600196,한국 고양이,레몬색&흰색,인공수유필요,F,계산동933-4 알뜰전기,인천광역시 계양구,보호중,http://openapi.animal.go.kr/openapi/service/rest/fileDownloadSrvc/files/shelter/2026/04/202605122305366.jpg
428355202600195,한국 고양이,레몬색&흰색,"안구염증,인공수유필요",F,계산동933-4 알뜰전기,인천광역시 계양구,보호중,http://openapi.animal.go.kr/openapi/service/rest/fileDownloadSrvc/files/shelter/2026/04/202605122305920.jpg
428354202600392,한국 고양이,검은색흰색황토색조합,어미잃은 자묘,F,부평시장,인천광역시 부평구,보호중,http://openapi.animal.go.kr/openapi/service/rest/fileDownloadSrvc/files/shelter/2026/05/202605121305288.jpg
428354202600391,한국 고양이,검은색흰색황토색조합,어미잃은 자묘,F,부평시장,인천광역시 부평구,보호중,http://openapi.animal.go.kr/openapi/service/rest/fileDownloadSrvc/files/shelter/2026/05/20260512120503[1].jpg
428354202600390,한국 고양이,흰색/검은색 얼룩무늬,어미잃은 자묘,Q,부평시장,인천광역시 부평구,보호중,http://openapi.animal.go.kr/openapi/service/rest/fileDownloadSrvc/files/shelter/2026/05/202605121205839.jpg
428354202600389,한국 고양이,레몬색&흰색,어미잃은 자묘,Q,부평시장,인천광역시 부평구,보호중,http://openapi.animal.go.kr/openapi/service/rest/fileDownloadSrvc/files/shelter/2026/05/202605121205500.jpg
428354202600388,한국 고양이,레몬색&흰색,어미잃은 자묘,Q,부평시장,인천광역시 부평구,보호중,http://openapi.animal.go.kr/openapi/service/rest/fileDownloadSrvc/files/shelter/2026/05/202605121205421[1].jpg
428352202600319,한국 고양이,기타(반고등어),"소방서에서 구조, 새끼3마리 함께 구조 , 밤색이 좀 섞여있음 ",M,연수구 청량로109번길 46 온담 앞,인천광역시 연수구,보호중,http://openapi.animal.go.kr/openapi/service/rest/fileDownloadSrvc/files/shelter/2026/04/202605131405219.jpg
428352202600318,한국 고양이,기타(반고등어),"소방서에서 구조, 새끼3마리 함께 구조",M,연수구 청량로109번길 46 온담 앞,인천광역시 연수구,보호중,http://openapi.animal.go.kr/openapi/service/rest/fileDownloadSrvc/files/shelter/2026/04/202605131405770[1].jpg
428352202600316,한국 고양이,기타(고등어테비),"소방서에서 구조, 새끼3마리 함께 구조 ",M,연수구 청량로109번길 46 온담 앞,인천광역시 연수구,보호중,http://openapi.animal.go.kr/openapi/service/rest/fileDownloadSrvc/files/shelter/2026/04/20260513140516.jpg
428352202600314,한국 고양이,흰색,"소방서에서 구조, 온순함, 새끼 3마리와 함께 구조됨  ",F,연수구 청량로109번길 46 온담 앞,인천광역시 연수구,보호중,http://openapi.animal.go.kr/openapi/service/rest/fileDownloadSrvc/files/shelter/2026/04/202605131305485.jpg
428349202600304,한국 고양이,기타(고등어테비),약간의 콧물증세외에는 비교적 양호한 것으로 사료됨 ,F,중구 신흥동3가39-1 삼화고속버스정비소 근처,인천광역시 중구,보호중,http://openapi.animal.go.kr/openapi/service/rest/fileDownloadSrvc/files/shelter/2026/05/202605121905379.jpg
426339202600117,한국 고양이,기타(검정&흰색),"매우기력없음,숨을헐떡임,야윈상태",M,괘법동 블랙모텔 앞 주차장,부산광역시 사상구,보호중,http://openapi.animal.go.kr/openapi/service/rest/fileDownloadSrvc/files/shelter/2026/04/202605131405125.jpg
426335202600260,믹스묘,기타(갈+흰),"심한 안질환, 센터에서 세정 완료, 기력 저하",M,반송로 436 KT금사전화국,부산광역시 금정구,보호중,http://openapi.animal.go.kr/openapi/service/rest/fileDownloadSrvc/files/shelter/2026/05/202605131005645.jpg
426335202600259,믹스묘,기타(회+흰),"순함, 귀여움",M,부곡로18번길 5-2,부산광역시 금정구,보호중,http://openapi.animal.go.kr/openapi/service/rest/fileDownloadSrvc/files/shelter/2026/05/20260513100560.jpg
426330202600068,믹스묘,기타(갈흰),"예민함, 경계 심함",M,여고로113번길 62-4,부산광역시 동래구,보호중,http://openapi.animal.go.kr/openapi/service/rest/fileDownloadSrvc/files/shelter/2026/04/202605131105658.jpg
426329202600213,한국 고양이,기타(검갈색),"어미없음, 고젖입-3두",Q,부산진구 신암로 99번길 11,부산광역시 부산진구,보호중,http://openapi.animal.go.kr/openapi/service/rest/fileDownloadSrvc/files/shelter/2026/05/202605130905553.png
426329202600212,한국 고양이,기타(검갈색),"어미없음, 고젖입-3두",Q,부산진구 신암로 99번길 11,부산광역시 부산진구,보호중,http://openapi.animal.go.kr/openapi/service/rest/fileDownloadSrvc/files/shelter/2026/05/202605130905513.png
426329202600211,한국 고양이,기타(검갈색),"어미없음, 고젖입-3두",Q,부산진구 신암로 99번길 11,부산광역시 부산진구,보호중,http://openapi.animal.go.kr/openapi/service/rest/fileDownloadSrvc/files/shelter/2026/05/202605130905119.png
426327202600064,한국 고양이,검은색흰색황토색조합,양호,F,구봉로 7-1(모여라 지역아동센터),부산광역시 동구,종료(자연사),http://openapi.animal.go.kr/openapi/service/rest/fileDownloadSrvc/files/shelter/2026/05/202605131005350.jpg
411315202600365,한국 고양이,기타(갈/흰),기력 없음. 저체온. 눈곱. 콧물. 목에 고름찬 듯 부어있음/상처. ,F,"서울 강서구 화곡로 302 (화곡동, 강서구청)",서울특별시 강서구,종료(자연사),http://openapi.animal.go.kr/openapi/service/rest/fileDownloadSrvc/files/shelter/2026/05/202605131505771.jpg
411315202600364,한국 고양이,기타(갈/흰),눈곱. 콧물. 우 전지 상완 및 발목 부위 상처. 아랫턱 부위 상처. 기력 없음. ,F,"서울 강서구 화곡로 302 (화곡동, 강서구청)",서울특별시 강서구,보호중,http://openapi.animal.go.kr/openapi/service/rest/fileDownloadSrvc/files/shelter/2026/05/202605131505555.jpg
448537202600997,한국 고양이,검은색흰색황토색조합,새끼고양이,Q,두모길 3-14 대동주유소,경상남도 거제시,보호중,http://openapi.animal.go.kr/openapi/service/rest/fileDownloadSrvc/files/shelter/2026/04/202605121505228.jpg
448537202600995,한국 고양이,레몬색&흰색,새끼고양이,Q,두모길 3-14 대동주유소,경상남도 거제시,보호중,http://openapi.animal.go.kr/openapi/service/rest/fileDownloadSrvc/files/shelter/2026/04/20260512150528.jpg
448537202600994,한국 고양이,검은색흰색황토색조합,새끼고양이,Q,두모길 3-14 대동주유소,경상남도 거제시,종료(자연사),http://openapi.animal.go.kr/openapi/service/rest/fileDownloadSrvc/files/shelter/2026/04/202605121505957.jpg
448534202600505,한국 고양이,흰색/검은색 얼룩무늬,실물은 더 작고 귀여움,M,사남면 방지마을 인근,경상남도 사천시,보호중,http://openapi.animal.go.kr/openapi/service/rest/fileDownloadSrvc/files/shelter/2026/04/202605121505175.jpg
447512202600459,한국 고양이,평행·전체·부분줄무늬,낚시터인근에서 어미없이 돌아다님,M,오룡저수지,경상북도 문경시,종료(입양),http://openapi.animal.go.kr/openapi/service/rest/fileDownloadSrvc/files/shelter/2026/04/202605121605374.jpg
447502202600278,한국 고양이,기타(검정&흰색),"2.5주 추정,허피스,스멀스멀 이빨이 날려하는것처럼 보임,피곤하신듯 오자마자 뻗으심..",M,경상북도 포항시 남구 오천읍 중원로82번길 31-5,경상북도 포항시,보호중,http://openapi.animal.go.kr/openapi/service/rest/fileDownloadSrvc/files/shelter/2026/05/20260512170567.jpg
447502202600277,벵갈,갈색/갈색 무늬,"260516수정] 센터 적응 후 손내밀면 시큰둥한 표정으로 코인사 해주는 멋쟁이 왕자님, 조만간 애교도?",M,경상북도 포항시 남구 오천읍 해병로 283,경상북도 포항시,종료(입양),http://openapi.animal.go.kr/openapi/service/rest/fileDownloadSrvc/files/shelter/2026/05/20260512170509.jpg
447502202600274,한국 고양이,흰색/검은색 얼룩무늬,"3~4개월 추정,허피스에 걸려 눈꼽,콧물 범벅으로 오심,다행이 밥은 짱 잘먹음!",M,경상북도 포항시 남구 축항로 19-7,경상북도 포항시,종료(자연사),http://openapi.animal.go.kr/openapi/service/rest/fileDownloadSrvc/files/shelter/2026/05/202605121105738.jpg
445479202600481,믹스묘,"기타(검정,갈색)",새끼 고양이.,Q, 부안읍 서외2길 24,전북특별자치도 부안군,보호중,http://openapi.animal.go.kr/openapi/service/rest/fileDownloadSrvc/files/shelter/2026/04/202605121405280.jpg
445479202600480,믹스묘,"기타(흰색,갈색)",새끼 고양이.,Q, 부안읍 서외2길 24,전북특별자치도 부안군,보호중,http://openapi.animal.go.kr/openapi/service/rest/fileDownloadSrvc/files/shelter/2026/04/202605121405671.jpg
445479202600477,믹스묘,"기타(회색,검정)",경계심 있어보임.,Q, 주산면 종유로 251-48,전북특별자치도 부안군,보호중,http://openapi.animal.go.kr/openapi/service/rest/fileDownloadSrvc/files/shelter/2026/04/202605120905820[1].jpg
445479202600476,믹스묘,기타(고등어색),경계심 있어보임.,Q, 주산면 종유로 251-48,전북특별자치도 부안군,보호중,http://openapi.animal.go.kr/openapi/service/rest/fileDownloadSrvc/files/shelter/2026/04/202605120905637.jpg
445464202601684,한국 고양이,흰색/검은색 얼룩무늬,"교통사고, 예후불량",M,만성동 1379,전북특별자치도 전주시,보호중,http://openapi.animal.go.kr/openapi/service/rest/fileDownloadSrvc/files/shelter/2026/05/202605122305744.jpg
445464202601683,한국 고양이,검은색흰색황토색조합,"후지탈모, 항문탈장",F,따박골 8길 12,전북특별자치도 전주시,보호중,http://openapi.animal.go.kr/openapi/service/rest/fileDownloadSrvc/files/shelter/2026/05/202605122305371.jpg
444568202600235,한국 고양이,검은색흰색황토색조합,"1개월, 인공수유중. 순함. 어미 사망추정",F,당진시 송산면 송산로 118,충청남도 당진시,보호중,http://openapi.animal.go.kr/openapi/service/rest/fileDownloadSrvc/files/shelter/2026/05/202605121705491.jpg
444568202600230,한국 고양이,"기타(갈,검,흰)","4주, 인공수유중, 순함, 어미 사망 추정",F,당진시 송산면 송산로 118,충청남도 당진시,보호중,http://openapi.animal.go.kr/openapi/service/rest/fileDownloadSrvc/files/shelter/2026/04/202605121405734.jpg
444568202600229,한국 고양이,"기타(갈,검,흰)","4주, 인공수유중, 순함, 어미 사망 추정",M,당진시 송산면 송산로 118,충청남도 당진시,종료(입양),http://openapi.animal.go.kr/openapi/service/rest/fileDownloadSrvc/files/shelter/2026/04/202605121405532.jpg
444459202600033,믹스묘,갈색,사람을 잘 따름,M,청양읍 중앙로 1길 인근,충청남도 청양군,보호중,http://openapi.animal.go.kr/openapi/service/rest/fileDownloadSrvc/files/shelter/2026/05/202605121605144[1].jpg
444454202600729,한국 고양이,검은색흰색황토색조합,"2마리구조,눈곱,콧물,예후불량",M,부적면,충청남도 논산시,종료(자연사),http://openapi.animal.go.kr/openapi/service/rest/fileDownloadSrvc/files/shelter/2026/04/202605121605523.jpg
444454202600728,한국 고양이,검은색흰색황토색조합,"2마리구조,눈곱,콧물,예후불량",F,부적면,충청남도 논산시,종료(자연사),http://openapi.animal.go.kr/openapi/service/rest/fileDownloadSrvc/files/shelter/2026/04/202605121605460.jpg
444453202600675,믹스묘,"기타(흰색, 회색)","입소 당시 좌측 안구 손상, 좌측 전지 부상, 꼬리 부분 부상",M,지곡면 한새지1길 332-66,충청남도 서산시,보호중,http://openapi.animal.go.kr/openapi/service/rest/fileDownloadSrvc/files/shelter/2026/04/20260512170502.jpg
443447202600256,한국 고양이,검은색흰색황토색조합,"새끼고양이, ",F,생극면 일생로 409-23 성도(주),충청북도 음성군,보호중,http://openapi.animal.go.kr/openapi/service/rest/fileDownloadSrvc/files/shelter/2026/05/202605121405679.jpg
443443202600334,스코티시폴드,기타(갈색),"[관리번호176]이원면 개심리에 위치한 캠핑장에서 발견, 골육종이 외관상으로 보임",F,이원면,충청북도 옥천군,보호중,http://openapi.animal.go.kr/openapi/service/rest/fileDownloadSrvc/files/shelter/2026/05/202605121805440.png
442434202600194,한국 고양이,흰색/검은색 얼룩무늬,순하고 귀여움,F,강원특별자치도 현내면 명파리,강원특별자치도 고성군,보호중,http://openapi.animal.go.kr/openapi/service/rest/fileDownloadSrvc/files/shelter/2026/05/20260512140576.jpg
442434202600193,한국 고양이,검은색흰색황토색조합,순하고 귀여움,F,강원특별자치도 현내면 명파리,강원특별자치도 고성군,종료(입양),http://openapi.animal.go.kr/openapi/service/rest/fileDownloadSrvc/files/shelter/2026/05/202605121405810.jpg
442434202600192,한국 고양이,흰색/검은색 얼룩무늬,순하고 귀여움,F,강원특별자치도 현내면 명파리,강원특별자치도 고성군,보호중,http://openapi.animal.go.kr/openapi/service/rest/fileDownloadSrvc/files/shelter/2026/05/202605121405168.jpg
442434202600191,한국 고양이,흰색/검은색 얼룩무늬,순하고 귀여움,M,강원특별자치도 현내면 명파리,강원특별자치도 고성군,보호중,http://openapi.animal.go.kr/openapi/service/rest/fileDownloadSrvc/files/shelter/2026/05/202605121405301.jpg
442423202600204,한국 고양이,기타(검/흰),생후1개월미만,M,청초호반로204,강원특별자치도 속초시,보호중,http://openapi.animal.go.kr/openapi/service/rest/fileDownloadSrvc/files/shelter/2026/05/202605121605642[1].jpg
442423202600203,한국 고양이,기타(황/회/검),생후1개월미만,M,청초호반로204,강원특별자치도 속초시,보호중,http://openapi.animal.go.kr/openapi/service/rest/fileDownloadSrvc/files/shelter/2026/05/202605121605165.jpg
442423202600202,한국 고양이,기타(검/흰),생후1개월미만,M,청초호반로204,강원특별자치도 속초시,보호중,http://openapi.animal.go.kr/openapi/service/rest/fileDownloadSrvc/files/shelter/2026/05/202605121605216.jpg
442423202600201,한국 고양이,검정색,생후1개월미만,M,청초호반로204,강원특별자치도 속초시,보호중,http://openapi.animal.go.kr/openapi/service/rest/fileDownloadSrvc/files/shelter/2026/05/202605121605229.jpg
442423202600200,한국 고양이,기타(검/흰),생후1개월미만,F,청초호반로204,강원특별자치도 속초시,보호중,http://openapi.animal.go.kr/openapi/service/rest/fileDownloadSrvc/files/shelter/2026/05/202605121605196.jpg
442423202600199,한국 고양이,기타(흰/회/검),생후1개월미만,F,청초호반로204,강원특별자치도 속초시,보호중,http://openapi.animal.go.kr/openapi/service/rest/fileDownloadSrvc/files/shelter/2026/05/202605121605500.jpg
441554202600985,한국 고양이,기타(노랑색),"5-34, 5일령 젖먹이, 젖병수유필요, 어미가 이틀째 보이지 않음",M,광주시 초월읍 산수로 일대,경기도 광주시,보호중,http://openapi.animal.go.kr/openapi/service/rest/fileDownloadSrvc/files/shelter/2026/05/202605121705439.jpg
441554202600984,한국 고양이,기타(노랑색),"5-33, 5일령 젖먹이, 젖병수유필요, 어미가 이틀째 보이지 않음",M,광주시 초월읍 산수로 일대,경기도 광주시,보호중,http://openapi.animal.go.kr/openapi/service/rest/fileDownloadSrvc/files/shelter/2026/05/202605121705221.jpg
441554202600983,한국 고양이,기타(삼색),"5-32, 5일령 젖먹이, 젖병수유필요, 어미가 이틀째 보이지 않음",F,광주시 초월읍 산수로 일대,경기도 광주시,보호중,http://openapi.animal.go.kr/openapi/service/rest/fileDownloadSrvc/files/shelter/2026/05/202605121705980.jpg
441554202600982,한국 고양이,기타(삼색),"5-31, 5일령 젖먹이, 젖병수유필요, 어미가 이틀째 보이지 않음",F,광주시 초월읍 산수로 일대,경기도 광주시,보호중,http://openapi.animal.go.kr/openapi/service/rest/fileDownloadSrvc/files/shelter/2026/05/202605121705900.jpg
441554202600981,한국 고양이,기타(삼색),"5-30, 5일령 젖먹이, 젖병수유필요, 어미가 이틀째 보이지 않음",F,광주시 초월읍 산수로 일대,경기도 광주시,종료(자연사),http://openapi.animal.go.kr/openapi/service/rest/fileDownloadSrvc/files/shelter/2026/05/202605121705677.jpg
441553202601645,한국 고양이,흰색/검은색 얼룩무늬,눈빛이 너무 예쁜 새끼냥이/ 순하고 / 사람경계 없음,Q,남양읍 한가울길 인근,경기도 화성시,종료(입양),http://openapi.animal.go.kr/openapi/service/rest/fileDownloadSrvc/files/shelter/2026/05/202605121505443.jpg
441553202601644,한국 고양이,흰색/검은색 얼룩무늬,작은몸/ 귀여운외모/ 순둥순둥 순하고 호기심이 있어보임,Q,남양읍 한가울길 인근,경기도 화성시,종료(기증),http://openapi.animal.go.kr/openapi/service/rest/fileDownloadSrvc/files/shelter/2026/05/20260512150584.jpg
441405202601209,먼치킨,기타(갈색),"우측 골반부위 이상, 귀여운 아이",F,기흥구 구성로 392(휴먼시아물푸레마을9단지APT),경기도 용인시,보호중,http://openapi.animal.go.kr/openapi/service/rest/fileDownloadSrvc/files/shelter/2026/04/202605121305702.jpg
441394202600917,한국 고양이,기타(고등어),유기묘(임시보호26.05.13~07.12),Q,관산동 590,경기도 고양시,종료(기증),http://openapi.animal.go.kr/openapi/service/rest/fileDownloadSrvc/files/shelter/2026/04/202605121105472.jpg
441394202600916,한국 고양이,기타(고등어),유기묘(임시보호26.05.13~07.12),Q,관산동 590,경기도 고양시,종료(기증),http://openapi.animal.go.kr/openapi/service/rest/fileDownloadSrvc/files/shelter/2026/04/202605121105272.jpg
441394202600915,한국 고양이,기타(고등어),유기묘(임시보호26.05.13~07.12),Q,관산동 590,경기도 고양시,종료(기증),http://openapi.animal.go.kr/openapi/service/rest/fileDownloadSrvc/files/shelter/2026/04/202605121105212.jpg
441393202600566,한국 고양이,기타(갈),"의식불명,예후불량",F,사동148-9 부근,경기도 안산시,종료(자연사),http://openapi.animal.go.kr/openapi/service/rest/fileDownloadSrvc/files/shelter/2026/05/202605121805832.jpg
441386202600630,한국 고양이,검은색흰색황토색조합,"입소당시 교통사고, 뒷다리 못씀, 골반골절 및 혈뇨 예민함, 예후불량",F,부천 테크노파크 201동 앞,경기도 부천시,보호중,http://openapi.animal.go.kr/openapi/service/rest/fileDownloadSrvc/files/shelter/2026/04/202605121905787.jpg
441386202600629,한국 고양이,검은색흰색황토색조합,"배수로에 끼어서 갇힌 고양이 구조, 보호중 신고, 입소당시 순함, 끈끈이 뭍혀옴",M,원미로 78번길 13-12,경기도 부천시,보호중,http://openapi.animal.go.kr/openapi/service/rest/fileDownloadSrvc/files/shelter/2026/04/202605121405582.jpg
431371202600268,한국 고양이,검은색흰색황토색조합,"기운없음,비틀거림,못을못가눔,머리흔듬",F,화정동문화센터,울산광역시 동구,보호중,http://openapi.animal.go.kr/openapi/service/rest/fileDownloadSrvc/files/shelter/2026/05/202605121005240.jpg
431371202600267,한국 고양이,평행·전체·부분줄무늬,"기운없음,설사,잘 안움직임",F,일산해수욕장 근처,울산광역시 동구,종료(자연사),http://openapi.animal.go.kr/openapi/service/rest/fileDownloadSrvc/files/shelter/2026/05/202605120905105[1].jpg
431370202600249,한국 고양이,기타(고등어),"동작빠름, 성격은 순함",M,태화강 동굴피아 인근,울산광역시 남구,보호중,http://openapi.animal.go.kr/openapi/service/rest/fileDownloadSrvc/files/shelter/2026/05/202605121805544.jpg
428357202600702,한국 고양이,검정색,어미없음. 45일령추정.검정바탕 흰무늬,M,북문길9번길 10 (신문리),인천광역시 강화군,종료(입양),http://openapi.animal.go.kr/openapi/service/rest/fileDownloadSrvc/files/shelter/2026/04/202605122205965.jpg
428357202600695,한국 고양이,레몬색&흰색,생후 16일령추정. 눈뜸. 어미사망함. 꼬리검정표시,M,오상리 1272-1,인천광역시 강화군,종료(자연사),http://openapi.animal.go.kr/openapi/service/rest/fileDownloadSrvc/files/shelter/2026/04/202605121205350.jpg
428357202600694,한국 고양이,레몬색&흰색,생후 16일령추정. 눈뜸. 어미사망함. 전체 치즈,M,오상리 1272-1,인천광역시 강화군,종료(자연사),http://openapi.animal.go.kr/openapi/service/rest/fileDownloadSrvc/files/shelter/2026/04/202605121205681.jpg
428357202600693,한국 고양이,레몬색&흰색,생후 16일령추정. 눈뜸. 어미사망함. 부분흰색,M,오상리 1272-1,인천광역시 강화군,보호중,http://openapi.animal.go.kr/openapi/service/rest/fileDownloadSrvc/files/shelter/2026/04/202605121205967.jpg
428357202600691,한국 고양이,레몬색&흰색,생후 16일령추정. 눈뜸. 어미사망함. 귀부분갈색,M,오상리 1272-1,인천광역시 강화군,종료(자연사),http://openapi.animal.go.kr/openapi/service/rest/fileDownloadSrvc/files/shelter/2026/04/202605121205527.jpg
428357202600690,한국 고양이,레몬색&흰색,생후 16일령추정. 눈뜸. 어미사망함. 갈색머리,F,오상리 1272-1,인천광역시 강화군,보호중,http://openapi.animal.go.kr/openapi/service/rest/fileDownloadSrvc/files/shelter/2026/04/202605121205696.jpg
428357202600689,한국 고양이,레몬색&흰색,생후 16일령추정. 눈뜸. 어미사망함. 반만갈색바디,M,오상리 1272-1,인천광역시 강화군,종료(자연사),http://openapi.animal.go.kr/openapi/service/rest/fileDownloadSrvc/files/shelter/2026/04/202605121205802.jpg
428353202600402,믹스묘,기타(삼색),결막염,M,고잔동689,인천광역시 남동구,보호중,http://openapi.animal.go.kr/openapi/service/rest/fileDownloadSrvc/files/shelter/2026/05/202605121205453.jpg
427348202600488,한국 고양이,검은색흰색황토색조합,결막염,Q,다사읍 서재로28길 39,대구광역시 달성군,보호중,http://openapi.animal.go.kr/openapi/service/rest/fileDownloadSrvc/files/shelter/2026/04/202605120905984.jpg
427347202600456,한국 고양이,"기타(검정,흰색)",어미분리 자묘,F,두류 정수장 부근,대구광역시 달서구,종료(자연사),http://openapi.animal.go.kr/openapi/service/rest/fileDownloadSrvc/files/shelter/2026/05/202605121105520.jpg
427346202600485,한국 고양이,기타(노란색),"교통사고,건강상태나쁨",M,지하주차장,대구광역시 수성구,보호중,http://openapi.animal.go.kr/openapi/service/rest/fileDownloadSrvc/files/shelter/2026/04/20260512170573.jpg
427346202600484,한국 고양이,기타(고등어태비),교통사고,F,새마을금고 앞,대구광역시 수성구,종료(자연사),http://openapi.animal.go.kr/openapi/service/rest/fileDownloadSrvc/files/shelter/2026/05/202605121405330.jpg
427346202600482,한국 고양이,기타(크림),"예쁨,순하고사람좋아함,씻김",M,욱수천 산책로,대구광역시 수성구,종료(입양),http://openapi.animal.go.kr/openapi/service/rest/fileDownloadSrvc/files/shelter/2026/05/202605121005306.jpg
427344202600167,한국 고양이,기타(회색),설사 증세,M,영대 병원 부근,대구광역시 남구,종료(자연사),http://openapi.animal.go.kr/openapi/service/rest/fileDownloadSrvc/files/shelter/2026/05/202605121105755.jpg
427343202600386,한국 고양이,"기타(갈,백)","2개월령,성격온순",F,문화로231-1,대구광역시 서구,종료(입양),http://openapi.animal.go.kr/openapi/service/rest/fileDownloadSrvc/files/shelter/2026/05/202605121505512.jpg
427343202600385,한국 고양이,검은색흰색황토색조합,1개월령,F,서구 평리로 367-36일대,대구광역시 서구,보호중,http://openapi.animal.go.kr/openapi/service/rest/fileDownloadSrvc/files/shelter/2026/04/202605121305640.jpg
427343202600384,한국 고양이,검은색흰색황토색조합,"곰팡이성 피부염팡,상부호흡기질환",F,국채보상로50길20,대구광역시 서구,보호중,http://openapi.animal.go.kr/openapi/service/rest/fileDownloadSrvc/files/shelter/2026/04/202605121005460.jpg
427341202600252,한국 고양이,흰색/검은색 얼룩무늬,1-2달 추정,M,청운맨션 ,대구광역시 중구,보호중,http://openapi.animal.go.kr/openapi/service/rest/fileDownloadSrvc/files/shelter/2026/05/202605121805906.jpg
427341202600251,한국 고양이,흰색/검은색 얼룩무늬,1-2달 추정,M,청운맨션 ,대구광역시 중구,보호중,http://openapi.animal.go.kr/openapi/service/rest/fileDownloadSrvc/files/shelter/2026/05/202605121805579.jpg
411320202600193,벵갈,갈색/갈색 무늬,온순함,F,난향길 79 앞,서울특별시 관악구,보호중,http://openapi.animal.go.kr/openapi/service/rest/fileDownloadSrvc/files/shelter/2026/05/202605122005822.jpg
411319202600215,한국 고양이,기타(흰황색),1주 미만 인공 수유 필요함.탯줄 잔존.  저체온. 활력 징후 약함,M,장승배기로27길 20-8,서울특별시 동작구,보호중,http://openapi.animal.go.kr/openapi/service/rest/fileDownloadSrvc/files/shelter/2026/05/202605162005724.jpg
411319202600214,한국 고양이,기타(흰황색),1주 미만 인공 수유 필요함.탯줄 잔존.  저체온. 활력 징후 약함,F,장승배기로27길 20-8,서울특별시 동작구,종료(자연사),http://openapi.animal.go.kr/openapi/service/rest/fileDownloadSrvc/files/shelter/2026/05/202605121705544[1].jpg
411311202600217,믹스묘,기타(검/갈/흰),"털이 깨끗하고 매우 온순함, 문의 은평구청(02-351-6845)",F,서울 은평구 은평로 111 옆 골목,서울특별시 은평구,보호중,http://openapi.animal.go.kr/openapi/service/rest/fileDownloadSrvc/files/shelter/2026/04/20260512170507.jpg
447512202600458,한국 고양이,흰색/검은색 얼룩무늬,낚시터인근에서 어미없이 돌아다님,M,오룡저수지,경상북도 문경시,종료(입양),http://openapi.animal.go.kr/openapi/service/rest/fileDownloadSrvc/files/shelter/2026/04/202605121605864[1].jpg
441401202600491,한국 고양이,기타(턱시도),"2개월령 추정, 잘먹고 잘자고 잘싸는 사랑스러운 아깽이, 발라당이 주특기",F,문화마을로16번길 32-3,경기도 시흥시,종료(기증),http://openapi.animal.go.kr/openapi/service/rest/fileDownloadSrvc/files/shelter/2026/05/202605121005570.jpg
428356202600597,한국 고양이,평행·전체·부분줄무늬,친화성이 있어 입양가능함,F,완정로7번길1,인천광역시 서구,보호중,http://openapi.animal.go.kr/openapi/service/rest/fileDownloadSrvc/files/shelter/2026/04/202605160305488.jpg
443446202600280,한국 고양이,평행·전체·부분줄무늬,사나움 경계심 많음,M,괴산군 괴산읍 읍내로 15길 18,충청북도 괴산군,보호중,http://openapi.animal.go.kr/openapi/service/rest/fileDownloadSrvc/files/shelter/2026/05/202605151605900.jpg
443446202600279,한국 고양이,레몬색&흰색,괴산군 장연면 광진길 48,F,괴산군 장연면 광진길 48,충청북도 괴산군,보호중,http://openapi.animal.go.kr/openapi/service/rest/fileDownloadSrvc/files/shelter/2026/05/202605151605425.jpg
441559202600584,한국 고양이,기타(갈/검/흰),눈곱. 콧물. 양안 각막 궤양 및 삼안검이 결막에 유착. 코 분홍. 양 눈 각막손상. 온순. 털 상태 양호.,F,경기 양주시 장흥면 호국로 156 (일영리) 인근,경기도 양주시,보호중,http://openapi.animal.go.kr/openapi/service/rest/fileDownloadSrvc/files/shelter/2026/05/202605121505756.jpg
431373202600736,한국 고양이,레몬색&흰색,"항문주변 상처심함, 숨만붙어있음",Q,온산사거리,울산광역시 울주군,종료(자연사),http://openapi.animal.go.kr/openapi/service/rest/fileDownloadSrvc/files/shelter/2026/04/202605131605587.jpg
428354202600387,한국 고양이,검은색흰색황토색조합,어미잃은 자묘,Q,십정동182-226번지,인천광역시 부평구,보호중,http://openapi.animal.go.kr/openapi/service/rest/fileDownloadSrvc/files/shelter/2026/05/202605121205315.jpg
427514202600090,한국 고양이,흰색/검은색 얼룩무늬,"아기고양이, 순함",M,군위읍 동부리,대구광역시 군위군,보호중,http://openapi.animal.go.kr/openapi/service/rest/fileDownloadSrvc/files/shelter/2026/05/202605111705499.jpg
426327202600063,한국 고양이,레몬색&흰색,외상(물린흔적)있으며 움직이지 못함,F,초량중로 16번길 8-3,부산광역시 동구,종료(자연사),http://openapi.animal.go.kr/openapi/service/rest/fileDownloadSrvc/files/shelter/2026/05/20260513100574.jpg
426327202600062,한국 고양이,검은색흰색황토색조합,영양실조,F,고관로141번길7,부산광역시 동구,종료(자연사),http://openapi.animal.go.kr/openapi/service/rest/fileDownloadSrvc/files/shelter/2026/05/202605131005209.jpg
411321202600180,한국 고양이,기타(검/흰),코 분홍. 눈곱. 콧물. 털 상태 양호. ,M,서울 서초구 능안말길 1-2 (내곡동),서울특별시 서초구,보호중,http://openapi.animal.go.kr/openapi/service/rest/fileDownloadSrvc/files/shelter/2026/05/202605121405610.jpg
411321202600179,한국 고양이,기타(검/흰),코 분홍. 눈곱. 콧물. 털 상태 양호. ,M,서울 서초구 능안말길 1-2 (내곡동),서울특별시 서초구,종료(자연사),http://openapi.animal.go.kr/openapi/service/rest/fileDownloadSrvc/files/shelter/2026/05/202605121405551[1].jpg
411302202600240,한국 고양이,검은색흰색황토색조합,양호하고 온순함.,F,이태원2동 258-109 주변,서울특별시 용산구,보호중,http://openapi.animal.go.kr/openapi/service/rest/fileDownloadSrvc/files/shelter/2026/05/202605111405166[1].jpg
411302202600239,한국 고양이,기타(치즈냥이),양호하지만 어미젖이 떨어지지 않은 상태로 보여짐.,F,서계동 주택가,서울특별시 용산구,종료(자연사),http://openapi.animal.go.kr/openapi/service/rest/fileDownloadSrvc/files/shelter/2026/05/202605111205393.jpg
411302202600237,한국 고양이,레몬색&흰색,"유약하고 어미젖을 떼지 않은 상태로 보여짐,눈꼽으로 눈주변 지저분함.",F,서계동 99-12 주변,서울특별시 용산구,종료(자연사),http://openapi.animal.go.kr/openapi/service/rest/fileDownloadSrvc/files/shelter/2026/05/202605111205513.jpg
450650202601131,한국 고양이,기타(흰갈),개체관리번호 26176 - 4개월/뒷다리다침,M,제주시 화북일동 진서로29 옆 공터,제주특별자치도,보호중,http://openapi.animal.go.kr/openapi/service/rest/fileDownloadSrvc/files/shelter/2026/04/202605121305473.jpg
450650202601130,한국 고양이,기타(흰검),개체관리번호 26175 - 5주차,F,제주시 노형동 원노형8길11영보빌라,제주특별자치도,종료(자연사),http://openapi.animal.go.kr/openapi/service/rest/fileDownloadSrvc/files/shelter/2026/04/202605121305221.jpg
450650202601129,한국 고양이,기타(흰회),개체관리번호 26174 - 3주차,M,제주시 애월읍 광령평화2길142-44,제주특별자치도,보호중,http://openapi.animal.go.kr/openapi/service/rest/fileDownloadSrvc/files/shelter/2026/04/202605121305214.jpg
450650202601128,한국 고양이,기타(삼색),개체관리번호 26173 - 3주차,F,제주시 조천읍 신촌리1536,제주특별자치도,보호중,http://openapi.animal.go.kr/openapi/service/rest/fileDownloadSrvc/files/shelter/2026/04/20260512130501.jpg
450650202601127,한국 고양이,기타(삼색),개체관리번호 26172 - 3주차,F,제주시 조천읍 신촌리1536,제주특별자치도,보호중,http://openapi.animal.go.kr/openapi/service/rest/fileDownloadSrvc/files/shelter/2026/04/202605121305383.jpg
450650202601126,한국 고양이,기타(흰검),개체관리번호 26171 - 3주차,M,제주시 조천읍 신촌리1536,제주특별자치도,보호중,http://openapi.animal.go.kr/openapi/service/rest/fileDownloadSrvc/files/shelter/2026/04/202605121305136.jpg
450650202601125,한국 고양이,기타(흰검),개체관리번호 26170 - 3주차,F,제주시 조천읍 신촌리1536,제주특별자치도,보호중,http://openapi.animal.go.kr/openapi/service/rest/fileDownloadSrvc/files/shelter/2026/04/202605121305239.jpg
448535202600339,한국 고양이,기타(검갈색),"김해시-323, 3개월미만 추정, 어미잃은 젖먹이 새끼 고양이, 허약, 탈진",Q,김해시 율하로 266,경상남도 김해시,종료(자연사),http://openapi.animal.go.kr/openapi/service/rest/fileDownloadSrvc/files/shelter/2026/05/202605121005177.png
446483202600659,한국 고양이,검은색흰색황토색조합,생후40일정도로보임 온순함,F,나주시노안면하치길68-29,전라남도 나주시,종료(자연사),http://openapi.animal.go.kr/openapi/service/rest/fileDownloadSrvc/files/shelter/2026/04/202605121605406.jpg
446483202600658,한국 고양이,검은색흰색황토색조합,생후40일정도로보임 온순함,F,나주시노안면하치길68-29,전라남도 나주시,보호중,http://openapi.animal.go.kr/openapi/service/rest/fileDownloadSrvc/files/shelter/2026/04/202605121605780.jpg
446483202600657,한국 고양이,기타(검흰),생후40일정도로보임 온순함,M,나주시노안면하치길68-29,전라남도 나주시,보호중,http://openapi.animal.go.kr/openapi/service/rest/fileDownloadSrvc/files/shelter/2026/04/202605121605456.jpg
446483202600656,한국 고양이,기타(검흰),생후40일정도로보임 온순함,M,나주시노안면하치길68-29,전라남도 나주시,보호중,http://openapi.animal.go.kr/openapi/service/rest/fileDownloadSrvc/files/shelter/2026/04/202605121605528.jpg
446483202600655,한국 고양이,기타(갈색),생후40일정도로보임 온순함,M,나주시노안면하치길68-29,전라남도 나주시,종료(입양),http://openapi.animal.go.kr/openapi/service/rest/fileDownloadSrvc/files/shelter/2026/04/202605121605779.jpg
446483202600654,한국 고양이,기타(회흰),생후40일정도로보임 온순함,M,나주시노안면하치길68-29,전라남도 나주시,종료(자연사),http://openapi.animal.go.kr/openapi/service/rest/fileDownloadSrvc/files/shelter/2026/04/202605121605602[1].jpg
446483202600653,한국 고양이,기타(검흰),생후40일정도로보임 온순함,M,나주시왕곡면월천화정길167-7,전라남도 나주시,보호중,http://openapi.animal.go.kr/openapi/service/rest/fileDownloadSrvc/files/shelter/2026/04/202605121605311.jpg
446483202600652,한국 고양이,기타(검흰),생후40일정도로보임 온순함,M,나주시왕곡면월천화정길167-7,전라남도 나주시,보호중,http://openapi.animal.go.kr/openapi/service/rest/fileDownloadSrvc/files/shelter/2026/04/202605121605584.jpg
446483202600651,한국 고양이,기타(검흰),생후40일정도로보임 온순함,F,나주시왕곡면월천화정길167-7,전라남도 나주시,보호중,http://openapi.animal.go.kr/openapi/service/rest/fileDownloadSrvc/files/shelter/2026/04/202605121605928.jpg
446483202600650,한국 고양이,기타(검흰),생후40일정도로보임 온순함,M,나주시왕곡면월천화정길167-7,전라남도 나주시,보호중,http://openapi.animal.go.kr/openapi/service/rest/fileDownloadSrvc/files/shelter/2026/04/202605121605602.jpg
446483202600649,한국 고양이,기타(흰검),생후40일정도로보임 온순함,M,나주시왕곡면월천화정길167-7,전라남도 나주시,보호중,http://openapi.animal.go.kr/openapi/service/rest/fileDownloadSrvc/files/shelter/2026/04/202605121605953.jpg
446483202600647,한국 고양이,기타(흰검),생후40일정도로보임 온순함,M,나주시왕곡면월천화정길167-7,전라남도 나주시,종료(자연사),http://openapi.animal.go.kr/openapi/service/rest/fileDownloadSrvc/files/shelter/2026/04/202605121605949.jpg
446483202600646,한국 고양이,기타(흰검),생후40일정도로보임 온순함,M,나주시왕곡면월천화정길167-7,전라남도 나주시,보호중,http://openapi.animal.go.kr/openapi/service/rest/fileDownloadSrvc/files/shelter/2026/04/202605121605334.jpg
446483202600644,한국 고양이,흰색,새끼7마리분만하여기름 구조,F,나주시왕곡면월천화정길167-7,전라남도 나주시,보호중,http://openapi.animal.go.kr/openapi/service/rest/fileDownloadSrvc/files/shelter/2026/04/202605121605727.jpg
446483202600643,한국 고양이,기타(흰검갈),생후2개월정도로보임 온순함,M,나주시향청길24-5,전라남도 나주시,종료(입양),http://openapi.animal.go.kr/openapi/service/rest/fileDownloadSrvc/files/shelter/2026/04/202605121605469.jpg
446483202600641,한국 고양이,검은색흰색황토색조합,생후2개월정도로보임 온순함,M,나주시향청길24-5,전라남도 나주시,보호중,http://openapi.animal.go.kr/openapi/service/rest/fileDownloadSrvc/files/shelter/2026/04/202605121605561.jpg
446483202600640,한국 고양이,기타(갈흰),생후2개월정도로보임 온순함,F,나주시향청길24-5,전라남도 나주시,종료(입양),http://openapi.animal.go.kr/openapi/service/rest/fileDownloadSrvc/files/shelter/2026/04/202605121605363.jpg
445468202601135,한국 고양이,레몬색&흰색,생후 3주정도 되었으며 순하고 작고 어림,M,익산시 남중동 321-203,전북특별자치도 익산시,보호중,http://openapi.animal.go.kr/openapi/service/rest/fileDownloadSrvc/files/shelter/2026/05/202605121305830.jpg
445467202600988,믹스묘,기타(검/흰),4주추정,M,미장남로 100,전북특별자치도 군산시,종료(자연사),http://openapi.animal.go.kr/openapi/service/rest/fileDownloadSrvc/files/shelter/2026/05/202605121105801.jpg
445467202600987,믹스묘,기타(검/흰),4주추정,M,미장남로 100,전북특별자치도 군산시,종료(자연사),http://openapi.animal.go.kr/openapi/service/rest/fileDownloadSrvc/files/shelter/2026/05/202605121105666.jpg
445467202600986,믹스묘,기타(검/흰),1주추정,F,대진방앗간,전북특별자치도 군산시,종료(자연사),http://openapi.animal.go.kr/openapi/service/rest/fileDownloadSrvc/files/shelter/2026/05/202605121105668.jpg
444461202600182,노르웨이 숲,기타(흰색&회색),명예동물보호관이 보호중. 귀진드기 치료중.,F,예산읍 역전로125번길 30-9 부근,충청남도 예산군,보호중,http://openapi.animal.go.kr/openapi/service/rest/fileDownloadSrvc/files/shelter/2026/04/20260512140589.jpg
444461202600181,한국 고양이,레몬색&흰색,신고자가 보호중. 범백 양성,M,예산읍 역전로 94-9,충청남도 예산군,보호중,http://openapi.animal.go.kr/openapi/service/rest/fileDownloadSrvc/files/shelter/2026/04/202605121305781.jpg
444454202600723,한국 고양이,레몬색&흰색,"신고자센터방문,매우야윔,눈곱심함,콧물,구내염추정,예후불량",F,광석면,충청남도 논산시,보호중,http://openapi.animal.go.kr/openapi/service/rest/fileDownloadSrvc/files/shelter/2026/04/202605121605288.jpg
442422202600037,한국 고양이,흰색/검은색 얼룩무늬,연지로 부근 코숏 수컷 2개월령 400그람 탈수,M,태백시 연지로31부근,강원특별자치도 태백시,보호중,http://openapi.animal.go.kr/openapi/service/rest/fileDownloadSrvc/files/shelter/2026/05/202605121405208.jpg
441409202600432,한국 고양이,흰색/검은색 얼룩무늬,포유기. 눈곱. 콧물. 코 분홍. 눈 못뜸. 털 상태 양호.,F,"경기 김포시 봉화로 83 (북변동, 김포중학교) 인근",경기도 김포시,보호중,http://openapi.animal.go.kr/openapi/service/rest/fileDownloadSrvc/files/shelter/2026/05/202605121505567.jpg
441409202600431,한국 고양이,흰색/검은색 얼룩무늬,포유기. 코 분홍. 눈 못뜸. 털 상태 양호. ,M,"경기 김포시 봉화로 83 (북변동, 김포중학교) 인근",경기도 김포시,보호중,http://openapi.animal.go.kr/openapi/service/rest/fileDownloadSrvc/files/shelter/2026/05/202605121505390.jpg
441409202600429,한국 고양이,레몬색&흰색,코 분홍. 눈곱. 콧물. 털 상태 양호. ,F,경기 김포시 양촌읍 해평로 6 (누산리) 인근,경기도 김포시,보호중,http://openapi.animal.go.kr/openapi/service/rest/fileDownloadSrvc/files/shelter/2026/05/20260512150557[1].jpg
441409202600428,한국 고양이,흰색/검은색 얼룩무늬,코 분홍/검정. 눈곱. 콧물. 좌 안 못뜸. 꼬리 단미 안됨. 털 상태 양호. ,M,경기 김포시 양촌읍 해평로 6 (누산리) 인근,경기도 김포시,종료(자연사),http://openapi.animal.go.kr/openapi/service/rest/fileDownloadSrvc/files/shelter/2026/05/202605121505503[1].jpg
441393202600561,아비시니안,기타(갈백),"순함,tnr되어있음",M,성호로11길 25-1 부근,경기도 안산시,보호중,http://openapi.animal.go.kr/openapi/service/rest/fileDownloadSrvc/files/shelter/2026/05/202605121605667.jpg
441374202600536,한국 고양이,기타(갈백색),"입양보류, 어림(2주추정)",Q,팔달구 세지로 293(지동),경기도 수원시,보호중,http://openapi.animal.go.kr/openapi/service/rest/fileDownloadSrvc/files/shelter/2026/05/202605121005838.jpg
441374202600535,한국 고양이,기타(갈백색),"입양보류, 어림(2주추정)",Q,팔달구 세지로 293(지동),경기도 수원시,보호중,http://openapi.animal.go.kr/openapi/service/rest/fileDownloadSrvc/files/shelter/2026/05/202605121005353.jpg
431373202600726,한국 고양이,레몬색&흰색,눈못뜨고 탯줄달렸음,M,범서읍 구영로,울산광역시 울주군,보호중,http://openapi.animal.go.kr/openapi/service/rest/fileDownloadSrvc/files/shelter/2026/04/202605121205238.jpg
431372202600329,한국 고양이,레몬색&흰색,결막염 허피스 많이 안좋음,M,북구 메가마트 인근,울산광역시 북구,보호중,http://openapi.animal.go.kr/openapi/service/rest/fileDownloadSrvc/files/shelter/2026/04/202605121305410.jpg
431372202600328,한국 고양이,평행·전체·부분줄무늬,결막염 허피스 많이 안좋음,Q,북구 메가마트 인근,울산광역시 북구,보호중,http://openapi.animal.go.kr/openapi/service/rest/fileDownloadSrvc/files/shelter/2026/04/202605121305333.jpg
431372202600327,한국 고양이,검은색흰색황토색조합,눈상태가 좋지 않음,Q,진장로 일대,울산광역시 북구,종료(자연사),http://openapi.animal.go.kr/openapi/service/rest/fileDownloadSrvc/files/shelter/2026/04/20260512120550.jpg
431371202600271,한국 고양이,레몬색&흰색,"허피스, 결막염, 허약함",M,현대중공업 서부 인근,울산광역시 동구,종료(자연사),http://openapi.animal.go.kr/openapi/service/rest/fileDownloadSrvc/files/shelter/2026/04/20260512130595.jpg
431371202600270,한국 고양이,레몬색&흰색,"허피스, 결막염, 허약함",M,현대중공업 서부 인근,울산광역시 동구,보호중,http://openapi.animal.go.kr/openapi/service/rest/fileDownloadSrvc/files/shelter/2026/04/202605121205227.jpg
431371202600269,한국 고양이,기타(흰/검정색),"허피스, 결막염, 허약함",Q,현대중공업 서부 인근,울산광역시 동구,종료(자연사),http://openapi.animal.go.kr/openapi/service/rest/fileDownloadSrvc/files/shelter/2026/04/202605121205842[1].jpg
430365202600158,한국 고양이,기타(회백),교통사고,Q,대흥동 421-2 번지 주변,대전광역시 중구,종료(자연사),http://openapi.animal.go.kr/openapi/service/rest/fileDownloadSrvc/files/shelter/2026/05/202605121805127.png
428355202600193,한국 고양이,평행·전체·부분줄무늬,"인공수유필요함유,원기부족",F,계양구청 당직실(장기동 체육관),인천광역시 계양구,보호중,http://openapi.animal.go.kr/openapi/service/rest/fileDownloadSrvc/files/shelter/2026/05/202605121105299.jpg
428355202600192,한국 고양이,평행·전체·부분줄무늬,"인공수유필요함유,원기부족",F,계양구청 당직실(장기동 체육관),인천광역시 계양구,보호중,http://openapi.animal.go.kr/openapi/service/rest/fileDownloadSrvc/files/shelter/2026/05/202605121105181.jpg
428355202600191,한국 고양이,평행·전체·부분줄무늬,"인공수유필요함유,원기부족",F,계양구청 당직실(장기동 체육관),인천광역시 계양구,보호중,http://openapi.animal.go.kr/openapi/service/rest/fileDownloadSrvc/files/shelter/2026/05/202605121105785.jpg
428355202600190,한국 고양이,기타(갈검색),"인공수유필요함유,원기부족",F,계양구청 당직실(장기동 체육관),인천광역시 계양구,보호중,http://openapi.animal.go.kr/openapi/service/rest/fileDownloadSrvc/files/shelter/2026/05/202605121105468.jpg
428353202600403,한국 고양이,기타(노랑색),허피스 있슴,M,만수동 1008,인천광역시 남동구,보호중,http://openapi.animal.go.kr/openapi/service/rest/fileDownloadSrvc/files/shelter/2026/04/202605121205303.jpg
428352202600312,한국 고양이,흰색/검은색 얼룩무늬,교통사고로 인해 외상이 심하고 기립불능 ,M,비류대로519번길32 시골집 앞 입구,인천광역시 연수구,종료(자연사),http://openapi.animal.go.kr/openapi/service/rest/fileDownloadSrvc/files/shelter/2026/05/202605111805576.jpg
427514202600091,한국 고양이,검은색흰색황토색조합,"아기고양이, 순함",F,군위읍 동부리,대구광역시 군위군,보호중,http://openapi.animal.go.kr/openapi/service/rest/fileDownloadSrvc/files/shelter/2026/05/202605111705156.jpg
427514202600089,한국 고양이,흰색/검은색 얼룩무늬,"아기고양이, 순함",F,군위읍 동부리,대구광역시 군위군,보호중,http://openapi.animal.go.kr/openapi/service/rest/fileDownloadSrvc/files/shelter/2026/05/202605111705601.jpg
427348202600487,한국 고양이,검은색흰색황토색조합,마르고 기력없음 ,F,논공읍 논공중앙로 54길 14,대구광역시 달성군,종료(자연사),http://openapi.animal.go.kr/openapi/service/rest/fileDownloadSrvc/files/shelter/2026/04/202605111805332.jpg
427347202600455,한국 고양이,기타(노랑),"태반 분리 안됨, 상태 매우 나쁨",Q,성서공단로 54길 24,대구광역시 달서구,종료(자연사),http://openapi.animal.go.kr/openapi/service/rest/fileDownloadSrvc/files/shelter/2026/05/202605121005120.jpg
427346202600481,한국 고양이,기타(고등어),탯줄 있음. 분유 수유 중,F,태광상사 창고,대구광역시 수성구,종료(자연사),http://openapi.animal.go.kr/openapi/service/rest/fileDownloadSrvc/files/shelter/2026/04/202605121005989[1].jpg
427346202600480,한국 고양이,기타(흰색고등어),탯줄 있음. 분유 수유 중,M,태광상사 창고,대구광역시 수성구,종료(자연사),http://openapi.animal.go.kr/openapi/service/rest/fileDownloadSrvc/files/shelter/2026/04/202605121005589.jpg
427345202600227,한국 고양이,"기타(검정,흰색)","어미분리 자묘, 영양상태 불량",M,노원 119,대구광역시 북구,보호중,http://openapi.animal.go.kr/openapi/service/rest/fileDownloadSrvc/files/shelter/2026/05/202605121005231[3].jpg
427343202600383,한국 고양이,기타(갈색태비),말랐고 탈수 증상에 안질환,M,"비산2,3동행정복지센터",대구광역시 서구,종료(자연사),http://openapi.animal.go.kr/openapi/service/rest/fileDownloadSrvc/files/shelter/2026/04/202605120905919.jpg
427342202600281,한국 고양이,기타(회색흰색),"어미분리 자묘, 영양상태 불량",M,신천 119,대구광역시 동구,종료(입양),http://openapi.animal.go.kr/openapi/service/rest/fileDownloadSrvc/files/shelter/2026/05/202605121105954.jpg
427342202600280,한국 고양이,"기타(검정,흰색)","어미분리 자묘, 영양상태 불량",M,신천 119,대구광역시 동구,종료(입양),http://openapi.animal.go.kr/openapi/service/rest/fileDownloadSrvc/files/shelter/2026/05/202605121105991.jpg
427342202600279,한국 고양이,기타(회색흰색),"어미분리 자묘, 저체온, 상태 매우 나쁨",Q,동대구 해모로 이스트,대구광역시 동구,종료(자연사),http://openapi.animal.go.kr/openapi/service/rest/fileDownloadSrvc/files/shelter/2026/05/202605121105131.jpg
427342202600278,한국 고양이,기타(회색흰색),"교통사고, 의식 없음",M,대구 공고 부근,대구광역시 동구,종료(자연사),http://openapi.animal.go.kr/openapi/service/rest/fileDownloadSrvc/files/shelter/2026/05/202605121105303.jpg
427342202600277,한국 고양이,"기타(검정,흰색)",어미분리 자묘,F,남신암 지구대,대구광역시 동구,보호중,http://openapi.animal.go.kr/openapi/service/rest/fileDownloadSrvc/files/shelter/2026/05/202605121105417.jpg
427341202600250,한국 고양이,검은색흰색황토색조합,1-2달 추정,F,청라 국민체육센터 인근,대구광역시 중구,보호중,http://openapi.animal.go.kr/openapi/service/rest/fileDownloadSrvc/files/shelter/2026/05/202605121805547.jpg
427341202600249,한국 고양이,검은색흰색황토색조합,1-2달 추정 ,F,청라 국민체육센터 인근,대구광역시 중구,보호중,http://openapi.animal.go.kr/openapi/service/rest/fileDownloadSrvc/files/shelter/2026/05/202605121805462.jpg
426336202600119,한국 고양이,검은색흰색황토색조합,"5두동시입소,어미없이버려짐,영양상태부족,강서2-25",Q,송동길 402,부산광역시 강서구,보호중,http://openapi.animal.go.kr/openapi/service/rest/fileDownloadSrvc/files/shelter/2026/04/20260512160578.jpg
426336202600118,한국 고양이,평행·전체·부분줄무늬,"5두동시입소,어미없이버려짐,영양상태부족,강서2-24",Q,송동길 402,부산광역시 강서구,보호중,http://openapi.animal.go.kr/openapi/service/rest/fileDownloadSrvc/files/shelter/2026/04/202605121605971.jpg
426336202600117,한국 고양이,평행·전체·부분줄무늬,"5두동시입소,어미없이버려짐,영양상태부족,강서2-23",Q,송동길 402,부산광역시 강서구,보호중,http://openapi.animal.go.kr/openapi/service/rest/fileDownloadSrvc/files/shelter/2026/04/202605121605335.jpg
426336202600116,한국 고양이,레몬색&흰색,"5두동시입소,어미없이버려짐,영양상태부족,강서2-22",Q,송동길 402,부산광역시 강서구,보호중,http://openapi.animal.go.kr/openapi/service/rest/fileDownloadSrvc/files/shelter/2026/04/202605121605426.jpg
426336202600115,한국 고양이,레몬색&흰색,"5두동시입소,어미없이버려짐,영양상태부족,강서2-21",Q,송동길 402,부산광역시 강서구,보호중,http://openapi.animal.go.kr/openapi/service/rest/fileDownloadSrvc/files/shelter/2026/04/202605121605770.jpg
426335202600223,믹스묘,갈색,"경계 심함, 예민함",M,서부로42번길 7,부산광역시 금정구,보호중,http://openapi.animal.go.kr/openapi/service/rest/fileDownloadSrvc/files/shelter/2026/04/202605121105886.jpg
426335202600222,믹스묘,기타(검+흰),"경계 심함, 예민함",M,서부로42번길 7,부산광역시 금정구,보호중,http://openapi.animal.go.kr/openapi/service/rest/fileDownloadSrvc/files/shelter/2026/04/202605121105300.jpg
426335202600221,믹스묘,갈색,"경계 심함, 예민함",F,서부로42번길 7,부산광역시 금정구,보호중,http://openapi.animal.go.kr/openapi/service/rest/fileDownloadSrvc/files/shelter/2026/04/202605121105159.jpg
426335202600220,믹스묘,갈색,"경계 심함, 예민함",F,서부로42번길 7,부산광역시 금정구,보호중,http://openapi.animal.go.kr/openapi/service/rest/fileDownloadSrvc/files/shelter/2026/04/202605121105661.jpg
426333202600411,믹스묘,갈색,"수유 필요, 영양상태 불량, 기력 저하, 갈색",M,해운대로76번길 63 ,부산광역시 해운대구,보호중,http://openapi.animal.go.kr/openapi/service/rest/fileDownloadSrvc/files/shelter/2026/05/202605121305848.jpg
426333202600410,믹스묘,기타(검+갈+흰),"수유 필요, 영양상태 불량, 기력 저하, 삼색",F,해운대로76번길 63 ,부산광역시 해운대구,보호중,http://openapi.animal.go.kr/openapi/service/rest/fileDownloadSrvc/files/shelter/2026/05/202605121305214.jpg
426333202600409,믹스묘,기타(검+갈+흰),"수유 필요, 영양상태 불량, 기력 저하, 삼색",F,해운대로76번길 63 ,부산광역시 해운대구,보호중,http://openapi.animal.go.kr/openapi/service/rest/fileDownloadSrvc/files/shelter/2026/05/202605121305667.jpg
426333202600408,믹스묘,기타(검정+흰색),"수유 필요, 영양상태 불량, 기력 저하, 검+흰",F,해운대로76번길 63 ,부산광역시 해운대구,보호중,http://openapi.animal.go.kr/openapi/service/rest/fileDownloadSrvc/files/shelter/2026/05/202605121305295.jpg
411323202600417,한국 고양이,기타(검/갈/흰),포유기. 코 분홍/검정.  눈 못뜸. 탯줄 있음. 저체온. 꼬리 단미 안됨. 털 상태 양호. ,F,서울 송파구 위례북로3길 14-17 (거여동) 인근,서울특별시 송파구,종료(자연사),http://openapi.animal.go.kr/openapi/service/rest/fileDownloadSrvc/files/shelter/2026/04/202605121505292.jpg
411323202600416,한국 고양이,기타(갈/흰),포유기. 코 분홍. 눈곱. 콧물.  눈 못뜸. 탯줄 있음. 저체온. 털 상태 양호. ,M,서울 송파구 위례북로3길 14-17 (거여동) 인근,서울특별시 송파구,종료(자연사),http://openapi.animal.go.kr/openapi/service/rest/fileDownloadSrvc/files/shelter/2026/04/20260512150539.jpg
411306202600324,한국 고양이,기타(갈/검/흰),포유기. 코 분홍. 눈 못뜸. 탯줄 있음. 목에 고무줄 착용. 기력없음. 저체온. 털 상태 양호. ,M,"서울 중랑구 중랑천로 332 (묵동, 묵동한국아파트) 인근 화단",서울특별시 중랑구,종료(자연사),http://openapi.animal.go.kr/openapi/service/rest/fileDownloadSrvc/files/shelter/2026/05/20260512150586[1].jpg
411306202600323,한국 고양이,기타(갈/검/흰),포유기. 코 분홍. 눈 못뜸. 탯줄 있음. 저체온. 털 상태 양호. ,M,"서울 중랑구 중랑천로 332 (묵동, 묵동한국아파트) 인근 화단",서울특별시 중랑구,종료(자연사),http://openapi.animal.go.kr/openapi/service/rest/fileDownloadSrvc/files/shelter/2026/05/202605121505209.jpg
411306202600322,한국 고양이,기타(갈/검/흰),포유기. 코 분홍. 눈 못뜸. 탯줄 있음. 저체온. 털 상태 양호. ,M,"서울 중랑구 중랑천로 332 (묵동, 묵동한국아파트) 인근 화단",서울특별시 중랑구,종료(자연사),http://openapi.animal.go.kr/openapi/service/rest/fileDownloadSrvc/files/shelter/2026/05/202605121505180.jpg
411306202600321,한국 고양이,기타(갈/검/흰),포유기. 코 분홍. 눈 못뜸. 탯줄 있음. 저체온. 털 상태 양호. ,M,"서울 중랑구 중랑천로 332 (묵동, 묵동한국아파트) 인근 화단",서울특별시 중랑구,종료(자연사),http://openapi.animal.go.kr/openapi/service/rest/fileDownloadSrvc/files/shelter/2026/05/202605121505303.jpg
411306202600320,한국 고양이,기타(갈/검/흰),코 검정. 눈곱. 콧물. 털 상태 양호. ,F,서울 중랑구 중랑천로10길 84-10 (면목동) 인근,서울특별시 중랑구,보호중,http://openapi.animal.go.kr/openapi/service/rest/fileDownloadSrvc/files/shelter/2026/05/202605121505730.jpg
411306202600319,한국 고양이,기타(갈/검/흰),코 분홍. 눈곱. 콧물. 털 상태 양호. ,F,서울 중랑구 중랑천로10길 84-10 (면목동) 인근,서울특별시 중랑구,보호중,http://openapi.animal.go.kr/openapi/service/rest/fileDownloadSrvc/files/shelter/2026/05/202605121505833.jpg
411305202600266,한국 고양이,기타(검/흰),포유기. 심한 눈곱. 콧물. 코 분홍. 양 눈 못 뜸. 털 상태 양호. ,F,"서울 동대문구 한천로11길 18 (답십리동, 답십리2동 주민센터)",서울특별시 동대문구,보호중,http://openapi.animal.go.kr/openapi/service/rest/fileDownloadSrvc/files/shelter/2026/05/202605121405575[1].jpg
448547202600390,한국 고양이,흰색/검은색 얼룩무늬,어미없이 입소,M,경상남도 거창군 거창읍 거열로2길 24 그린아파트,경상남도 거창군,종료(자연사),http://openapi.animal.go.kr/openapi/service/rest/fileDownloadSrvc/files/shelter/2026/05/202605112205127.png
448541202600794,한국 고양이,흰색/검은색 얼룩무늬,"눈질환, 기력저하",F,영산면 영산월령로,경상남도 창녕군,종료(방사),http://openapi.animal.go.kr/openapi/service/rest/fileDownloadSrvc/files/shelter/2026/05/202605112205634.png
448541202600793,한국 고양이,검정색,피부상해,M,영산면 영산월령로,경상남도 창녕군,종료(방사),http://openapi.animal.go.kr/openapi/service/rest/fileDownloadSrvc/files/shelter/2026/05/202605112205239.png
448541202600792,한국 고양이,검은색흰색황토색조합,"눈질환, 기력저하",F,부곡면 온정길,경상남도 창녕군,종료(방사),http://openapi.animal.go.kr/openapi/service/rest/fileDownloadSrvc/files/shelter/2026/05/202605112205284.png
448541202600791,한국 고양이,레몬색&흰색,기력저하,F,창녕읍 탐하로,경상남도 창녕군,종료(방사),http://openapi.animal.go.kr/openapi/service/rest/fileDownloadSrvc/files/shelter/2026/05/202605112105627.jpg
448537202600960,한국 고양이,레몬색&흰색,"새끼고양이,이유식먹음",Q,거제면 동림길,경상남도 거제시,보호중,http://openapi.animal.go.kr/openapi/service/rest/fileDownloadSrvc/files/shelter/2026/05/202605111105769[1].jpg
448537202600959,한국 고양이,"기타(회색,흰색)","새끼고양이,이유식먹음",Q,거제면 동림길,경상남도 거제시,종료(자연사),http://openapi.animal.go.kr/openapi/service/rest/fileDownloadSrvc/files/shelter/2026/05/202605111105633.jpg
447508202600883,러시안 블루,기타(회색),사람을좋아함 5월22일종합백신접종,M,남통동 14-58,경상북도 구미시,보호중,http://openapi.animal.go.kr/openapi/service/rest/fileDownloadSrvc/files/shelter/2026/05/202605231505311.png
447505202600410,한국 고양이,레몬색&흰색,깻잎 머리같은 노란 앞머리가 매력인 치즈! 다른 고양이 친구들과도 껑충껑충 잘 노는 개냥이랍니다!,M,성건동 373-10 부근,경상북도 경주시,종료(입양),http://openapi.animal.go.kr/openapi/service/rest/fileDownloadSrvc/files/shelter/2026/04/202605141705393.jpg
447505202600409,한국 고양이,흰색/검은색 얼룩무늬,고등어무늬 얼굴과 얼룩무늬 몸이 반반인 개냥이!,F,성건동 373-10 부근,경상북도 경주시,종료(입양),http://openapi.animal.go.kr/openapi/service/rest/fileDownloadSrvc/files/shelter/2026/05/202605121105192.jpg
447502202600266,한국 고양이,레몬색&흰색,"1.5개월추정, 허피스 있음, 공장기계 안에 있어서 어미로부터 보살핌을 받지 못하고 있엇음",M,경상북도 포항시 남구 괴동동 심팩메탈1공장 기계안,경상북도 포항시,종료(입양),http://openapi.animal.go.kr/openapi/service/rest/fileDownloadSrvc/files/shelter/2026/05/20260511120533.jpg
447502202600265,한국 고양이,레몬색&흰색,"3개월추정, 미약한 허피스, 흐린눈으로 보면 도도한 터키시냥찌로 보임",F,경상북도 포항시 북구 창포동 창포메트로2단지 인근,경상북도 포항시,종료(입양),http://openapi.animal.go.kr/openapi/service/rest/fileDownloadSrvc/files/shelter/2026/05/202605111205632.jpg
446482202600144,한국 고양이,레몬색&흰색,자생어려움 젖먹이,M,순천 드라마 촬영장,전라남도 순천시,보호중,http://openapi.animal.go.kr/openapi/service/rest/fileDownloadSrvc/files/shelter/2026/04/20260511160584.jpg
446482202600142,한국 고양이,레몬색&흰색,자생어려움 젖먹이,M,신대지구,전라남도 순천시,보호중,http://openapi.animal.go.kr/openapi/service/rest/fileDownloadSrvc/files/shelter/2026/04/202605111505507[1].jpg
446482202600141,한국 고양이,레몬색&흰색,자생어려움 젖먹이,M,연향동,전라남도 순천시,보호중,http://openapi.animal.go.kr/openapi/service/rest/fileDownloadSrvc/files/shelter/2026/04/202605111505843.jpg
446480202600398,페르시안,기타(연회색),"야위고 얌전함, 주택가를 배회",F,하당동행정복지센터,전라남도 목포시,종료(입양),http://openapi.animal.go.kr/openapi/service/rest/fileDownloadSrvc/files/shelter/2026/05/202605112105263.jpg
445468202601134,한국 고양이,레몬색&흰색,기력이 없고 허피스기가 있음,M,익산시 마동 384,전북특별자치도 익산시,보호중,http://openapi.animal.go.kr/openapi/service/rest/fileDownloadSrvc/files/shelter/2026/05/202605111705468.jpg
445468202601131,한국 고양이,레몬색&흰색,생후 3주정도 되었으며 순하고 작고 어림,F,익산시 남중동 321-203,전북특별자치도 익산시,보호중,http://openapi.animal.go.kr/openapi/service/rest/fileDownloadSrvc/files/shelter/2026/05/20260511160576.jpg
445468202601130,한국 고양이,검은색흰색황토색조합,생후 2주정도 되어보이며 순하고 어림,M,익산시 남중동 531-26,전북특별자치도 익산시,보호중,http://openapi.animal.go.kr/openapi/service/rest/fileDownloadSrvc/files/shelter/2026/05/202605111605647.jpg
445467202600980,믹스묘,기타(고등어),6주추정,M,임피면 읍내리 22-9,전북특별자치도 군산시,종료(자연사),http://openapi.animal.go.kr/openapi/service/rest/fileDownloadSrvc/files/shelter/2026/05/202605111605856.jpg
445467202600979,믹스묘,기타(고등어),6주추정,F,임피면 읍내리 22-9,전북특별자치도 군산시,종료(자연사),http://openapi.animal.go.kr/openapi/service/rest/fileDownloadSrvc/files/shelter/2026/05/202605111505967[1].jpg
445467202600978,믹스묘,기타(고등어),6주추정,F,임피면 읍내리 22-9,전북특별자치도 군산시,보호중,http://openapi.animal.go.kr/openapi/service/rest/fileDownloadSrvc/files/shelter/2026/05/202605111505350.jpg
445467202600976,믹스묘,기타(고등어),1주추정,F,신평안길 65,전북특별자치도 군산시,종료(자연사),http://openapi.animal.go.kr/openapi/service/rest/fileDownloadSrvc/files/shelter/2026/05/202605111505524.jpg
445464202601680,한국 고양이,기타(고등어),배꼽탈장 후지파행,M,중노송동 476-34,전북특별자치도 전주시,종료(자연사),http://openapi.animal.go.kr/openapi/service/rest/fileDownloadSrvc/files/shelter/2026/05/202605111705255.jpg
445464202601679,한국 고양이,기타(고등어),허약,F,중노송동 476-34,전북특별자치도 전주시,종료(자연사),http://openapi.animal.go.kr/openapi/service/rest/fileDownloadSrvc/files/shelter/2026/05/202605111705471.jpg
445464202601676,한국 고양이,기타(노랑+흰색),코와 입에서 출혈,M,효자동 하서방 칼국수 부근,전북특별자치도 전주시,종료(자연사),http://openapi.animal.go.kr/openapi/service/rest/fileDownloadSrvc/files/shelter/2026/05/202605111005176.jpg
444455202600342,믹스묘,기타(검정),입주변 흰색털임,Q,금산군청 복지과 앞,충청남도 금산군,종료(자연사),http://openapi.animal.go.kr/openapi/service/rest/fileDownloadSrvc/files/shelter/2026/04/202605111105205.png
444451202600474,한국 고양이,레몬색&흰색,골반골절,M,보령시 신흑동 2132,충청남도 보령시,보호중,http://openapi.animal.go.kr/openapi/service/rest/fileDownloadSrvc/files/shelter/2026/05/202605110805902.jpg
442434202600190,한국 고양이,흰색/검은색 얼룩무늬,매우 착하고 순함,F,파인리즈리조트 기숙사 지하,강원특별자치도 고성군,보호중,http://openapi.animal.go.kr/openapi/service/rest/fileDownloadSrvc/files/shelter/2026/05/202605111605530.jpg
441553202601634,한국 고양이,검은색흰색황토색조합,너무 귀여운 외모/ 몸집이 작음/ 경계심이 많은편/ 공격성은 없음,Q,동탄구 큰재봉길 인근,경기도 화성시,종료(입양),http://openapi.animal.go.kr/openapi/service/rest/fileDownloadSrvc/files/shelter/2026/05/20260511170516.jpg
441553202601633,한국 고양이,검은색흰색황토색조합,상태가 너무좋음/ 경계심이 있어보임/  공격성은 없음,Q,동탄구 큰재봉길 인근,경기도 화성시,종료(입양),http://openapi.animal.go.kr/openapi/service/rest/fileDownloadSrvc/files/shelter/2026/05/20260511170579.jpg
441553202601631,한국 고양이,검은색흰색황토색조합,너무나 이쁘게 생긴 아기삼색냥이/상태좋고 통통함/어미가 잘 돌봐준듯함,Q,기안동로 인근,경기도 화성시,보호중,http://openapi.animal.go.kr/openapi/service/rest/fileDownloadSrvc/files/shelter/2026/04/202605111705886.jpg
441408202600920,한국 고양이,기타(갈색/흰색),"뒷다리 기립불능, 구더기 감염증, 꼬리 괴사",M,일죽면 주래본죽로 91,경기도 안성시,종료(자연사),http://openapi.animal.go.kr/openapi/service/rest/fileDownloadSrvc/files/shelter/2026/05/202605111705627.jpg
441405202601163,한국 고양이,검정색,"올망졸망 귀여운 4마리 함께 입소, 생후 1주령 추정",F,처인구 모현읍 오산로 186-7 라벨리움,경기도 용인시,종료(자연사),http://openapi.animal.go.kr/openapi/service/rest/fileDownloadSrvc/files/shelter/2026/05/202605111805191.jpg
441405202601162,한국 고양이,검은색흰색황토색조합,"올망졸망 귀여운 4마리 함께 입소, 생후 1주령 추정",F,처인구 모현읍 오산로 186-7 라벨리움,경기도 용인시,보호중,http://openapi.animal.go.kr/openapi/service/rest/fileDownloadSrvc/files/shelter/2026/05/202605111805805.jpg
441405202601161,한국 고양이,검은색흰색황토색조합,"올망졸망 귀여운 4마리 함께 입소, 생후 1주령 추정",F,처인구 모현읍 오산로 186-7 라벨리움,경기도 용인시,보호중,http://openapi.animal.go.kr/openapi/service/rest/fileDownloadSrvc/files/shelter/2026/05/202605111805670.jpg
441405202601160,한국 고양이,검은색흰색황토색조합,"올망졸망 귀여운 4마리 함께 입소, 생후 1주령 추정",F,처인구 모현읍 오산로 186-7 라벨리움,경기도 용인시,보호중,http://openapi.animal.go.kr/openapi/service/rest/fileDownloadSrvc/files/shelter/2026/05/202605111805446.jpg
441405202601159,한국 고양이,레몬색&흰색,"똘망똘망 귀여운 2마리 함께 입소, 1개월령 추정",F,처인구 모현읍 곡현로 707,경기도 용인시,보호중,http://openapi.animal.go.kr/openapi/service/rest/fileDownloadSrvc/files/shelter/2026/05/202605111705880.jpg
441405202601158,한국 고양이,레몬색&흰색,"똘망똘망 귀여운 2마리 함께 입소, 1개월령 추정",M,처인구 모현읍 곡현로 707,경기도 용인시,보호중,http://openapi.animal.go.kr/openapi/service/rest/fileDownloadSrvc/files/shelter/2026/05/202605111705377.jpg
441405202601156,한국 고양이,검은색흰색황토색조합,수유가 필요한 귀여운 아이,F,기흥구 지곡동 483-1 예일유치원,경기도 용인시,종료(자연사),http://openapi.animal.go.kr/openapi/service/rest/fileDownloadSrvc/files/shelter/2026/05/202605111605589.jpg
441402202600263,한국 고양이,기타(갈백),"겁많음,다리다침,식욕부진,tnr되어있음",Q,군포소방서에서 인수,경기도 군포시,보호중,http://openapi.animal.go.kr/openapi/service/rest/fileDownloadSrvc/files/shelter/2026/05/202605111705130.jpg
441402202600262,한국 고양이,기타(갈백),"얼굴옆구리상처남,겁많음,tnr됨",Q,군포시청에서 인수,경기도 군포시,보호중,http://openapi.animal.go.kr/openapi/service/rest/fileDownloadSrvc/files/shelter/2026/05/202605111705558.jpg
441399202600776,페르시안,기타(회색),착하고 사람 손길을 잘 따름,M,수동면 남가로 1674번길,경기도 남양주시,보호중,http://openapi.animal.go.kr/openapi/service/rest/fileDownloadSrvc/files/shelter/2026/05/202605111505586.png
441374202600525,한국 고양이,기타(흑백색),"혼수상태, 어림(1개월추정)",Q,권선구 세지로12번길 9-16(세류동),경기도 수원시,종료(자연사),http://openapi.animal.go.kr/openapi/service/rest/fileDownloadSrvc/files/shelter/2026/05/202605111605172.jpg
441374202600518,한국 고양이,기타(갈백색),"보행이상, 사고묘 추정",F,장안구 대평로90번길 19(정자동),경기도 수원시,종료(안락사),http://openapi.animal.go.kr/openapi/service/rest/fileDownloadSrvc/files/shelter/2026/05/202605111405110.jpg
441374202600517,믹스묘,기타(백갈색),입양보류,M,팔달구 수원천로392번길 44-6(매향동),경기도 수원시,보호중,http://openapi.animal.go.kr/openapi/service/rest/fileDownloadSrvc/files/shelter/2026/05/202605111405653.jpg
431373202600724,한국 고양이,평행·전체·부분줄무늬,활발하고 말많은 냥이,Q,온산읍 화산로,울산광역시 울주군,종료(자연사),http://openapi.animal.go.kr/openapi/service/rest/fileDownloadSrvc/files/shelter/2026/04/202605111505941.jpg
431372202600326,한국 고양이,흰색/검은색 얼룩무늬,건강함,Q,오치골 옥상,울산광역시 북구,보호중,http://openapi.animal.go.kr/openapi/service/rest/fileDownloadSrvc/files/shelter/2026/05/202605111705195.jpg
431372202600325,한국 고양이,검은색흰색황토색조합,건강함,F,오치골 옥상,울산광역시 북구,보호중,http://openapi.animal.go.kr/openapi/service/rest/fileDownloadSrvc/files/shelter/2026/05/202605111705356.jpg
431372202600324,한국 고양이,흰색/검은색 얼룩무늬,건강함,Q,오치골 옥상,울산광역시 북구,보호중,http://openapi.animal.go.kr/openapi/service/rest/fileDownloadSrvc/files/shelter/2026/05/202605111705984.jpg
431372202600323,한국 고양이,흰색/검은색 얼룩무늬,건강함,Q,오치골 옥상,울산광역시 북구,보호중,http://openapi.animal.go.kr/openapi/service/rest/fileDownloadSrvc/files/shelter/2026/05/202605111705779[1].jpg
431372202600322,한국 고양이,검은색흰색황토색조합,건강함,F,중산초 지하주차장,울산광역시 북구,보호중,http://openapi.animal.go.kr/openapi/service/rest/fileDownloadSrvc/files/shelter/2026/05/202605111705589.jpg
431371202600264,한국 고양이,레몬색&흰색,"기운없음,잘못걸어다님",M,동아빌라 전봇대 쓰레기장,울산광역시 동구,종료(자연사),http://openapi.animal.go.kr/openapi/service/rest/fileDownloadSrvc/files/shelter/2026/05/202605111005770.jpg
430365202600157,한국 고양이,검은색흰색황토색조합,교통사고,F,보문산로 365 번길 23 주변 ,대전광역시 중구,종료(안락사),http://openapi.animal.go.kr/openapi/service/rest/fileDownloadSrvc/files/shelter/2026/05/20260511190570.png
428357202600687,한국 고양이,레몬색&흰색,2개월령추정. 상냥함. 치즈,M,강화대로 387 (신문리 강화종로약국),인천광역시 강화군,종료(입양),http://openapi.animal.go.kr/openapi/service/rest/fileDownloadSrvc/files/shelter/2026/05/202605112105236.jpg
428357202600686,한국 고양이,레몬색&흰색,생후16일령추정. 눈뜸. 치즈,M,강화동로 739 (냉정리),인천광역시 강화군,종료(자연사),http://openapi.animal.go.kr/openapi/service/rest/fileDownloadSrvc/files/shelter/2026/05/202605112105683.jpg
428354202600383,한국 고양이,기타(흰회고등어),겁이 많음,M,충선로 191 뉴서울@ 4동 14층,인천광역시 부평구,종료(반환),http://openapi.animal.go.kr/openapi/service/rest/fileDownloadSrvc/files/shelter/2026/05/202605111005106.jpg
428353202600399,믹스묘,기타(고등어),전신경련,M,남동구 서창동 545,인천광역시 남동구,종료(방사),http://openapi.animal.go.kr/openapi/service/rest/fileDownloadSrvc/files/shelter/2026/05/202605111505330.jpg
427348202600485,한국 고양이,평행·전체·부분줄무늬,결막염,Q,하빈면 하빈로24길 132-2,대구광역시 달성군,보호중,http://openapi.animal.go.kr/openapi/service/rest/fileDownloadSrvc/files/shelter/2026/04/202605111005208.jpg
427348202600484,한국 고양이,평행·전체·부분줄무늬,결막염,Q,하빈면 하빈로24길 132-2,대구광역시 달성군,보호중,http://openapi.animal.go.kr/openapi/service/rest/fileDownloadSrvc/files/shelter/2026/04/202605111005267.jpg
427348202600483,한국 고양이,평행·전체·부분줄무늬,결막염,Q,하빈면 하빈로24길 132-2,대구광역시 달성군,보호중,http://openapi.animal.go.kr/openapi/service/rest/fileDownloadSrvc/files/shelter/2026/04/202605111005794[1].jpg
427348202600482,한국 고양이,평행·전체·부분줄무늬,결막염,Q,하빈면 하빈로24길 132-2,대구광역시 달성군,보호중,http://openapi.animal.go.kr/openapi/service/rest/fileDownloadSrvc/files/shelter/2026/04/202605111005641.jpg
427348202600481,한국 고양이,레몬색&흰색,결막염 약간,Q,다사읍 달구벌대로 893,대구광역시 달성군,보호중,http://openapi.animal.go.kr/openapi/service/rest/fileDownloadSrvc/files/shelter/2026/04/202605110905567.jpg
427348202600480,한국 고양이,흰색/검은색 얼룩무늬,3일령 미만. 탯줄이 달려 있음.,F,화원연합동물병원 출입문 앞,대구광역시 달성군,보호중,http://openapi.animal.go.kr/openapi/service/rest/fileDownloadSrvc/files/shelter/2026/04/202605110805132.jpg
427346202600479,한국 고양이,"기타(흰색, 테비)",순하고 조용한 성격,M,동원로 123,대구광역시 수성구,보호중,http://openapi.animal.go.kr/openapi/service/rest/fileDownloadSrvc/files/shelter/2026/05/202605111705882.jpg
427346202600475,한국 고양이,기타(고등어태비),"결막영 있어 치료 중이며, 이유식 적응 중입니다...",M,상동 골목,대구광역시 수성구,보호중,http://openapi.animal.go.kr/openapi/service/rest/fileDownloadSrvc/files/shelter/2026/04/202605111605824.jpg
427346202600472,한국 고양이,검은색흰색황토색조합,"병원에서씻김,얌전하고순함",F,매호천,대구광역시 수성구,종료(입양),http://openapi.animal.go.kr/openapi/service/rest/fileDownloadSrvc/files/shelter/2026/05/202605111505882.jpg
427345202600222,한국 고양이,검은색흰색황토색조합,어미분리자묘,F,학정로 109,대구광역시 북구,종료(자연사),http://openapi.animal.go.kr/openapi/service/rest/fileDownloadSrvc/files/shelter/2026/05/202605111605787.jpg
427343202600381,한국 고양이,"기타(흑,백)",기립불능,F,국채보상로37길38,대구광역시 서구,종료(자연사),http://openapi.animal.go.kr/openapi/service/rest/fileDownloadSrvc/files/shelter/2026/05/202605111605735.jpg
426331202600150,믹스묘,갈색,"사고 의심, 기력 매우 저하, 저체온, 갈색",M,석포로 101,부산광역시 남구,보호중,http://openapi.animal.go.kr/openapi/service/rest/fileDownloadSrvc/files/shelter/2026/04/202605111105384.jpg
426325202600143,한국 고양이,흰색/검은색 얼룩무늬,"안질환과콧물,경계심이강함,야윈상태,중구2-21",Q,해관로 32,부산광역시 중구,보호중,http://openapi.animal.go.kr/openapi/service/rest/fileDownloadSrvc/files/shelter/2026/04/202605111705639.jpg
429360202600221,한국 고양이,흰색/검은색 얼룩무늬,"26-6019 교통사고추정, 기립불가, 구강 내 부종 및 염증이 가득함.",M,서구 주월초교,광주광역시 서구,종료(안락사),http://openapi.animal.go.kr/openapi/service/rest/fileDownloadSrvc/files/shelter/2026/04/202605111605523.jpg
429361202600153,한국 고양이,흰색,26-7122 생후2주,F,남구 송암동,광주광역시 남구,종료(기증),http://openapi.animal.go.kr/openapi/service/rest/fileDownloadSrvc/files/shelter/2026/04/202605111405352.jpg
429361202600152,한국 고양이,"기타(회,흰)",26-7121 생후2주,F,남구 송암동,광주광역시 남구,종료(기증),http://openapi.animal.go.kr/openapi/service/rest/fileDownloadSrvc/files/shelter/2026/04/202605111405237.jpg
429361202600151,한국 고양이,"기타(회,흰)",26-7120 생후2주,M,남구 송암동,광주광역시 남구,종료(기증),http://openapi.animal.go.kr/openapi/service/rest/fileDownloadSrvc/files/shelter/2026/04/202605111405108.jpg
429361202600150,한국 고양이,평행·전체·부분줄무늬,26-7119 생후2주,M,남구 송암동,광주광역시 남구,종료(기증),http://openapi.animal.go.kr/openapi/service/rest/fileDownloadSrvc/files/shelter/2026/04/202605111405818.jpg
430364202600341,한국 고양이,흰색/검은색 얼룩무늬,박스에 새끼를 낳아놓고 이틀전부터 오지않아 신고됨,F,가양동 55-54 2층,대전광역시 동구,종료(자연사),http://openapi.animal.go.kr/openapi/service/rest/fileDownloadSrvc/files/shelter/2026/04/202605141405800.png
426334202600332,한국 고양이,레몬색&흰색,"젖먹이,인공수유,안질환,영양상태부족",Q,사하동물병원,부산광역시 사하구,보호중,http://openapi.animal.go.kr/openapi/service/rest/fileDownloadSrvc/files/shelter/2026/04/202605131305902[1].jpg
411302202600236,한국 고양이,평행·전체·부분줄무늬,식욕좋고 양호한 상태.  약간 예민함이 있지만 좋음.,F,유엔빌리지2길 85 주택앞,서울특별시 용산구,보호중,http://openapi.animal.go.kr/openapi/service/rest/fileDownloadSrvc/files/shelter/2026/05/202605111205383.jpg
426330202600067,믹스묘,기타(검갈흰),"교통사고, 기립 불능, 기력 매우 저하, 출혈",M,동래로 136번길 도로변,부산광역시 동래구,보호중,http://openapi.animal.go.kr/openapi/service/rest/fileDownloadSrvc/files/shelter/2026/04/202605120905933.jpg
448535202600337,한국 고양이,흰색/검은색 얼룩무늬,"김해시-321, 3개월미만 추정, 어미잃은 젖먹이 새끼 고양이",Q,김해시 호계로103번길 5,경상남도 김해시,종료(입양),http://openapi.animal.go.kr/openapi/service/rest/fileDownloadSrvc/files/shelter/2026/05/202605111005172.png
448535202600336,한국 고양이,레몬색&흰색,"김해시-320, 3개월미만 추정, 어미잃은 젖먹이 새끼 고양이",Q,김해시 호계로103번길 5,경상남도 김해시,종료(입양),http://openapi.animal.go.kr/openapi/service/rest/fileDownloadSrvc/files/shelter/2026/05/202605111005588.png
445467202600975,믹스묘,갈색,7주추정,F,베스트 한방병원,전북특별자치도 군산시,보호중,http://openapi.animal.go.kr/openapi/service/rest/fileDownloadSrvc/files/shelter/2026/05/202605111505785.jpg
442423202600198,한국 고양이,기타(회/검),덫에 걸려 구조,M,해맞이2길11,강원특별자치도 속초시,종료(자연사),http://openapi.animal.go.kr/openapi/service/rest/fileDownloadSrvc/files/shelter/2026/05/202605110905787.jpg
441409202600427,한국 고양이,기타(검/갈/흰),코 분홍. 눈곱. 콧물. 털 상태 양호. ,F,"경기 김포시 하성면 월하로912번길 64 (전류리, 한강오토캠핑장) 수영장 수로",경기도 김포시,보호중,http://openapi.animal.go.kr/openapi/service/rest/fileDownloadSrvc/files/shelter/2026/04/202605111705749.jpg
441409202600426,한국 고양이,기타(갈/검/흰),코 분홍. 눈곱. 콧물. 털 상태 양호. ,M,"경기 김포시 하성면 월하로912번길 64 (전류리, 한강오토캠핑장) 수영장 수로",경기도 김포시,보호중,http://openapi.animal.go.kr/openapi/service/rest/fileDownloadSrvc/files/shelter/2026/04/202605111705201.jpg
441409202600425,한국 고양이,기타(검/흰),코 분홍. 눈곱. 콧물. 털 상태 양호. ,F,"경기 김포시 하성면 월하로912번길 64 (전류리, 한강오토캠핑장) 수영장 수로",경기도 김포시,보호중,http://openapi.animal.go.kr/openapi/service/rest/fileDownloadSrvc/files/shelter/2026/04/202605111705882.jpg
441393202600554,한국 고양이,기타(흑백),"성별미상,나이미상,겁많음",Q,대부황금로 1422 부근,경기도 안산시,종료(방사),http://openapi.animal.go.kr/openapi/service/rest/fileDownloadSrvc/files/shelter/2026/04/202605111505401.jpg
441393202600553,한국 고양이,기타(흑갈),"성별미상,나이미상,겁많음",Q,대부황금로1422 부근,경기도 안산시,종료(방사),http://openapi.animal.go.kr/openapi/service/rest/fileDownloadSrvc/files/shelter/2026/04/202605111505240[1].jpg
441393202600552,한국 고양이,기타(흑백),입소시자연사,F,본오동790-7 부근,경기도 안산시,종료(자연사),http://openapi.animal.go.kr/openapi/service/rest/fileDownloadSrvc/files/shelter/2026/04/202605111505317.jpg
431373202600723,한국 고양이,레몬색&흰색,숨 약하고 분유 잘 못삼킴,Q,삼남읍 교동주공아파트 인근,울산광역시 울주군,보호중,http://openapi.animal.go.kr/openapi/service/rest/fileDownloadSrvc/files/shelter/2026/04/202605111405183.jpg
431372202600321,한국 고양이,레몬색&흰색,병원 옆 창고에서 발견,M,산업로1007,울산광역시 북구,보호중,http://openapi.animal.go.kr/openapi/service/rest/fileDownloadSrvc/files/shelter/2026/04/202605110905237.jpg
431371202600263,한국 고양이,검은색흰색황토색조합,건강함,F,전하 푸르지오,울산광역시 동구,보호중,http://openapi.animal.go.kr/openapi/service/rest/fileDownloadSrvc/files/shelter/2026/05/20260510130563.jpg
431370202600247,한국 고양이,검정색,설사장염(심함)기력없슴,F,번영로 20,울산광역시 남구,종료(자연사),http://openapi.animal.go.kr/openapi/service/rest/fileDownloadSrvc/files/shelter/2026/05/202605111105605.jpg
428357202600685,한국 고양이,검은색흰색황토색조합,생후10일령추정. 눈못뜸. 기력저하,F,마니산로 672-1 (상방리),인천광역시 강화군,종료(자연사),http://openapi.animal.go.kr/openapi/service/rest/fileDownloadSrvc/files/shelter/2026/05/202605112105726.jpg
426340202600223,한국 고양이,흰색/검은색 얼룩무늬,"영양상태 불량, 기력 매우 저하, 저체온, 검+흰",F,정관 휴먼시아 1단지,부산광역시 기장군,보호중,http://openapi.animal.go.kr/openapi/service/rest/fileDownloadSrvc/files/shelter/2026/04/202605111905139.jpg
426332202600186,한국 고양이,기타(흰색검은색),"3두동시입소,젖먹이,인공수유,아직눈을못뜸,북구2-64",Q,금곡대로441번길 17,부산광역시 북구,보호중,http://openapi.animal.go.kr/openapi/service/rest/fileDownloadSrvc/files/shelter/2026/05/202605111505231.jpg
426332202600185,한국 고양이,기타(흰색검은색),"3두동시입소,젖먹이,인공수유,아직눈을못뜸,북구2-63",Q,금곡대로441번길 17,부산광역시 북구,보호중,http://openapi.animal.go.kr/openapi/service/rest/fileDownloadSrvc/files/shelter/2026/05/202605111505429.jpg
426332202600184,한국 고양이,검정색,"3두동시입소,젖먹이,인공수유,아직눈을못뜸,북구2-62",Q,금곡대로441번길 17,부산광역시 북구,보호중,http://openapi.animal.go.kr/openapi/service/rest/fileDownloadSrvc/files/shelter/2026/05/202605111505753.jpg
411316202600358,한국 고양이,기타(검/흰),포유기. 코 검정. 눈 못뜸. 저체온. 기력없음. 털 상태 양호. ,F,"서울 구로구 남부순환로 775 (개봉동, 개봉푸르지오)",서울특별시 구로구,종료(자연사),http://openapi.animal.go.kr/openapi/service/rest/fileDownloadSrvc/files/shelter/2026/04/202605111605766.jpg
411300202600341,한국 고양이,기타(갈/검/흰),코 흰색. 눈곱. 엉덩이 피부손상. 구더기 오염. 기력없음. 경계. 저체온. 털 상태 불량. ,F,서울 종로구 평창동 487-2 인근,서울특별시 종로구,종료(자연사),http://openapi.animal.go.kr/openapi/service/rest/fileDownloadSrvc/files/shelter/2026/04/202605111605266.jpg
448547202600389,한국 고양이,레몬색&흰색,어미없이 입소,Q,거창군 거칭읍 양평1길 7,경상남도 거창군,보호중,http://openapi.animal.go.kr/openapi/service/rest/fileDownloadSrvc/files/shelter/2026/05/202605101205941.jpg
446483202600631,한국 고양이,기타(흰갈검),생후40일정도로보임 온순함,F,나주시노안면학산동산길79,전라남도 나주시,보호중,http://openapi.animal.go.kr/openapi/service/rest/fileDownloadSrvc/files/shelter/2026/04/202605101605133.jpg
446483202600630,한국 고양이,기타(흰검),생후40일정도로보임 온순함,M,나주시노안면학산동산길79,전라남도 나주시,보호중,http://openapi.animal.go.kr/openapi/service/rest/fileDownloadSrvc/files/shelter/2026/04/202605101605641.jpg
446483202600629,한국 고양이,기타(흰검),생후40일정도로보임 온순함,M,나주시노안면학산동산길79,전라남도 나주시,종료(입양),http://openapi.animal.go.kr/openapi/service/rest/fileDownloadSrvc/files/shelter/2026/04/202605101605297.jpg
445467202600972,믹스묘,기타(검/흰),생후 1주추정,M,서수면 월암길18-1,전북특별자치도 군산시,종료(자연사),http://openapi.animal.go.kr/openapi/service/rest/fileDownloadSrvc/files/shelter/2026/05/202605101505139.jpg
445467202600971,믹스묘,기타(고등어),항문쪽 탈장된걸로 보임,M,서수면 월암길18-1,전북특별자치도 군산시,종료(자연사),http://openapi.animal.go.kr/openapi/service/rest/fileDownloadSrvc/files/shelter/2026/05/202605101505341.jpg
445464202601675,한국 고양이,평행·전체·부분줄무늬,"눈 못뜸, 왼쪽 뒷다리 부어있음",Q,문학대6길 22,전북특별자치도 전주시,보호중,http://openapi.animal.go.kr/openapi/service/rest/fileDownloadSrvc/files/shelter/2026/05/202605101605490.jpg
444449202601148,한국 고양이,검은색흰색황토색조합,"교통사고 추정, 방광 팽대, 척추골절 및 후지마비",F,동남구 중앙시장 통로,충청남도 천안시,종료(자연사),http://openapi.animal.go.kr/openapi/service/rest/fileDownloadSrvc/files/shelter/2026/05/202605101605699.jpg
441386202600610,한국 고양이,흰색/검은색 얼룩무늬,"(입소당시)4번,생후2일추정,4마리같이발견,인공수유필요,예후불량",Q,소사본동 209-3,경기도 부천시,종료(자연사),http://openapi.animal.go.kr/openapi/service/rest/fileDownloadSrvc/files/shelter/2026/04/202605101305527.jpg
441386202600609,한국 고양이,흰색/검은색 얼룩무늬,"(입소당시)3번,생후2일추정,머리가르마,4마리같이발견,인공수유필요,예후불량",Q,소사본동 209-3,경기도 부천시,종료(자연사),http://openapi.animal.go.kr/openapi/service/rest/fileDownloadSrvc/files/shelter/2026/04/202605101305763.jpg
441386202600606,한국 고양이,흰색/검은색 얼룩무늬,"(입소당시)2번,생후2일추정,4마리같이발견,인공수유필요,예후불량",Q,소사본동 209-3,경기도 부천시,종료(자연사),http://openapi.animal.go.kr/openapi/service/rest/fileDownloadSrvc/files/shelter/2026/04/202605101205320.jpg
441386202600605,한국 고양이,흰색/검은색 얼룩무늬,"(입소당시)1번,생후2일추정,다리검은색,4마리같이발견,인공수유필요,예후불량",Q,소사본동 209-3,경기도 부천시,종료(자연사),http://openapi.animal.go.kr/openapi/service/rest/fileDownloadSrvc/files/shelter/2026/05/202605101105815.jpg
429362202600221,한국 고양이,흰색/검은색 얼룩무늬,26-7118,F,북구 무등로 76,광주광역시 북구,종료(자연사),http://openapi.animal.go.kr/openapi/service/rest/fileDownloadSrvc/files/shelter/2026/04/202605101405950.jpg
426326202600070,한국 고양이,레몬색&흰색,"어미없이버려짐,경계심,영양상태부족,서구2-36",Q,동아대학교 부민캠퍼스 정문 경비실,부산광역시 서구,보호중,http://openapi.animal.go.kr/openapi/service/rest/fileDownloadSrvc/files/shelter/2026/04/202605201205405.jpg
428356202600596,한국 고양이,검은색흰색황토색조합,척추골절로 일어나지 못함,M,가정로 322주변,인천광역시 서구,보호중,http://openapi.animal.go.kr/openapi/service/rest/fileDownloadSrvc/files/shelter/2026/04/202605160205513.jpg
426334202600331,한국 고양이,흰색/검은색 얼룩무늬,"젖먹이,인공수유,어미없이버려짐",Q,하단동물병원,부산광역시 사하구,보호중,http://openapi.animal.go.kr/openapi/service/rest/fileDownloadSrvc/files/shelter/2026/04/202605131305455.jpg
448537202600982,한국 고양이,레몬색&흰색,"목에상처있음,탈진,허피스",Q,중앙로3길,경상남도 거제시,보호중,http://openapi.animal.go.kr/openapi/service/rest/fileDownloadSrvc/files/shelter/2026/05/202605121305346.jpg
428349202600295,한국 고양이,레몬색&흰색,"어미가 도망가고 없고 너무 어려서 분유로 보호해야 함,감기,재채기,콧물,눈꼽",M,송학동3가 동경파레스 빌라 근처,인천광역시 중구,종료(자연사),http://openapi.animal.go.kr/openapi/service/rest/fileDownloadSrvc/files/shelter/2026/05/20260509160533.jpg
447506202600161,한국 고양이,검정색,이송중 폐사,M,자산3길 28,경상북도 김천시,종료(자연사),http://openapi.animal.go.kr/openapi/service/rest/fileDownloadSrvc/files/shelter/2026/04/202605111105336.jpg
445467202600974,믹스묘,기타(검/흰),교통사고 추정 이송 후 사망,Q,수송동로 41-1,전북특별자치도 군산시,종료(자연사),http://openapi.animal.go.kr/openapi/service/rest/fileDownloadSrvc/files/shelter/2026/05/20260511150513.jpg
441409202600424,한국 고양이,기타(갈/흰),포유기. 코 검정. 눈 못뜸. 탯줄 있음. 기력없음. 저체온. 구강출혈. 털 상태 양호. ,F,경기 김포시 통진읍 율마로300번길 31 (가현리) 인근,경기도 김포시,종료(자연사),http://openapi.animal.go.kr/openapi/service/rest/fileDownloadSrvc/files/shelter/2026/04/202605111705279.jpg
441409202600423,한국 고양이,기타(갈/흰),포유기. 코 검정. 눈 못뜸. 탯줄 있음. 기력없음. 저체온. 구강출혈. 털 상태 양호. ,F,경기 김포시 통진읍 율마로300번길 31 (가현리) 인근,경기도 김포시,종료(자연사),http://openapi.animal.go.kr/openapi/service/rest/fileDownloadSrvc/files/shelter/2026/04/202605111705635.jpg
441409202600422,한국 고양이,기타(갈/흰),포유기. 코 검정. 눈 못뜸. 탯줄 있음. 기력없음. 저체온. 구강출혈. 털 상태 양호. ,F,경기 김포시 통진읍 율마로300번길 31 (가현리) 인근,경기도 김포시,종료(자연사),http://openapi.animal.go.kr/openapi/service/rest/fileDownloadSrvc/files/shelter/2026/04/202605111705406.jpg
441409202600421,한국 고양이,기타(검/흰),포유기. 코 검정. 눈 못뜸. 탯줄 있음. 구강출혈. 기력없음. 저체온. 털 상태 양호.,M,경기 김포시 통진읍 율마로300번길 31 (가현리) 인근,경기도 김포시,종료(자연사),http://openapi.animal.go.kr/openapi/service/rest/fileDownloadSrvc/files/shelter/2026/04/20260511170587.jpg
428357202600684,한국 고양이,흰색/검은색 얼룩무늬,다리다침. 구내염심함. ,M,해안남로1502번길 12 (동막리),인천광역시 강화군,종료(자연사),http://openapi.animal.go.kr/openapi/service/rest/fileDownloadSrvc/files/shelter/2026/05/202605112105457.jpg
428349202600300,한국 고양이,기타(고등어무늬),"구조시 얼굴에 상처, 후지파행 증상",M,운남동로 9 인근,인천광역시 중구,종료(방사),http://openapi.animal.go.kr/openapi/service/rest/fileDownloadSrvc/files/shelter/2026/04/202605101505798.jpg
428349202600297,한국 고양이,기타(고등어테비),"어미가 도망가고 없고 너무 어려서 분유로 보호해야 함,감기,재채기,콧물,눈꼽",M,송학동3가 동경파레스 빌라 근처,인천광역시 중구,종료(자연사),http://openapi.animal.go.kr/openapi/service/rest/fileDownloadSrvc/files/shelter/2026/05/202605091605574.jpg
428349202600296,한국 고양이,기타(반고등어),"어미가 도망가고 없고 너무 어려서 분유로 보호해야 함,감기,재채기,콧물,눈꼽",F,송학동3가 동경파레스 빌라 근처,인천광역시 중구,종료(자연사),http://openapi.animal.go.kr/openapi/service/rest/fileDownloadSrvc/files/shelter/2026/05/202605091605499.jpg
428349202600294,한국 고양이,기타(노랑+흰색),"어미가 도망가고 없고 너무 어려서 분유로 보호해야 함,감기,재채기,콧물,눈꼽",M,송학동3가 동경파레스 빌라 근처,인천광역시 중구,종료(자연사),http://openapi.animal.go.kr/openapi/service/rest/fileDownloadSrvc/files/shelter/2026/05/202605091605253.jpg
426329202600210,한국 고양이,검은색흰색황토색조합,어미없음 면역력 저하,Q,부산진구 전포대로 300번길 35-13,부산광역시 부산진구,보호중,http://openapi.animal.go.kr/openapi/service/rest/fileDownloadSrvc/files/shelter/2026/04/202605110905640.png
411324202600259,한국 고양이,"기타(검,갈,흰)",포유냥이,Q,선사로20,서울특별시 강동구,보호중,http://openapi.animal.go.kr/openapi/service/rest/fileDownloadSrvc/files/shelter/2026/05/20260509120599.jpg
411323202600415,한국 고양이,기타(갈/검/흰),코 분홍. 눈곱. 콧물. 털 상태 양호. ,F,서울 송파구 송파동 169 송이근린공원,서울특별시 송파구,종료(기증),http://openapi.animal.go.kr/openapi/service/rest/fileDownloadSrvc/files/shelter/2026/04/202605111705170.jpg
411323202600414,한국 고양이,기타(갈/검/흰),코 검정/분홍. 눈곱. 콧물. 털 상태 양호. ,F,"서울 송파구 오금로35길 17 (오금동, 현대아파트) 인근",서울특별시 송파구,종료(기증),http://openapi.animal.go.kr/openapi/service/rest/fileDownloadSrvc/files/shelter/2026/04/202605111705558.jpg
411316202600357,한국 고양이,검은색흰색황토색조합,"7개월 추정, 매우 순함, 눈꼽 감기기운 있음(허피스, 칼리시 음성)",F,삼환로즈빌아파트,서울특별시 구로구,보호중,http://openapi.animal.go.kr/openapi/service/rest/fileDownloadSrvc/files/shelter/2026/04/202605111605274.jpg
411306202600317,한국 고양이,검정색,코 검정. 심한 눈곱. 콧물. 양눈 못뜸. 기력없음. 저체온. 기립불능. 털 상태 양호. ,M,"서울 중랑구 봉화산로 130 (상봉동, 쌍용아파트)",서울특별시 중랑구,종료(자연사),http://openapi.animal.go.kr/openapi/service/rest/fileDownloadSrvc/files/shelter/2026/04/202605111605584.jpg
446483202600628,한국 고양이,기타(갈검),중흥3차애시앙아파트사이2마리함께구조 ,M,나주시빛가람동한빛로125,전라남도 나주시,종료(방사),http://openapi.animal.go.kr/openapi/service/rest/fileDownloadSrvc/files/shelter/2026/04/202605101605542.jpg
446483202600627,한국 고양이,기타(갈흰),중흥3차애시앙아파트사이2마리함께구조 온순함,F,나주시빛가람동한빛로125,전라남도 나주시,종료(입양),http://openapi.animal.go.kr/openapi/service/rest/fileDownloadSrvc/files/shelter/2026/04/202605101505934.jpg
446483202600626,한국 고양이,기타(갈검흰),생후1개월정도로보임온순함 ,M,나주시노안면하치길68-29,전라남도 나주시,종료(입양),http://openapi.animal.go.kr/openapi/service/rest/fileDownloadSrvc/files/shelter/2026/04/202605101505883.jpg
446483202600625,한국 고양이,기타(검흰),생후1개월정도로보임 온순함,M,나주시노안면하치길68-29,전라남도 나주시,보호중,http://openapi.animal.go.kr/openapi/service/rest/fileDownloadSrvc/files/shelter/2026/04/202605101505674.jpg
446483202600624,한국 고양이,기타(갈흰),생후1개월정도로보임 온순함,M,나주시노안면하치길68-29,전라남도 나주시,보호중,http://openapi.animal.go.kr/openapi/service/rest/fileDownloadSrvc/files/shelter/2026/04/202605101505969.jpg
446483202600623,한국 고양이,기타(갈흰),생후1개월정도로보임 온순함,M,나주시노안면하치길68-29,전라남도 나주시,보호중,http://openapi.animal.go.kr/openapi/service/rest/fileDownloadSrvc/files/shelter/2026/04/202605101505165.jpg
446483202600622,한국 고양이,검은색흰색황토색조합,생후1개월정도로보임 온순함,F,나주시노안면하치길68-29,전라남도 나주시,종료(입양),http://openapi.animal.go.kr/openapi/service/rest/fileDownloadSrvc/files/shelter/2026/04/202605101505408.jpg
443443202600332,한국 고양이,레몬색&흰색,[관리번호174]군서면 상지리에 위치한 창고 안에서 관리번호 169~173과 함께 발견,M,군서면,충청북도 옥천군,보호중,http://openapi.animal.go.kr/openapi/service/rest/fileDownloadSrvc/files/shelter/2026/04/202605100005404.jpeg
443443202600331,한국 고양이,레몬색&흰색,"[관리번호173]군서면 상지리에 위치한 창고 안에서 관리번호 169~172, 174와 함께 발견",F,군서면,충청북도 옥천군,보호중,http://openapi.animal.go.kr/openapi/service/rest/fileDownloadSrvc/files/shelter/2026/05/202605100005156.jpeg
443443202600330,한국 고양이,레몬색&흰색,"[관리번호172]군서면 상지리에 위치한 창고 안에서 관리번호 169~171, 173, 174와 함께 발견",F,군서면,충청북도 옥천군,보호중,http://openapi.animal.go.kr/openapi/service/rest/fileDownloadSrvc/files/shelter/2026/05/202605100005548.jpeg
443443202600329,한국 고양이,레몬색&흰색,"[관리번호171]군서면 상지리에 위치한 창고 안에서 관리번호 169, 170, 172~174와 함께 발견",F,군서면,충청북도 옥천군,보호중,http://openapi.animal.go.kr/openapi/service/rest/fileDownloadSrvc/files/shelter/2026/05/202605092305169.jpeg
443443202600328,한국 고양이,레몬색&흰색,"[관리번호170]군서면 상지리에 위치한 창고 안에서 관리번호 169, 171~174와 함께 발견",F,군서면,충청북도 옥천군,보호중,http://openapi.animal.go.kr/openapi/service/rest/fileDownloadSrvc/files/shelter/2026/05/202605092305872.jpeg
443443202600327,한국 고양이,레몬색&흰색,[관리번호169]군서면 상지리에 위치한 창고 안에서 관리번호 170~174와 함께 발견,F,군서면,충청북도 옥천군,보호중,http://openapi.animal.go.kr/openapi/service/rest/fileDownloadSrvc/files/shelter/2026/05/20260509230548.jpeg
441553202601614,한국 고양이,평행·전체·부분줄무늬,어미 없이 발견됨/얌전하고 조용함/수유임보 가능,Q,장안면 인근,경기도 화성시,종료(자연사),http://openapi.animal.go.kr/openapi/service/rest/fileDownloadSrvc/files/shelter/2026/04/202605101605717.jpg
441553202601613,한국 고양이,평행·전체·부분줄무늬,어미 없이 발견됨/순한편/수유임보 가능,Q,장안면 인근,경기도 화성시,종료(자연사),http://openapi.animal.go.kr/openapi/service/rest/fileDownloadSrvc/files/shelter/2026/04/202605101605504.jpg
441553202601612,한국 고양이,평행·전체·부분줄무늬,어미 없이 발견됨/순하고 얌전한 편/밥 잘먹음/수유임보 가능,Q,장안면 인근,경기도 화성시,종료(자연사),http://openapi.animal.go.kr/openapi/service/rest/fileDownloadSrvc/files/shelter/2026/04/202605101605392.jpg
441553202601611,한국 고양이,평행·전체·부분줄무늬,어미 없이 발견됨/순하고 얌전한 성격의 고등어냥이/수유임보 가능,Q,장안면 인근,경기도 화성시,종료(입양),http://openapi.animal.go.kr/openapi/service/rest/fileDownloadSrvc/files/shelter/2026/04/202605101605935.jpg
448541202600790,한국 고양이,검은색흰색황토색조합,피부상해,F,창녕읍 옥천노단이길,경상남도 창녕군,종료(방사),http://openapi.animal.go.kr/openapi/service/rest/fileDownloadSrvc/files/shelter/2026/04/202605092205707.png
447521202600234,한국 고양이,검은색흰색황토색조합,사료불려먹음,Q,성주읍 깔꾸리분식,경상북도 성주군,보호중,http://openapi.animal.go.kr/openapi/service/rest/fileDownloadSrvc/files/shelter/2026/05/202605091605746.jpg
447521202600233,한국 고양이,검정색,사료불려먹음,Q,성주군 성주읍 깔꾸리분식,경상북도 성주군,보호중,http://openapi.animal.go.kr/openapi/service/rest/fileDownloadSrvc/files/shelter/2026/05/202605091605955.jpg
445464202601668,한국 고양이,레몬색&흰색,방울 목걸이 착용중 이름면에 짤봉이 혹은 짤분이라고 적혀있음,Q,덕진구 한배미4길 세븐일레븐 뒤,전북특별자치도 전주시,보호중,http://openapi.animal.go.kr/openapi/service/rest/fileDownloadSrvc/files/shelter/2026/04/202605092205457.jpg
445464202601666,한국 고양이,기타(흰색갈색),종이박스안에 있었음,F,가리내8길 16-6,전북특별자치도 전주시,보호중,http://openapi.animal.go.kr/openapi/service/rest/fileDownloadSrvc/files/shelter/2026/05/202605091605313.jpg
445464202601665,한국 고양이,기타(흰색갈색),종이박스안에 있었음,F,가리내8길 16-6,전북특별자치도 전주시,보호중,http://openapi.animal.go.kr/openapi/service/rest/fileDownloadSrvc/files/shelter/2026/05/202605091605823.jpg
445464202601664,한국 고양이,기타(흰색갈색),종이박스안에 있었음,M,가리내8길 16-6,전북특별자치도 전주시,보호중,http://openapi.animal.go.kr/openapi/service/rest/fileDownloadSrvc/files/shelter/2026/05/202605091605647.jpg
443571202601111,러시안 블루,기타(회색),"발견된지 한달정도됨, 순하나 겁이 많은 아이",M,오창읍 신평중신1길92,충청북도 청주시,종료(입양),http://openapi.animal.go.kr/openapi/service/rest/fileDownloadSrvc/files/shelter/2026/05/202605091405899.jpeg
443443202600325,한국 고양이,레몬색&흰색,"[관리번호167]옥천읍 금구리에 위치한 공원에서 관리번호166과 함께 발견, 눈곱이 심하게 끼고 쇠약한 상태",M,옥천읍,충청북도 옥천군,보호중,http://openapi.animal.go.kr/openapi/service/rest/fileDownloadSrvc/files/shelter/2026/05/202605092305236.jpeg
443443202600324,한국 고양이,검은색흰색황토색조합,"[관리번호166]옥천읍 금구리의 공원에서 관리번호167과 함께 발견, 눈곱이 심하게 끼고 쇠약한 상태",F,옥천읍,충청북도 옥천군,보호중,http://openapi.animal.go.kr/openapi/service/rest/fileDownloadSrvc/files/shelter/2026/05/202605092305493.jpeg
441386202600598,한국 고양이,레몬색&흰색,"(입소당시)콧물,눈꼽및 염증, 허피스,인공수유필요,예후불량",M,오정로 266번길 69,경기도 부천시,종료(자연사),http://openapi.animal.go.kr/openapi/service/rest/fileDownloadSrvc/files/shelter/2026/05/202605091405501.jpg
441386202600597,한국 고양이,검은색흰색황토색조합,"(입소당시)기력없음,콧물,눈꼽및 염증, 허피스,인공수유필요,예후매우불량",F,오정로 266번길 69,경기도 부천시,종료(자연사),http://openapi.animal.go.kr/openapi/service/rest/fileDownloadSrvc/files/shelter/2026/05/202605091405694.jpg
441386202600596,한국 고양이,평행·전체·부분줄무늬,"(입소당시)기력없음,저체온,의식없음,호흡불량,인공수유필요,예후매우불량",M,오정로 266번길 69,경기도 부천시,종료(자연사),http://openapi.animal.go.kr/openapi/service/rest/fileDownloadSrvc/files/shelter/2026/05/202605091405207.jpg
441386202600589,한국 고양이,검정색,"(입소당시)꼬리꺽임,좌측눈곱과염증심했음,이유식급여",M,역곡동 202-2,경기도 부천시,보호중,http://openapi.animal.go.kr/openapi/service/rest/fileDownloadSrvc/files/shelter/2026/04/202605091105661.jpg
441386202600588,한국 고양이,레몬색&흰색,(입소당시) 2개월령. 결막염. 호흡기질환. 마름. 탈수. 지알디아 양성.,M,원미초 주변,경기도 부천시,보호중,http://openapi.animal.go.kr/openapi/service/rest/fileDownloadSrvc/files/shelter/2026/05/202605091005228.jpg
441386202600587,한국 고양이,검은색흰색황토색조합,"(입소당시)저체온,호흡미약,인공수유필요,예후불량",Q,고강로 60 지하주차장,경기도 부천시,종료(자연사),http://openapi.animal.go.kr/openapi/service/rest/fileDownloadSrvc/files/shelter/2026/04/202605091005348.jpg
428357202600681,한국 고양이,평행·전체·부분줄무늬,구내염. 탈수. 구더기증,M,길직리 522,인천광역시 강화군,보호중,http://openapi.animal.go.kr/openapi/service/rest/fileDownloadSrvc/files/shelter/2026/05/202605091505122.jpg
427346202600468,한국 고양이,기타(치즈태비),불린 사료 적응 중입니다///,M,범어동238-3,대구광역시 수성구,종료(자연사),http://openapi.animal.go.kr/openapi/service/rest/fileDownloadSrvc/files/shelter/2026/04/202605091605362.jpg
427343202600376,한국 고양이,레몬색&흰색,1개월령. 큰 눈. 온순하고 활발,M,평리롯데캐슬,대구광역시 서구,종료(입양),http://openapi.animal.go.kr/openapi/service/rest/fileDownloadSrvc/files/shelter/2026/05/202605091805681.jpg
427341202600248,믹스묘,기타(회색흰색),눈꼽낌.기립불능(후지이상),M,청라국민체육센터,대구광역시 중구,종료(자연사),http://openapi.animal.go.kr/openapi/service/rest/fileDownloadSrvc/files/shelter/2026/04/202605091705778.jpg
411320202600187,한국 고양이,평행·전체·부분줄무늬,우측결막염,M,은천로 59 ,서울특별시 관악구,종료(입양),http://openapi.animal.go.kr/openapi/service/rest/fileDownloadSrvc/files/shelter/2026/05/202605121005913.jpg
411320202600186,한국 고양이,흰색/검은색 얼룩무늬,교통사고  좌측골반골절 후구창상,F,은천로 59 ,서울특별시 관악구,보호중,http://openapi.animal.go.kr/openapi/service/rest/fileDownloadSrvc/files/shelter/2026/05/202605091905403.jpg
411312202600314,기타,은색,"사람 잘 따름, 하악질 있지만 공격성 거의 없는 편",F,신촌역 청년푸드스토어 주차장,서울특별시 서대문구,보호중,http://openapi.animal.go.kr/openapi/service/rest/fileDownloadSrvc/files/shelter/2026/05/202605091705629.jpg
411309202600159,한국 고양이,기타(갈/검/흰),포유기. 코 분홍. 눈 못뜸. 탯줄 있음. 털 상태 양호. ,F,서울 도봉구 일원,서울특별시 도봉구,종료(자연사),http://openapi.animal.go.kr/openapi/service/rest/fileDownloadSrvc/files/shelter/2026/05/202605091605533.jpg
428356202600595,한국 고양이,검은색흰색황토색조합,개안이 안된 3-4일령 고양이 새끼,Q,오류동 정서진6로 15,인천광역시 서구,보호중,http://openapi.animal.go.kr/openapi/service/rest/fileDownloadSrvc/files/shelter/2026/04/202605160205582.jpg
428356202600594,한국 고양이,레몬색&흰색,개안이 안된 3-4일령 고양이 새끼,Q,오류동 정서진6로 15,인천광역시 서구,보호중,http://openapi.animal.go.kr/openapi/service/rest/fileDownloadSrvc/files/shelter/2026/04/202605160205200.jpg
411316202600375,한국 고양이,평행·전체·부분줄무늬,6/3 부터 입양상담 가능,F,경인로 427 구로성심병원 장례식장,서울특별시 구로구,보호중,http://openapi.animal.go.kr/openapi/service/rest/fileDownloadSrvc/files/shelter/2026/05/202605151005399.jpg
411316202600374,한국 고양이,검은색흰색황토색조합,6/3 부터 입양상담 가능,F,경인로 427 구로성심병원 장례식장,서울특별시 구로구,보호중,http://openapi.animal.go.kr/openapi/service/rest/fileDownloadSrvc/files/shelter/2026/05/20260515100558.jpg
411316202600373,한국 고양이,평행·전체·부분줄무늬,6/3 부터 입양상담 가능,M,경인로 427 구로성심병원 장례식장,서울특별시 구로구,보호중,http://openapi.animal.go.kr/openapi/service/rest/fileDownloadSrvc/files/shelter/2026/05/202605151005637[1].jpg
411316202600372,한국 고양이,검은색흰색황토색조합,6/3 부터 입양상담 가능,F,경인로 427 구로성심병원 장례식장,서울특별시 구로구,보호중,http://openapi.animal.go.kr/openapi/service/rest/fileDownloadSrvc/files/shelter/2026/05/202605151005197[1].jpg
426334202600330,한국 고양이,레몬색&흰색,"2~3살로 추정, 코에출혈이있음,다리부분상처,기력없음",M,오작로8번길 6-5,부산광역시 사하구,보호중,http://openapi.animal.go.kr/openapi/service/rest/fileDownloadSrvc/files/shelter/2026/04/202605131305184.jpg
426334202600329,한국 고양이,검정색,"4두동시입소,어미없이버려짐,벼룩도포",Q,신평동 630-5번지,부산광역시 사하구,보호중,http://openapi.animal.go.kr/openapi/service/rest/fileDownloadSrvc/files/shelter/2026/04/202605131305382.jpg
426334202600328,한국 고양이,검정색,"4두동시입소,어미없이버려짐,벼룩도포",Q,신평동 630-5번지,부산광역시 사하구,보호중,http://openapi.animal.go.kr/openapi/service/rest/fileDownloadSrvc/files/shelter/2026/04/202605131305775.jpg
426334202600327,한국 고양이,검정색,"4두동시입소,어미없이버려짐,벼룩도포",Q,신평동 630-5번지,부산광역시 사하구,보호중,http://openapi.animal.go.kr/openapi/service/rest/fileDownloadSrvc/files/shelter/2026/04/202605131305116[1].jpg
426334202600326,한국 고양이,평행·전체·부분줄무늬,"4두동시입소,어미없이버려짐,벼룩도포",Q,신평동 630-5번지,부산광역시 사하구,보호중,http://openapi.animal.go.kr/openapi/service/rest/fileDownloadSrvc/files/shelter/2026/04/202605131305250.jpg
426334202600325,한국 고양이,검은색흰색황토색조합,"아직눈을못뜸,영양상태부족,기력없음",Q,하단동물병원,부산광역시 사하구,보호중,http://openapi.animal.go.kr/openapi/service/rest/fileDownloadSrvc/files/shelter/2026/04/202605131305718.jpg
426334202600324,한국 고양이,검정색,"안질환,어미없이버려짐,영양상태부족",Q,장평로132번길 10,부산광역시 사하구,보호중,http://openapi.animal.go.kr/openapi/service/rest/fileDownloadSrvc/files/shelter/2026/04/202605131305552.jpg
445479202600472,믹스묘,기타(검정색),"눈에 염증있어 연합으로이동,퇴원후 약물치료예정",Q,부안읍 서외2길 24,전북특별자치도 부안군,보호중,http://openapi.animal.go.kr/openapi/service/rest/fileDownloadSrvc/files/shelter/2026/04/202605120905579.jpg
445479202600471,믹스묘,갈색,"눈에 염증있어 연합으로이동,퇴원후 약물치료예정",Q,부안읍 서외2길 24,전북특별자치도 부안군,보호중,http://openapi.animal.go.kr/openapi/service/rest/fileDownloadSrvc/files/shelter/2026/04/202605120905765.jpg
445479202600470,믹스묘,"기타(흰,갈,검정)","눈에 염증있어 연합으로이동,퇴원후 약물치료예정",Q,부안읍 서외2길 24,전북특별자치도 부안군,보호중,http://openapi.animal.go.kr/openapi/service/rest/fileDownloadSrvc/files/shelter/2026/04/202605120905546.jpg
442419202600335,한국 고양이,검은색흰색황토색조합,"1개월미만, 수유중",Q,HL홀딩스원주물류,강원특별자치도 원주시,종료(입양),http://openapi.animal.go.kr/openapi/service/rest/fileDownloadSrvc/files/shelter/2026/04/202605120705654.jpg
426333202600407,믹스묘,기타(회색),"겁 많음, 순함, 회색",M,재송동 547-1,부산광역시 해운대구,종료(입양),http://openapi.animal.go.kr/openapi/service/rest/fileDownloadSrvc/files/shelter/2026/05/202605120905840.jpg
450650202601108,한국 고양이,기타(카오스),개체관리번호 26168 - 8개월,F,제주시 용담이동 2627-1 정성원룸 102호,제주특별자치도,종료(자연사),http://openapi.animal.go.kr/openapi/service/rest/fileDownloadSrvc/files/shelter/2026/04/202605101005112.jpg
450650202601107,한국 고양이,검정색,개체관리번호 26167 - 8개월,M,제주시 용담이동 2627-1 정성원룸 102호,제주특별자치도,보호중,http://openapi.animal.go.kr/openapi/service/rest/fileDownloadSrvc/files/shelter/2026/04/202605101005555.jpg
450650202601106,한국 고양이,검정색,개체관리번호 26166 - 9개월,M,제주시 용담이동 2627-1 정성원룸 102호,제주특별자치도,보호중,http://openapi.animal.go.kr/openapi/service/rest/fileDownloadSrvc/files/shelter/2026/04/202605101005947.jpg
450650202601105,한국 고양이,기타(치즈),개체관리번호 26165 - 10개월,M,제주시 용담이동 2627-1 정성원룸 102호,제주특별자치도,보호중,http://openapi.animal.go.kr/openapi/service/rest/fileDownloadSrvc/files/shelter/2026/04/202605101005950.jpg
450650202601104,한국 고양이,기타(갈색),개체관리번호 26164 - 2주차,F,제주시 용담일동 서문로55,제주특별자치도,종료(자연사),http://openapi.animal.go.kr/openapi/service/rest/fileDownloadSrvc/files/shelter/2026/04/202605101005258.jpg
450650202601103,한국 고양이,기타(갈색),개체관리번호 26163 - 2주차,M,제주시 용담일동 서문로55,제주특별자치도,보호중,http://openapi.animal.go.kr/openapi/service/rest/fileDownloadSrvc/files/shelter/2026/04/202605101005855.jpg
450650202601102,한국 고양이,기타(갈색),개체관리번호 26162 - 2주차,M,제주시 용담일동 서문로55,제주특별자치도,보호중,http://openapi.animal.go.kr/openapi/service/rest/fileDownloadSrvc/files/shelter/2026/04/202605101005436.jpg
450650202601099,한국 고양이,기타(삼색),개체관리번호 26159 - 4주차,F,제주시 이호이동 억삼길10-1 장수렌트카,제주특별자치도,종료(자연사),http://openapi.animal.go.kr/openapi/service/rest/fileDownloadSrvc/files/shelter/2026/04/202605101005158.jpg
450650202601098,한국 고양이,기타(고등어),개체관리번호 26158 - 6주차,M,제주시 용담이동 용한로3 용담탑마트,제주특별자치도,종료(자연사),http://openapi.animal.go.kr/openapi/service/rest/fileDownloadSrvc/files/shelter/2026/04/202605101005116.jpg
450650202601097,한국 고양이,기타(고등어),개체관리번호 26157 - 6주차,M,제주시 용담이동 용한로3 용담탑마트,제주특별자치도,종료(자연사),http://openapi.animal.go.kr/openapi/service/rest/fileDownloadSrvc/files/shelter/2026/04/20260510100518.jpg
450650202601096,한국 고양이,기타(고등어),개체관리번호 26156 - 6주차,F,제주시 용담이동 용한로3 용담탑마트,제주특별자치도,종료(자연사),http://openapi.animal.go.kr/openapi/service/rest/fileDownloadSrvc/files/shelter/2026/04/20260510100578.jpg
450650202601095,한국 고양이,기타(흰검),개체관리번호 26155 - 4주차,F,제주시 삼도일동 서사로10길1,제주특별자치도,보호중,http://openapi.animal.go.kr/openapi/service/rest/fileDownloadSrvc/files/shelter/2026/04/202605101005591.jpg
448535202600333,한국 고양이,흰색/검은색 얼룩무늬,"김해시-317, 3개월미만 추정, 어미잃은 젖먹이 새끼 고양이, 기력저하",Q,김해시 내외동 현대4차A 현대마트 부근,경상남도 김해시,보호중,http://openapi.animal.go.kr/openapi/service/rest/fileDownloadSrvc/files/shelter/2026/05/202605111005385.png
448535202600332,한국 고양이,흰색/검은색 얼룩무늬,"김해시-316, 3개월미만 추정, 어미잃은 젖먹이 새끼 고양이, 기력저하",Q,김해시 내외동 현대4차A 현대마트 부근,경상남도 김해시,보호중,http://openapi.animal.go.kr/openapi/service/rest/fileDownloadSrvc/files/shelter/2026/05/202605111005193.png
448535202600331,한국 고양이,흰색/검은색 얼룩무늬,"김해시-315, 3개월미만 추정, 어미잃은 젖먹이 새끼 고양이 ,기력저하",Q,김해시 내외동 현대4차A 현대마트 부근,경상남도 김해시,보호중,http://openapi.animal.go.kr/openapi/service/rest/fileDownloadSrvc/files/shelter/2026/05/202605111005746.png
448535202600330,한국 고양이,기타(검갈색),"김해시-314, 3개월미만 추정, 어미잃은 젖먹이 새끼 고양이, 눈병심함, 면역력 저하",Q,김해시 관동동 84,경상남도 김해시,종료(자연사),http://openapi.animal.go.kr/openapi/service/rest/fileDownloadSrvc/files/shelter/2026/05/202605111005323.png
448535202600329,한국 고양이,레몬색&흰색,"김해시-313, 3개월미만 추정, 어미잃은 젖먹이 새끼 고양이, 눈병심함, 면역력 저하",Q,김해시 관동동 84,경상남도 김해시,종료(자연사),http://openapi.animal.go.kr/openapi/service/rest/fileDownloadSrvc/files/shelter/2026/05/202605111005294.png
448535202600328,한국 고양이,기타(검갈색),"김해시-312, 3개월미만 추정, 어미잃은 젖먹이 새끼 고양이, 눈병 심함, 면역력 저하",Q,김해시 관동동 84,경상남도 김해시,종료(입양),http://openapi.animal.go.kr/openapi/service/rest/fileDownloadSrvc/files/shelter/2026/05/20260511090562.png
448535202600327,한국 고양이,흰색/검은색 얼룩무늬,"김해시-311, 3개월미만 추정, 어미잃은 젖먹이 새끼 고양이,눈병심함, 면역력 저하",Q,김해시 관동동 84,경상남도 김해시,종료(입양),http://openapi.animal.go.kr/openapi/service/rest/fileDownloadSrvc/files/shelter/2026/05/202605110905436.png
448535202600326,한국 고양이,레몬색&흰색,"김해시-310, 3개월미만 추정, 어미잃은 젖먹이 새끼 고양이, 눈병 심함, 면역력 저하",Q,김해시 관동동 84,경상남도 김해시,종료(입양),http://openapi.animal.go.kr/openapi/service/rest/fileDownloadSrvc/files/shelter/2026/05/202605110905351.png
448535202600325,한국 고양이,기타(검갈색),"김해시-309, 3개월미만 추정, 어미잃은 젖먹이 새끼 고양이, 눈병 심함, 면역력 저하",Q,김해시 율하5로 11,경상남도 김해시,종료(자연사),http://openapi.animal.go.kr/openapi/service/rest/fileDownloadSrvc/files/shelter/2026/05/202605110905126.png
441374202600515,믹스묘,기타(백흑갈색),믹스묘,F,영통구 동탄원천로915번길 36(매탄동),경기도 수원시,보호중,http://openapi.animal.go.kr/openapi/service/rest/fileDownloadSrvc/files/shelter/2026/04/202605110905803.jpg
431369202600264,한국 고양이,평행·전체·부분줄무늬,온순함,F,병영8길,울산광역시 중구,종료(입양),http://openapi.animal.go.kr/openapi/service/rest/fileDownloadSrvc/files/shelter/2026/04/202605111105123.jpg
431369202600263,한국 고양이,평행·전체·부분줄무늬,온순함,F,병영8길,울산광역시 중구,보호중,http://openapi.animal.go.kr/openapi/service/rest/fileDownloadSrvc/files/shelter/2026/04/202605111105848[1].jpg
431369202600262,한국 고양이,흰색/검은색 얼룩무늬,"활발함, 점프 잘함",M,병영8길,울산광역시 중구,보호중,http://openapi.animal.go.kr/openapi/service/rest/fileDownloadSrvc/files/shelter/2026/04/20260511110592[1].jpg
428349202600292,한국 고양이,검정색,어미가 도망가고 없고 너무 어려서 분유로 보호해야 함,M,축항대로86번길47 연안비취맨션 근처,인천광역시 중구,종료(자연사),http://openapi.animal.go.kr/openapi/service/rest/fileDownloadSrvc/files/shelter/2026/05/202605091405664.jpg
428349202600291,한국 고양이,기타(고등어테비),어미가 도망가고 없고 너무 어려서 분유로 보호해야 함,F,축항대로86번길47 연안비취맨션 근처,인천광역시 중구,종료(자연사),http://openapi.animal.go.kr/openapi/service/rest/fileDownloadSrvc/files/shelter/2026/05/202605091405902.jpg
428349202600290,한국 고양이,기타(고등어삼색),어미가 도망가고 없고 너무 어려서 분유로 보호해야 함,F,축항대로86번길47 연안비취맨션 근처,인천광역시 중구,종료(자연사),http://openapi.animal.go.kr/openapi/service/rest/fileDownloadSrvc/files/shelter/2026/05/202605091405145.jpg
427348202600476,한국 고양이,레몬색&흰색,순하며 목청이 좋음 ,M,논공읍 논공로 9길 39,대구광역시 달성군,종료(입양),http://openapi.animal.go.kr/openapi/service/rest/fileDownloadSrvc/files/shelter/2026/04/202605081005463.jpg
427348202600475,한국 고양이,흰색/검은색 얼룩무늬,결막염 약간,Q,하빈면 동곡리 758-1,대구광역시 달성군,보호중,http://openapi.animal.go.kr/openapi/service/rest/fileDownloadSrvc/files/shelter/2026/04/202605080905581[1].jpg
426333202600406,믹스묘,기타(갈색+흰색),"설사 증상, 기력 저하, 흰+갈",M,송정 밀양돼지국밥 인근,부산광역시 해운대구,보호중,http://openapi.animal.go.kr/openapi/service/rest/fileDownloadSrvc/files/shelter/2026/04/20260511180550.jpg
426333202600405,믹스묘,기타(검+갈+흰),"겁 많음, 순함, 삼색",F,재송동 547-1,부산광역시 해운대구,보호중,http://openapi.animal.go.kr/openapi/service/rest/fileDownloadSrvc/files/shelter/2026/04/202605111805685.jpg
426333202600404,믹스묘,기타(검정+흰색),"겁 많음, 순함, 검+흰",M,재송동 547-1,부산광역시 해운대구,보호중,http://openapi.animal.go.kr/openapi/service/rest/fileDownloadSrvc/files/shelter/2026/04/202605111805148[1].jpg
426333202600403,믹스묘,기타(검+갈+흰),"겁 많음, 순함, 검+갈+흰",F,재송동 547-1,부산광역시 해운대구,보호중,http://openapi.animal.go.kr/openapi/service/rest/fileDownloadSrvc/files/shelter/2026/04/202605111805469.jpg
426332202600183,한국 고양이,검은색흰색황토색조합,"심각한안질환으로눈을못뜸,영양상태부족,기력없음,북구2-61",Q,덕천로259번길 30,부산광역시 북구,보호중,http://openapi.animal.go.kr/openapi/service/rest/fileDownloadSrvc/files/shelter/2026/05/202605111505997.jpg
426332202600182,한국 고양이,검정색,"4두동시입소,젖먹이,인공수유,박스채버려짐,북구2-60",Q,덕천로352번길 13,부산광역시 북구,보호중,http://openapi.animal.go.kr/openapi/service/rest/fileDownloadSrvc/files/shelter/2026/05/202605111505150.jpg
426332202600181,한국 고양이,흰색/검은색 얼룩무늬,"4두동시입소,젖먹이,인공수유,박스채버려짐,북구2-59",Q,덕천로352번길 13,부산광역시 북구,보호중,http://openapi.animal.go.kr/openapi/service/rest/fileDownloadSrvc/files/shelter/2026/05/20260511150508.jpg
426332202600180,한국 고양이,흰색/검은색 얼룩무늬,"4두동시입소,젖먹이,인공수유,박스채버려짐,북구2-58",Q,덕천로352번길 13,부산광역시 북구,보호중,http://openapi.animal.go.kr/openapi/service/rest/fileDownloadSrvc/files/shelter/2026/05/202605111505153.jpg
426332202600179,한국 고양이,기타(흰색황토색),"4두동시입소,젖먹이,인공수유,박스채버려짐,북구2-57",Q,덕천로352번길 13,부산광역시 북구,보호중,http://openapi.animal.go.kr/openapi/service/rest/fileDownloadSrvc/files/shelter/2026/05/202605111505757.jpg
411316202600359,한국 고양이,검은색흰색황토색조합,5~6주령 추정,F,오류시장 내,서울특별시 구로구,보호중,http://openapi.animal.go.kr/openapi/service/rest/fileDownloadSrvc/files/shelter/2026/04/202605111805204.jpg
445467202600969,믹스묘,기타(검정),4주추정,F,월명로 324,전북특별자치도 군산시,보호중,http://openapi.animal.go.kr/openapi/service/rest/fileDownloadSrvc/files/shelter/2026/05/202605091405534.jpg
445467202600968,믹스묘,기타(삼색),4주추정,F,월명로 324,전북특별자치도 군산시,보호중,http://openapi.animal.go.kr/openapi/service/rest/fileDownloadSrvc/files/shelter/2026/05/202605091405691.jpg
441406202600470,한국 고양이,기타(갈/흰),코 분홍. 눈곱. 양 후지 마비. 항문 상처 및 파리알. 온순. 털 상태 양호. ,M,경기 파주시 신촌동 63-11,경기도 파주시,보호중,http://openapi.animal.go.kr/openapi/service/rest/fileDownloadSrvc/files/shelter/2026/04/202605091605161.jpg
441393202600543,한국 고양이,기타(흑갈),"겁많음,피부병심함",F,황금로 1422 부근,경기도 안산시,보호중,http://openapi.animal.go.kr/openapi/service/rest/fileDownloadSrvc/files/shelter/2026/04/202605091005670.jpg
441382202600382,페르시안,기타(갈/흰),코 갈색. 눈곱. 콧물. 기력없음. 저체온. 기립불능. 털 상태 불량. ,M,경기 의정부시 흥선로16번길 12-8 (가능동) 인근,경기도 의정부시,종료(자연사),http://openapi.animal.go.kr/openapi/service/rest/fileDownloadSrvc/files/shelter/2026/05/202605091605463.jpg
441382202600381,페르시안,기타(갈/흰),코 분홍. 눈곱. 엉덩이 미용. 부분적 털 뭉침. 온순. 털 상태 양호. ,M,"경기 의정부시 경의로86번길 13 (의정부동, 승원빌라) 인근",경기도 의정부시,종료(입양),http://openapi.animal.go.kr/openapi/service/rest/fileDownloadSrvc/files/shelter/2026/05/202605091605162.jpg
411315202600362,한국 고양이,기타(갈/검/흰),코 분홍. 눈곱. 콧물. 털 상태 양호. ,F,서울 강서구 화곡동 111-16 인근,서울특별시 강서구,보호중,http://openapi.animal.go.kr/openapi/service/rest/fileDownloadSrvc/files/shelter/2026/05/202605091605166.jpg
411315202600361,한국 고양이,기타(검/흰),코 분홍/검정. 심한 눈곱. 콧물. 좌후지 절단. 우 안 못뜸.  털 상태 양호. ,M,서울 강서구 화곡동 111-16 인근,서울특별시 강서구,종료(자연사),http://openapi.animal.go.kr/openapi/service/rest/fileDownloadSrvc/files/shelter/2026/05/202605091605766.jpg
411310202600311,한국 고양이,기타(주/흰),경계. 예민. 코 분홍. 눈곱. 콧물. 우측 윗 송곳니 깨짐. 이표. 구강출혈. 털 때탐. ,M,서울 노원구 동부간선도로 의정부 방향,서울특별시 노원구,보호중,http://openapi.animal.go.kr/openapi/service/rest/fileDownloadSrvc/files/shelter/2026/04/202605091605776.jpg
411310202600310,한국 고양이,기타(검/흰),포유기. 코 분홍. 눈 못뜸. 탯줄 있음. 저체온. 털 상태 양호. ,F,서울 노원구 노원로1길 78-8 (공릉동) 인근,서울특별시 노원구,종료(자연사),http://openapi.animal.go.kr/openapi/service/rest/fileDownloadSrvc/files/shelter/2026/04/202605091605843.jpg
411307202600217,한국 고양이,기타(주/흰),코 회색. 눈곱. 콧물. 기력없음. 기립불능. 저체온. 털 상태 양호. ,M,"서울 성북구 선잠로5길 92 (성북동, 성북SUNhouse) 인근",서울특별시 성북구,종료(자연사),http://openapi.animal.go.kr/openapi/service/rest/fileDownloadSrvc/files/shelter/2026/04/202605091605659.jpg
469569202600454,한국 고양이,기타(갈색),아름119안전센터인계(25일추정),M,세종특별자치시 보듬3로 119,세종특별자치시,보호중,http://openapi.animal.go.kr/openapi/service/rest/fileDownloadSrvc/files/shelter/2026/04/202605082205904.jpeg
469569202600453,한국 고양이,레몬색&흰색,아름119안전센터인계(25일추정),F,세종특별자치시 보듬3로 119 ,세종특별자치시,보호중,http://openapi.animal.go.kr/openapi/service/rest/fileDownloadSrvc/files/shelter/2026/04/202605082205639.jpeg
448541202600788,한국 고양이,레몬색&흰색,피부상해,M,창녕읍 담안길,경상남도 창녕군,종료(방사),http://openapi.animal.go.kr/openapi/service/rest/fileDownloadSrvc/files/shelter/2026/04/202605082105922.png
447518202600109,믹스묘,기타(노랑),애교가많고 온순하나 오른쪽 눈 치료중,M,휘게우싸롱,경상북도 영덕군,보호중,http://openapi.animal.go.kr/openapi/service/rest/fileDownloadSrvc/files/shelter/2026/05/202605081305438.jpg
447518202600108,믹스묘,기타(노랑),"애교가많음,온순함",F,휘게우싸롱,경상북도 영덕군,보호중,http://openapi.animal.go.kr/openapi/service/rest/fileDownloadSrvc/files/shelter/2026/05/202605081305363.jpg
447518202600107,믹스묘,기타(노랑),"애교가많음,온순함",F,휘게우싸롱앞,경상북도 영덕군,보호중,http://openapi.animal.go.kr/openapi/service/rest/fileDownloadSrvc/files/shelter/2026/05/202605081305863.jpg
447505202600391,한국 고양이,평행·전체·부분줄무늬,왼쪽 뒷다리 골절. 예민하여 냥냥펀치 엄청 날림,M,외동읍 관문로 부근,경상북도 경주시,보호중,http://openapi.animal.go.kr/openapi/service/rest/fileDownloadSrvc/files/shelter/2026/05/202605081505444.jpg
447505202600390,한국 고양이,레몬색&흰색,순한듯 앙칼진 치즈냥계의 공주! 바보같은 매력을 가지고 있어요,F,원효로 202 부근,경상북도 경주시,보호중,http://openapi.animal.go.kr/openapi/service/rest/fileDownloadSrvc/files/shelter/2026/05/202605121605527[1].jpg
447505202600389,한국 고양이,레몬색&흰색,완벽한 치즈냥에 뚜렷한 눈코입! 아직 낯설어 하악질을 하지만 저를 개냥이로 만들어 주실 분 구해요~!,M,원효로 202 부근,경상북도 경주시,보호중,http://openapi.animal.go.kr/openapi/service/rest/fileDownloadSrvc/files/shelter/2026/05/202605121605135.jpg
447502202600264,한국 고양이,레몬색&흰색,"온순하며 사람 좋아함,눈 주변 괴사 및 각막궤양 약이랑 주사 처방 완료,안연고 바르면서 치료 후 방사예정",M,경상북도 포항시 남구 괴동로 153,경상북도 포항시,종료(자연사),http://openapi.animal.go.kr/openapi/service/rest/fileDownloadSrvc/files/shelter/2026/05/202605081205879.jpg
445478202600302,한국 고양이,검은색흰색황토색조합,길고양이 새끼,F,고창읍,전북특별자치도 고창군,종료(방사),http://openapi.animal.go.kr/openapi/service/rest/fileDownloadSrvc/files/shelter/2026/04/202605082305309.jpg
445478202600301,한국 고양이,검정색,길고양이 새끼,M,고창읍,전북특별자치도 고창군,종료(방사),http://openapi.animal.go.kr/openapi/service/rest/fileDownloadSrvc/files/shelter/2026/04/202605082305262.jpg
445469202600602,믹스묘,기타(흰색),"생후 1개월 추정, 애교가 많고 사람을 좋아함",M,벚꽃로 511,전북특별자치도 정읍시,보호중,http://openapi.animal.go.kr/openapi/service/rest/fileDownloadSrvc/files/shelter/2026/04/202605081505541.jpg
443571202601109,한국 고양이,평행·전체·부분줄무늬,"입양전제임보중, 수유묘, 등에 제일 큰 반점 있는 아이",M,남이면 부용외천3길 102-4,충청북도 청주시,종료(입양),http://openapi.animal.go.kr/openapi/service/rest/fileDownloadSrvc/files/shelter/2026/05/202605081205331.jpeg
443571202601108,한국 고양이,평행·전체·부분줄무늬,등에 반점이 큰 아이/ 단체기증예정,F,남이면 부용외천3길 102-4,충청북도 청주시,종료(기증),http://openapi.animal.go.kr/openapi/service/rest/fileDownloadSrvc/files/shelter/2026/05/202605081205474.jpeg
443571202601107,한국 고양이,평행·전체·부분줄무늬,등에 반점이 작은 아이/ 단체기증예정,F,남이면 부용외천3길 102-4,충청북도 청주시,종료(기증),http://openapi.animal.go.kr/openapi/service/rest/fileDownloadSrvc/files/shelter/2026/05/202605081205271.jpeg
443571202601106,한국 고양이,평행·전체·부분줄무늬,"입양전제임보 가능, 수유묘, 등털 하얀 아이",M,남이면 부용외천3길 102-4,충청북도 청주시,종료(자연사),http://openapi.animal.go.kr/openapi/service/rest/fileDownloadSrvc/files/shelter/2026/05/202605081205580.jpeg
443443202600323,한국 고양이,검은색흰색황토색조합,[관리번호165]옥천읍 죽향리 아파트단지 안에서 관리번호 161~164와 함께 발견,M,옥천읍,충청북도 옥천군,보호중,http://openapi.animal.go.kr/openapi/service/rest/fileDownloadSrvc/files/shelter/2026/04/202605081805761.jpeg
443443202600322,한국 고양이,검은색흰색황토색조합,"[관리번호164]옥천읍 죽향리 아파트단지 안에서 관리번호 161~163, 165와 함께 발견",M,옥천읍,충청북도 옥천군,보호중,http://openapi.animal.go.kr/openapi/service/rest/fileDownloadSrvc/files/shelter/2026/04/202605081805420.jpeg
443443202600321,한국 고양이,평행·전체·부분줄무늬,"[관리번호163]옥천읍 죽향리 아파트단지 안에서 관리번호 161, 162, 164, 165와 함께 발견",M,옥천읍,충청북도 옥천군,보호중,http://openapi.animal.go.kr/openapi/service/rest/fileDownloadSrvc/files/shelter/2026/04/202605081805740.jpeg
443443202600320,한국 고양이,검은색흰색황토색조합,"[관리번호162]옥천읍 죽향리 아파트단지 안에서 관리번호 161, 163~165와 함께 발견",M,옥천읍,충청북도 옥천군,보호중,http://openapi.animal.go.kr/openapi/service/rest/fileDownloadSrvc/files/shelter/2026/04/202605081705697.jpeg
443443202600319,한국 고양이,검은색흰색황토색조합,[관리번호161]옥천읍 죽향리 아파트단지 안에서 관리번호 162~165와 함께 발견,F,옥천읍,충청북도 옥천군,보호중,http://openapi.animal.go.kr/openapi/service/rest/fileDownloadSrvc/files/shelter/2026/04/202605081705386.jpeg
442430202600068,한국 고양이,흰색/검은색 얼룩무늬,호흡이 불안정하며 좋지않음,Q,동송읍 금학로 192,강원특별자치도 철원군,종료(자연사),http://openapi.animal.go.kr/openapi/service/rest/fileDownloadSrvc/files/shelter/2026/05/202605081805414.jpg
441570202600196,한국 고양이,기타(황갈색흰색),"야윔, 포유",Q,오학동 여양로,경기도 여주시,보호중,http://openapi.animal.go.kr/openapi/service/rest/fileDownloadSrvc/files/shelter/2026/05/202605082205932.jpg
441570202600195,한국 고양이,기타(삼색),"야윔, 포유",F,오학동 여양로,경기도 여주시,보호중,http://openapi.animal.go.kr/openapi/service/rest/fileDownloadSrvc/files/shelter/2026/05/202605082205680.jpg
441570202600194,한국 고양이,평행·전체·부분줄무늬,"야윔, 포유",Q,오학동 여양로,경기도 여주시,보호중,http://openapi.animal.go.kr/openapi/service/rest/fileDownloadSrvc/files/shelter/2026/05/20260508210529[1].jpg
441570202600193,한국 고양이,평행·전체·부분줄무늬,"야윔, 포유",Q,오학동 여양로,경기도 여주시,보호중,http://openapi.animal.go.kr/openapi/service/rest/fileDownloadSrvc/files/shelter/2026/05/202605082105506.jpg
441570202600189,한국 고양이,기타(삼색),몸을 가누지 못함,F,대신면 가산리,경기도 여주시,종료(자연사),http://openapi.animal.go.kr/openapi/service/rest/fileDownloadSrvc/files/shelter/2026/05/202605082105751.jpg
441570202600188,한국 고양이,평행·전체·부분줄무늬,"야윔, 좌측 전지 부상",F,천송동 소지개길,경기도 여주시,보호중,http://openapi.animal.go.kr/openapi/service/rest/fileDownloadSrvc/files/shelter/2026/05/202605082105870.jpg
441554202600969,한국 고양이,기타(삼색),"5-28, 교통사고, 후지마비, 기립 보행 불가능",F,광주시 남한산성로 일대,경기도 광주시,종료(자연사),http://openapi.animal.go.kr/openapi/service/rest/fileDownloadSrvc/files/shelter/2026/04/202605081905470.jpg
441554202600968,한국 고양이,기타(노랑색),"5-27, 3주령 젖먹이, 3일동안 길가에 새끼들만 방치됨, 눈꼽, 야윔",F,광주시 퇴촌면 관음리 일대,경기도 광주시,보호중,http://openapi.animal.go.kr/openapi/service/rest/fileDownloadSrvc/files/shelter/2026/04/202605081905167.jpg
441554202600967,한국 고양이,기타(노랑색),"5-26, 3주령 젖먹이, 3일동안 길가에 새끼들만 방치됨, 눈꼽, 야윔",M,광주시 퇴촌면 관음리 일대,경기도 광주시,보호중,http://openapi.animal.go.kr/openapi/service/rest/fileDownloadSrvc/files/shelter/2026/04/202605081905313.jpg
441554202600966,한국 고양이,기타(노랑색),"5-25, 3주령 젖먹이, 3일동안 길가에 새끼들만 방치됨, 눈꼽, 야윔",M,광주시 퇴촌면 관음리 일대,경기도 광주시,보호중,http://openapi.animal.go.kr/openapi/service/rest/fileDownloadSrvc/files/shelter/2026/04/202605081905208[1].jpg
441553202601610,한국 고양이,레몬색&흰색,길가에 버려져 있었다고 함/ 많이 수척해 보임,Q,향남읍행정복지센터 인근,경기도 화성시,종료(자연사),http://openapi.animal.go.kr/openapi/service/rest/fileDownloadSrvc/files/shelter/2026/04/202605081505300.jpg
441553202601604,한국 고양이,레몬색&흰색,어미가 버리고 가서 구조됨/몹시 허약한 상태임,Q,비봉면 쌍학길 인근,경기도 화성시,종료(자연사),http://openapi.animal.go.kr/openapi/service/rest/fileDownloadSrvc/files/shelter/2026/04/202605081405734.jpg
441553202601603,한국 고양이,레몬색&흰색,어미가 버리고 가서 구조되었음/몹시 허약한 상태임,Q,비봉면 쌍학길 인근,경기도 화성시,종료(자연사),http://openapi.animal.go.kr/openapi/service/rest/fileDownloadSrvc/files/shelter/2026/04/202605081405771.jpg
441553202601602,한국 고양이,검은색흰색황토색조합,하악하며 성격이 있어 보임/ 건강상태는 양호함/두마리 함께 구조됨,Q,동탄순환대로 인근,경기도 화성시,종료(기증),http://openapi.animal.go.kr/openapi/service/rest/fileDownloadSrvc/files/shelter/2026/04/202605081105479.jpg
441553202601601,한국 고양이,검은색흰색황토색조합,한쪽 눈을 계속 깜빡임/상처가 있어 보임/두마리 함께 구조됨,Q,동탄순환대로 인근,경기도 화성시,종료(기증),http://openapi.animal.go.kr/openapi/service/rest/fileDownloadSrvc/files/shelter/2026/04/202605081105648.jpg
441553202601600,한국 고양이,평행·전체·부분줄무늬,★수유임보시급★주차장에 홀로 남겨져 있다가 구조됨/ 아직 눈도 못뜬 새끼고양이,Q,팔탄면 노하길 인근,경기도 화성시,종료(자연사),http://openapi.animal.go.kr/openapi/service/rest/fileDownloadSrvc/files/shelter/2026/04/202605081105726.jpg
441408202600899,한국 고양이,레몬색&흰색,"3마리 같이 들어옴, 시청에서 구조",M,범티길 71,경기도 안성시,종료(자연사),http://openapi.animal.go.kr/openapi/service/rest/fileDownloadSrvc/files/shelter/2026/04/202605081705105.jpg
441408202600898,한국 고양이,레몬색&흰색,"3마리 같이 들어옴, 시청에서 구조",M,범티길 71,경기도 안성시,보호중,http://openapi.animal.go.kr/openapi/service/rest/fileDownloadSrvc/files/shelter/2026/04/202605081705903.jpg
441408202600897,한국 고양이,흰색/검은색 얼룩무늬,"3마리 같이 들어옴, 시청에서 구조",F,범티길 71,경기도 안성시,보호중,http://openapi.animal.go.kr/openapi/service/rest/fileDownloadSrvc/files/shelter/2026/04/202605081705117.jpg
441408202600896,한국 고양이,검은색흰색황토색조합,신고자가 길고양이가 길가에 있다고 센터로 직접 데려오심,F,구포동 눈꽃방수 앞 차로,경기도 안성시,종료(입양),http://openapi.animal.go.kr/openapi/service/rest/fileDownloadSrvc/files/shelter/2026/04/202605081705100.jpg
441407202600515,먼치킨,흰색,"야윔, 매우온순",F,모가면 신갈리,경기도 이천시,보호중,http://openapi.animal.go.kr/openapi/service/rest/fileDownloadSrvc/files/shelter/2026/05/202605082105985.jpg
441407202600507,한국 고양이,기타(삼색),"야윔, 포유",F,갈산동 안흥로,경기도 이천시,보호중,http://openapi.animal.go.kr/openapi/service/rest/fileDownloadSrvc/files/shelter/2026/05/202605082105120.jpg
441401202600431,페르시안,기타(흰색),"미용흔적 있음, 겁이 있어 적응할 시간이 필요한 아이",F,정왕동 1179-7,경기도 시흥시,보호중,http://openapi.animal.go.kr/openapi/service/rest/fileDownloadSrvc/files/shelter/2026/04/202605081405941.jpg
441401202600430,레그돌,"기타(흰,갈)","3개월령 추정, 순하고 귀여운 꼬마 냥냥이, 털 관리가 잘되어 있음",M,봉우재로 51번길 24,경기도 시흥시,종료(입양),http://openapi.animal.go.kr/openapi/service/rest/fileDownloadSrvc/files/shelter/2026/04/202605081405970.jpg
